SPECID,CATAID_1,Z_x,BPT,WHAN,mass_stellar_percentile50,CATAID_x,HB_REDCHI_EMB,HB_REDCHI_EMABS,HB_FITFAIL_x,HB_MODSEL_EM_LINE_x,HB_MODSEL_EMB_EM,HB_MODSEL_NABS_N,HB_CEN_x,SIG_HB_N,SIG_HB_N_ERR,HB_N_FLUX,HB_N_FLUX_ERR,SIG_HB_B,SIG_HB_B_ERR,HB_B_FLUX,HB_B_FLUX_ERR,HA_REDCHI_EMB,HA_REDCHI_EMABS,HA_FITFAIL_x,HA_MODSEL_EM_LINE_x,HA_MODSEL_EMB_EM,HA_MODSEL_NABS_N,HA_CEN_x,SIG_HA_N,SIG_HA_N_ERR,HA_N_FLUX,HA_N_FLUX_ERR,SIG_HA_B,SIG_HA_B_ERR,HA_B_FLUX,HA_B_FLUX_ERR,CATAID_y,Z_y,HB_REDCHI_ABS,HB_REDCHI_EM,HB_FITFAIL_y,HB_MODSEL_EM_LINE_y,HB_MODSEL_ABS_LINE,HB_MODSEL_EM_ABS,HB_CEN_y,SIG_HB,SIG_HB_ERR,HA_REDCHI_ABS,HA_REDCHI_EM,HA_FITFAIL_y,HA_MODSEL_EM_LINE_y,HA_MODSEL_ABS_LINE,HA_MODSEL_EM_ABS,HA_CEN_y,SIG_HA,SIG_HA_ERR,VEL_B_HA,VEL_B_HA_ERR,BLR_HA
1031470589610584064,463453,0.13956514,AGNXY,sAGN,10.45,463453,0.9790536,1.631088,0.0,201,201,0,5650.909921816167,2.1552784,0.44990358,34.79569,9.888581,40.103405,2.747301,490.36377,44.02613,1.3984905,5.9675612,0.0,201,201,0,7478.737917396927,3.2299314,0.1491051,188.53032,11.851646,50.51972,1.4670792,1433.2244,56.471775,463453,0.13956514,9.926667,1.6178629,0.0,201,0,201,5650.909921816167,9.31396,-0.0,31.347218,5.881758,0.0,201,0,201,7478.737917396927,3.160522,0.12968345,3.306453323581249,1.769445948504405,True
1032601712566757376,485402,0.2773409,AGNXY,sAGN,11.32,485402,1.619242,1.491447,0.0,201,0,201,6334.116443989265,2.8428345,0.242254,123.067184,13.668321,-99999.0,-99999.0,-99999.0,-99999.0,1.9129823,2.472826,0.0,201,201,0,8382.932568078362,3.3936715,0.5258707,689.5441,110.25183,24.510117,5.876408,966.30426,401.01358,485402,0.2773409,4.5568266,1.6065916,0.0,201,0,201,6334.116443989265,2.2793286,0.23163962,34.622402,2.435359,0.0,201,0,201,8382.932568078362,4.5145392,0.08595332,2.9427701145785585,2.3225366715041447,True
1034794413781444608,492762,0.093234986,UNCXY,sAGN,10.88,492762,3.6026523,13.589684,0.0,201,201,0,5421.166516362106,8.935291,-0.0,1043.9971,59.677284,28.946468,0.45359343,5883.253,152.08485,1.5413079,18.211254,0.0,201,201,0,7174.682333178914,7.1757445,0.18229313,3622.9316,143.87276,31.89552,0.3822814,15041.947,438.41458,492762,0.093234986,45.32076,17.104176,0.0,201,0,201,5421.166516362106,8.935291,-0.0,310.01462,17.935326,0.0,201,0,201,7174.682333178914,7.0887394,0.1328604,3.124747712901222,1.2034011937773512,True
1034872204229109760,493251,0.13818395,AGNXY,sAGN,10.54,493251,1.3179333,1.4102334,0.0,201,201,0,5644.06082778892,2.975646,0.22010976,198.73398,18.998428,16.206886,2.8305073,172.93001,46.337955,1.4530264,3.405288,0.0,201,201,1,7469.673433993352,3.7905443,0.09498751,1074.7875,35.23445,18.978285,0.38923484,1894.0388,85.05371,493251,0.13818395,13.546291,1.4134401,0.0,201,0,201,5644.06082778892,3.7359145,0.18719058,116.76836,3.354546,0.0,201,0,201,7469.673433993352,5.510159,0.06407753,2.881776051799758,1.1937307941575723,True
317525791778826240,53744,0.13478902,UNCXY,SFG,10.39,53744,1.4498295,5.4260488,0.0,201,201,0,5627.2259132021845,3.760481,0.32077363,211.85117,23.654774,34.747116,0.8940492,2301.8708,80.01841,1.7914364,19.669172,0.0,201,201,0,7447.393143598016,6.011727,0.13610794,1338.2615,44.326565,41.7911,0.8522567,5853.4565,265.33734,53744,0.13478902,29.979324,6.154282,0.0,201,0,201,5627.2259132021845,9.274923,-0.0,201.24815,156.16548,0.0,201,0,201,7447.393143598016,2.9447362,0.1835829,3.2259002248537985,1.5353868464358893,True
318692373649451008,559141,0.1715477,AGNXY,sAGN,11.11,559141,2.7925632,4.989352,0.0,201,201,0,5809.505951209972,2.5235078,0.31389463,147.45676,24.331669,94.994545,-0.0,4175.1704,139.58543,2.537499,16.171242,0.0,201,201,200,7688.632988276917,3.5060713,0.1415891,519.3412,28.946781,95.84658,3.5694852,12495.988,600.7425,559141,0.1715477,40.3724,4.9907584,0.0,201,0,201,5809.505951209972,9.575361,-0.0,47.022957,16.180008,0.0,201,0,201,7688.632988276917,3.4111683,0.12564662,3.572548193268446,2.143577157886345,True
318699525491419136,30518,0.22300434,UNCXY,sAGN,10.66,30518,1.2369167,2.9156437,0.0,201,201,0,6064.670703495271,9.99593,-0.0,152.69687,22.55152,47.558193,2.1484272,1476.6427,89.965645,1.2687134,7.4352074,0.0,201,201,0,8026.33263921843,8.081858,0.93969476,330.7244,53.841114,42.486797,0.9722226,3888.185,165.60464,30518,0.22300434,6.0382357,3.382763,0.0,201,0,201,6064.670703495271,9.99593,-0.0,58.70487,7.3225527,0.0,201,0,201,8026.33263921843,6.805308,0.37138247,3.2005575401556063,1.5600692608164746,True
319914760449583104,7618,0.22874618,UNCXY,sAGN,10.59,7618,1.3582518,1.9760586,0.0,201,201,0,6093.143475682382,2.3795552,0.19217008,81.18384,8.510061,30.47479,1.9860593,303.50198,28.61067,1.6228863,5.060211,0.0,201,201,0,8064.015137066621,2.7636964,0.08482337,297.57016,13.289721,27.010128,0.5582137,1065.5078,35.114803,7618,0.22874618,9.072477,2.026287,0.0,201,0,201,6093.143475682382,4.9433837,0.2483668,53.091614,4.9835415,0.0,201,0,201,8064.015137066621,4.387919,0.08415088,3.001796010903803,1.3170698595930108,True
320958471644145664,692601,0.25979796,AGNXY,sAGN,10.46,692601,9.9056,38.614193,0.0,201,201,0,6247.124017421664,3.0800297,0.13556752,250.0601,14.885409,42.920147,0.37726837,4138.821,50.404377,1.7046248,103.02705,0.0,201,201,0,8267.801807174568,4.732475,0.10924053,1238.4523,40.179237,51.964375,0.29674968,13738.114,133.07181,692601,0.25979796,157.9365,42.095146,0.0,201,0,201,6247.124017421664,10.296654,-0.0,405.72653,330.31955,0.0,201,0,201,8267.801807174568,3.2691298,0.32710254,3.2751363537913774,1.0318209049073137,True
320971116027865088,22727,0.19701257,SFGXY,sAGN,10.92,22727,1.4424404,1.9486188,0.0,201,201,0,5935.781984212118,7.20549,0.8550138,292.93576,51.193348,20.181038,1.1676825,941.907,118.876755,1.8256913,3.0567148,0.0,201,201,0,7855.753924398315,10.183089,0.27873018,1648.9434,61.237106,30.557224,0.77291983,2002.7783,108.36795,22727,0.19701257,14.051864,2.2240782,0.0,201,0,201,5935.781984212118,9.783492,-0.0,115.46397,3.7379026,0.0,201,0,201,7855.753924398315,9.671441,0.1947795,3.0667467296864865,1.4697672815675609,True
321040660138321920,23104,0.07804239,AGNXY,sAGN,10.43,23104,1.7611713,3.3952038,0.0,201,201,0,5345.829001246087,1.8106875,-0.0,0.0,-0.0,56.27123,2.420459,2650.6382,139.39589,1.6052508,25.434134,0.0,201,201,0,7074.976349771632,6.1684847,0.57295597,394.28586,47.78425,53.802517,0.8082179,8795.523,178.21346,23104,0.07804239,17.477703,3.8064978,0.0,201,0,201,5345.829001246087,8.811118,-0.0,95.97726,25.06067,0.0,201,0,201,7074.976349771632,4.272404,0.28598803,3.357898303880673,1.5346241752355994,True
323152548657653760,55958,0.15719196,AGNXY,sAGN,10.97,55958,3.0049102,3.0087025,0.0,201,0,0,5738.318326227837,2.2291784,0.30047822,176.01129,30.403437,9.458028,-0.0,72.973564,40.17829,1.2155191,3.7712152,0.0,201,201,0,7594.419207209917,3.1383004,0.12520161,1043.4305,52.254032,24.55383,0.65653396,3055.3674,175.7343,55958,0.15719196,35.252457,2.992659,0.0,201,0,201,5738.318326227837,2.478594,0.23474161,75.23668,3.7140803,0.0,201,0,201,7594.419207209917,4.4391623,0.093065076,2.9864453813292977,1.4135833320827587,True
323178112302999552,561225,0.25329715,UNCXY,sAGN,10.75,561225,1.569027,2.1041684,0.0,201,201,0,6214.887584671353,2.355447,0.5738558,20.305595,6.5114913,39.257244,2.1950865,404.3872,29.780369,1.4776113,2.775673,0.0,201,201,0,8225.138265326095,3.178878,0.31529135,80.26018,10.3814,32.77706,0.7947899,1127.1494,41.94799,561225,0.25329715,7.5596046,2.3111231,0.0,201,0,201,6214.887584671353,10.243521,-0.0,34.38518,2.7334037,0.0,201,0,201,8225.138265326095,4.810165,0.22947598,3.0772474918362596,1.46192983527703,True
323243533244852224,751044,0.29325515,AGNXY,sAGN,10.75,751044,1.8174736,7.6201596,0.0,201,201,0,6413.032497452571,2.10266,0.33441496,22.767824,5.082551,55.699673,1.3596759,869.5188,27.329723,1.6213193,9.784187,0.0,201,201,200,8487.374594140187,4.8633876,0.31530488,152.58945,13.228274,57.638447,1.2232409,2504.8582,72.068375,751044,0.29325515,20.71258,7.5604715,0.0,201,0,201,6413.032497452571,10.570107,-0.0,51.36332,10.036207,0.0,201,0,201,8487.374594140187,5.0779953,0.22058474,3.3087596032904725,1.6355593261606187,True
324318855230941184,537289,0.25738645,UNCXY,sAGN,10.94,537289,1.2117143,1.9547498,0.0,201,201,0,6235.165696781846,3.5701494,0.41008264,109.73833,16.437958,30.077848,1.5679035,738.1007,53.971584,1.3386958,2.9888763,0.0,201,201,0,8251.975480576773,4.389986,0.21139728,488.79987,30.979677,31.647163,0.8734291,2180.7578,115.22621,537289,0.25738645,11.530187,1.9394385,0.0,201,0,201,6235.165696781846,10.276943,-0.0,47.51922,2.9530869,0.0,201,0,201,8251.975480576773,4.9277825,0.14605245,3.0605975579670797,1.5014904312584372,True
340062482116667392,47319,0.14519,UNCXY,sAGN,10.83,47319,1.1146885,1.4009945,0.0,201,201,0,5678.802607078463,1.5043633,0.172505,103.974625,14.820197,92.85734,-0.0,978.36615,95.3347,2.1135218,4.235732,0.0,201,201,0,7515.652694977048,3.6149378,0.07309896,872.55084,24.35375,42.03735,1.9438382,1320.5999,93.60769,47319,0.14519,3.5179212,1.3903054,0.0,201,0,201,5678.802607078463,1.6451797,0.17911226,57.89352,4.7142105,0.0,201,0,201,7515.652694977048,4.0229554,0.06281809,3.224489330823445,1.8895141127312098,True
340163637186422784,617634,0.13576049,AGNXY,sAGN,10.9,617634,1.9355563,2.0427647,0.0,201,201,0,5632.043289388222,4.3818355,0.8878926,84.275986,22.084425,28.730556,4.2606816,326.2185,67.64794,1.7926136,6.068843,0.0,201,201,0,7453.768735218365,5.2440267,0.2219583,455.1584,26.470884,36.660133,0.8199468,2510.379,87.56784,617634,0.13576049,15.1929865,2.0262017,0.0,201,0,201,5632.043289388222,9.282864,-0.0,47.905643,6.229508,0.0,201,0,201,7453.768735218365,5.5299993,0.1966276,3.1686388251779776,1.5182304642547242,True
345696929033775104,594304,0.103977285,UNCXY,sAGN,10.59,594304,1.4526541,5.7731633,0.0,201,201,0,5474.435777620177,9.023091,-0.0,251.87825,36.098537,44.579296,1.2492015,3568.8254,137.74464,1.6449745,18.85888,0.0,201,201,0,7245.181925194071,2.7204297,0.30620524,295.51056,43.831917,35.62682,0.30108285,10820.591,149.5302,594304,0.103977285,14.480492,6.6387725,0.0,201,0,201,5474.435777620177,9.023091,-0.0,134.14844,18.749182,0.0,201,0,201,7245.181925194071,5.3954597,0.2055376,3.168548467493173,1.0954574262695111,True
345714521219819520,64474,0.1378672,AGNXY,sAGN,10.64,64474,1.4666511,1.8083377,0.0,201,201,0,5642.490116017201,2.2316222,1.8808831,11.116711,12.173881,42.033466,3.8471591,564.10864,64.701416,1.4048195,6.8433833,0.0,201,201,201,7467.594664052409,5.2056456,0.33870175,321.43314,28.194021,36.24531,0.6490831,3348.4468,101.953064,64474,0.1378672,13.260242,1.904732,0.0,201,0,201,5642.490116017201,9.300082,-0.0,90.238655,7.553048,0.0,201,0,201,7467.594664052409,4.434828,0.2463286,3.1628917847708684,1.4159402678906672,True
346779398214543360,513244,0.11945295,AGNXY,sAGN,11.11,513244,2.4739795,2.440492,0.0,201,0,0,5551.17696872115,4.710223,0.27629104,1220.3878,414.1716,-99999.0,-99999.0,-99999.0,-99999.0,7.272017,7.294848,0.0,201,200,0,7346.745613813019,5.5137615,0.13686995,3407.1067,121.02645,17.099678,1.0176513,1800.247,402.7352,513244,0.11945295,109.35298,2.4567997,0.0,201,0,201,5551.17696872115,4.96891,0.1269306,187.41817,7.327157,0.0,201,0,201,7346.745613813019,5.900237,0.06929226,2.843713632944596,1.6183246922978023,True
346920960336619520,107713,0.2963834,AGNXY,sAGN,10.97,107713,1.5077317,3.0076485,0.0,201,201,0,6428.545087954553,1.003665,-0.0,7.293036,3.8416586,39.116158,1.3955646,425.94724,19.95885,1.0361865,3.0178907,0.0,201,201,0,8507.904845089037,4.0136914,0.6331561,63.44563,13.8247595,39.39647,0.94701546,1375.1549,55.01694,107713,0.2963834,9.707936,3.4336627,0.0,201,0,201,6428.545087954553,10.595675,-0.0,28.795742,2.972165,0.0,201,0,201,8507.904845089037,7.178469,0.5201807,3.142455388889621,1.52335514785334,True
346927282528479232,619960,0.08045285,SFGXY,SFG,10.31,619960,2.5577142,3.798077,0.0,201,201,0,5357.782085715991,5.1733103,0.1867118,926.7202,44.132393,20.508274,0.78524184,1531.8867,103.471016,2.9722114,10.113316,0.0,201,201,200,7090.795746522199,6.683551,0.10667897,3974.991,86.44331,24.666128,0.37126037,5054.12,173.27257,619960,0.08045285,43.75316,3.7681708,0.0,201,0,201,5357.782085715991,8.83082,-0.0,220.81297,10.25934,0.0,201,0,201,7090.795746522199,7.258565,0.07022826,3.018226708271308,1.1958043205719413,True
372819143939876864,185507,0.15037559,UNCXY,UNC,11.03,185507,4.3498063,4.50219,0.0,201,201,0,5704.517109575027,3.2732887,0.30261755,403.29822,46.98003,14.628923,0.7061572,1280.7697,129.07085,2.5159378,7.881663,0.0,201,201,0,7549.684740702215,3.9196281,0.09120062,2391.1597,75.069405,21.589445,0.2972905,6019.3184,164.15497,185507,0.15037559,14.933522,4.5082912,0.0,201,0,201,5704.517109575027,6.5033307,0.23740117,121.12077,8.6191225,0.0,201,0,201,7549.684740702215,5.617481,0.063085765,2.9331333642306263,1.0720729175905126,True
372842508561967104,144673,0.08336702,AGNXY,sAGN,10.27,144673,2.0842102,5.926351,0.0,201,201,0,5372.23295492219,2.877856,0.25107667,268.08884,30.858065,25.842083,0.53906775,3014.3804,91.599815,1.2435876,12.501485,0.0,201,201,0,7109.920854684781,3.7129934,0.20304869,906.79663,64.36112,27.935642,0.21718706,11949.01,198.64107,144673,0.08336702,43.109802,6.679159,0.0,201,0,201,5372.23295492219,8.854638,-0.0,210.01791,12.312068,0.0,201,0,201,7109.920854684781,5.277489,0.113326475,3.0711145930990273,0.9617898830279241,True
4240324954094567424,3633894,0.29608425,AGNXY,sAGN,11.59,3633894,1.0934625,1.0400926,0.0,201,0,21,6427.061569354479,1.3189906,0.41334727,18.861364,8.255068,-99999.0,-99999.0,-99999.0,-99999.0,1.1773614,1.3120677,0.0,201,201,10,8505.94147158653,2.190724,0.35360008,50.098877,10.787051,19.092781,1.9222912,388.41223,51.119884,3633894,0.29608425,1.8349162,1.0849198,0.0,201,201,201,6427.061569354479,1.0034333,-0.0,10.870336,1.3351051,0.0,201,0,201,8505.94147158653,6.966957,0.4327709,2.82796750396656,1.8309174906742092,True
4250438536824094720,789312,0.23864505,SFGX,SFG,10.44,789312,6.375734,7.3095117,0.0,0,201,0,6142.230348687742,0.95896375,-0.0,0.0,-0.0,31.157425,2.1329846,76.28401,6.8182964,12.243488,14.375271,0.0,201,201,0,8128.979516869306,8.495917,0.13393846,275.85962,5.7924986,83.00032,7.078191,243.13606,25.047318,789312,0.23864505,7.194789,7.2536654,0.0,0,0,0,6142.230348687742,1.4213268,1.6631982,79.95172,14.421448,0.0,201,0,201,8128.979516869306,8.625237,0.1274409,3.4858644404554178,2.4167069512846067,True
4304504827582873600,217012,0.18190922,SFGX,SFG,10.25,217012,9.211693,9.290804,0.0,200,110,0,5860.887001296484,0.91503865,-0.0,0.0,-0.0,38.773823,7.843512,55.339268,14.136258,33.3741,49.305298,0.0,201,201,0,7756.633613456617,9.672538,0.15888979,889.9303,16.93387,60.539555,1.4167699,1149.8258,34.776917,217012,0.18190922,9.376718,9.190203,0.0,200,1,200,5860.887001296484,9.6600485,-0.0,192.87904,48.868996,0.0,201,0,201,7756.633613456617,10.681552,0.24634878,3.3691866493305547,1.7384467464805493,True
4537463580517728256,319153,0.24945576,AGNXY,wAGN,11.24,319153,1.2194706,1.1879256,0.0,201,0,0,6195.838846694664,6.776738,1.9175953,174.9031,49.491856,-99999.0,-99999.0,-99999.0,-99999.0,1.0246754,1.0895206,0.0,201,3,0,8199.928074231942,3.9876711,2.2240407,25.556822,18.131998,28.134058,3.7755682,246.38914,80.41118,319153,0.24945576,1.3886611,1.1950369,0.0,201,0,201,6195.838846694664,4.6282315,2.6273828,5.2557554,1.076098,0.0,201,0,201,8199.928074231942,5.8489404,0.8487498,3.0122430383935903,2.139992979502804,True
525806833261111296,743886,0.26784265,AGNXY,UNC,11.35,743886,0.8703435,1.6788304,0.0,201,201,0,6287.016299111967,6.1950474,1.0534209,54.052593,12.1581955,102.80258,-0.0,966.3351,60.57032,0.9931279,6.7422285,0.0,201,201,200,8320.597538095168,6.667839,0.56365955,200.82404,21.408865,105.026794,7.3639936,3740.6477,337.32346,743886,0.26784265,7.3643413,1.6656803,0.0,201,0,201,6287.016299111967,10.362405,-0.0,18.442413,6.771612,0.0,201,0,201,8320.597538095168,5.472136,0.41303387,3.5779662955640235,2.4237795893417897,True
526952249683896320,278841,0.05252468,AGNXY,sAGN,10.64,278841,2.7794049,4.833264,0.0,201,201,0,5219.291032005643,1.9931607,0.12115637,344.28043,28.325592,43.561016,1.9205995,2403.0903,135.94038,1.5512943,19.768213,0.0,201,201,0,6907.508752226781,3.7144377,0.08516528,2453.5042,76.42629,31.757809,0.29055008,14049.874,240.86133,278841,0.05252468,47.952183,4.795504,0.0,201,0,201,5219.291032005643,8.602555,-0.0,228.36891,19.464087,0.0,201,0,201,6907.508752226781,4.101347,0.06343246,3.139349791480954,1.1007202584153057,True
528174356874946560,376679,0.10689813,AGNXY,sAGN,11.06,376679,3.4399002,5.9202185,0.0,201,201,0,5488.919734429964,1.857404,0.088702664,558.3067,36.27327,26.776766,0.9088615,2653.2302,124.35715,0.95957345,16.714,0.0,201,201,0,7264.350823386751,2.4411328,0.04162057,2826.2488,70.82053,27.266815,0.29674163,9084.776,174.35022,376679,0.10689813,34.056747,5.912174,0.0,201,0,201,5488.919734429964,9.046964,-0.0,151.41643,16.460772,0.0,201,0,201,7264.350823386751,2.9797564,0.036553264,3.051258304710474,1.088002371095488,True
528184252479596544,719471,0.28214732,UNCXY,sAGN,10.6,719471,1.6724461,12.688373,0.0,201,201,0,6357.950754506495,10.479321,-0.0,218.68033,13.151371,47.790985,0.82182705,1798.31,44.359314,1.4360814,23.72609,0.0,201,201,0,8414.47626002646,11.146048,0.43500847,891.55707,42.10154,64.60436,1.2536706,3978.2412,116.227036,719471,0.28214732,31.8413,14.454943,0.0,201,0,201,6357.950754506495,10.479321,-0.0,155.00294,23.413744,0.0,201,0,201,8414.47626002646,8.434233,0.24102621,3.3620554419711084,1.6499770547326724,True
529211196608374784,197639,0.28247994,UNCXY,sAGN,10.87,197639,0.9838835,1.286756,0.0,201,201,0,6359.600152984702,2.8006477,1.2688361,17.218437,10.336083,56.079556,5.923306,377.259,50.89378,1.1413163,1.7553414,0.0,201,201,0,8416.65916846254,3.2868943,0.39074275,98.363525,16.354101,48.25215,3.214715,857.506,91.23283,197639,0.28247994,1.8347126,1.3208708,0.0,201,0,201,6359.600152984702,10.482039,-0.0,8.372808,1.7301234,0.0,201,0,201,8416.65916846254,3.260147,0.31934136,3.2351976313262605,2.0588234387604807,True
529278266817669120,600408,0.19631727,AGNXY,sAGN,10.92,600408,2.739447,4.9629197,0.0,201,201,0,5932.334043707728,2.218632,0.20560248,135.51051,17.007017,37.885197,1.263611,1476.8057,67.15011,1.9559264,15.984638,0.0,201,201,0,7851.190722410691,2.6678803,0.076088645,635.57574,26.931944,38.71199,0.38822073,4841.5723,78.25109,600408,0.19631727,35.036087,4.9629145,0.0,201,0,201,5932.334043707728,9.777809,-0.0,129.98904,15.741218,0.0,201,0,201,7851.190722410691,3.035951,0.06711762,3.1697306724021126,1.1709638973803025,True
530323352535984128,600710,0.16261621,AGNXY,sAGN,10.93,600710,0.9784276,1.2857987,0.0,201,201,0,5765.216245887518,3.7368484,0.6570345,78.704704,18.035202,56.59801,7.092068,623.3119,95.78395,1.4100535,3.6138735,0.0,201,201,0,7630.01745500384,6.53056,0.3654918,554.3618,46.30407,31.597057,1.3594939,1658.0829,158.5898,600710,0.16261621,4.37799,1.2881484,0.0,201,0,201,5765.216245887518,9.502362,-0.0,40.943886,3.9975183,0.0,201,0,201,7630.01745500384,12.828201,-0.0,3.0939418050723804,1.7276724347113184,True
530346167402260480,377246,0.16429628,AGNXY,sAGN,11.07,377246,1.3930664,3.258171,0.0,201,201,0,5773.547411574823,2.5693784,-0.0,0.0,-0.0,34.975037,1.055799,2004.1105,78.89178,2.201849,21.246662,0.0,201,201,200,7641.043396946609,2.689409,0.38695678,153.98929,28.776812,39.38311,0.5580104,7818.3223,246.98766,377246,0.16429628,8.116581,3.9912128,0.0,201,0,201,5773.547411574823,9.516093,-0.0,133.48135,22.109081,0.0,201,0,201,7641.043396946609,9.456401,0.57930255,3.188978045145608,1.3403103299221495,True
531566625829185536,747874,0.30772892,SFGXY,SFG,10.31,747874,1.2720499,1.4238236,0.0,201,201,0,6484.80543052341,10.688405,-0.0,177.5777,7.799331,50.057648,6.764602,149.2188,27.460516,1.1190778,1.2218938,0.0,201,201,0,8582.363005462652,9.634036,0.6072265,349.48132,38.16859,29.38658,1.9389641,594.73474,94.31671,747874,0.30772892,7.2652073,1.4816879,0.0,201,0,201,6484.80543052341,10.688405,-0.0,24.104103,1.9488298,0.0,201,0,201,8582.363005462652,14.429362,-0.0,3.0113628691001333,1.8307835913009722,True
5336779946893770752,396833,0.01846365,AGNXY,sAGN,10.33,396833,14.404311,13.375799,0.0,201,0,201,5050.388182203051,2.369623,0.022059172,3459.0054,48.237007,-99999.0,-99999.0,-99999.0,-99999.0,3.9774616,8.213339,0.0,201,201,0,6683.9730447651655,2.966101,0.015225332,20930.03,173.52051,17.212355,0.36929184,5546.0444,237.04291,396833,0.01846365,220.93205,14.291484,0.0,201,0,201,5050.388182203051,2.1975584,0.020412995,545.6516,8.454721,0.0,201,0,201,6683.9730447651655,3.220363,0.011447141,2.8876263078377833,1.2191557245690487,True
533784066659477504,210948,0.0693843,UNCXY,sAGN,10.66,210948,1.2741874,1.52017,0.0,201,201,0,5302.895037927755,3.370628,0.27677742,253.8779,28.701422,86.710655,-0.0,1416.7505,144.47073,1.1178414,2.624398,0.0,201,201,0,7018.155083133968,5.343391,0.17648397,1267.0999,56.588696,37.249203,2.3380225,1917.628,208.87215,210948,0.0693843,5.899949,1.5137266,0.0,201,0,201,5302.895037927755,3.8946924,0.2718149,50.787067,2.6708658,0.0,201,0,201,7018.155083133968,5.2563047,0.11527885,3.2017147269859296,1.9994464284404987,True
5396513115045625856,598998,0.078406624,AGNXY,sAGN,10.77,598998,3.9569004,3.6494117,0.0,201,0,201,5347.635204834046,1.9536442,0.05597457,436.57773,17.394281,-99999.0,-99999.0,-99999.0,-99999.0,3.0214252,8.922915,0.0,201,201,0,7077.366783072942,2.545888,0.028881272,2589.192,44.637108,20.023464,0.33238038,2717.3726,81.70281,598998,0.078406624,51.36206,3.9259064,0.0,201,0,201,5347.635204834046,1.7461711,0.053018574,179.0118,8.78772,0.0,201,0,201,7077.366783072942,3.1018379,0.023938004,2.9284882108201655,1.1485843795236594,True
584413008453724160,290243,0.2672637,AGNXY,sAGN,11.2,290243,2.9472508,2.9303675,0.0,201,0,0,6284.145374744382,4.0616803,1.9702733,340.28967,635.4948,-99999.0,-99999.0,-99999.0,-99999.0,1.1915039,1.5327071,0.0,201,201,0,8316.797992318843,3.8920486,0.21879053,601.456,42.76969,24.032524,1.9440887,975.9524,143.02339,290243,0.2672637,46.758106,2.9241655,0.0,201,0,201,6284.145374744382,3.0867095,0.24649617,22.459274,1.510261,0.0,201,0,201,8316.797992318843,5.1822095,0.1468988,2.93766393463707,1.8455806258869494,True
598996376063338496,318826,0.20117915,AGNXY,sAGN,10.66,318826,1.3345879,1.500354,0.0,201,201,0,5956.443258834358,1.1616892,0.20972991,65.86348,15.50353,16.926662,1.8413115,365.89374,55.89428,1.7100351,5.17464,0.0,201,201,0,7883.098238867485,1.9584563,0.1555925,704.95325,124.47092,21.923222,0.9457976,2277.9163,239.13383,318826,0.20117915,7.5518494,1.4726574,0.0,201,0,201,5956.443258834358,9.817547,-0.0,58.077633,5.3732953,0.0,201,0,201,7883.098238867485,2.9389231,0.05586112,2.921028145825113,1.5559219718110047,True
600106882824169472,227623,0.2540331,UNCXY,sAGN,11.39,227623,1.0324497,1.0558667,0.0,201,2,0,6218.537058327646,2.2527611,0.64700204,41.53333,15.875902,101.68284,-0.0,458.67584,161.58759,1.4031396,1.4409399,0.0,201,201,0,8229.96818783229,2.6358035,0.31570345,149.57512,23.76197,22.824173,1.4559923,959.51624,81.68637,227623,0.2540331,1.3109741,1.0560288,0.0,201,0,201,6218.537058327646,2.8488038,0.70357037,6.386049,1.5639708,0.0,201,0,201,8229.96818783229,3.3993814,0.26233307,2.9198175969129436,1.7245816246581536,True
600117603062540288,296974,0.11648728,AGNXY,sAGN,10.98,296974,1.3637526,1.968624,0.0,201,201,0,5536.470688048707,1.4078972,0.61795515,45.88734,26.458452,67.90652,6.1350255,2659.1243,289.15173,0.95582587,5.5345244,0.0,201,201,0,7327.282479484109,2.4458363,0.30685657,254.66805,41.988037,36.09324,0.65293497,6553.268,187.12839,296974,0.11648728,7.052348,2.0360463,0.0,201,0,201,5536.470688048707,9.125339,-0.0,45.36127,5.4502425,0.0,201,0,201,7327.282479484109,3.3480434,0.22555043,3.1693036375988,1.4267476975021727,True
600121726231144448,238492,0.25236303,UNCXY,sAGN,10.71,238492,1.4785585,2.7897584,0.0,201,201,0,6210.255461422268,10.235886,-0.0,163.55867,13.20723,33.946922,1.3522072,535.38934,34.050426,1.8162954,3.7930605,0.0,201,201,0,8219.007848055197,5.9635234,0.48085222,230.24762,24.559378,30.87399,0.5944664,1901.1981,79.52232,238492,0.25236303,10.06245,3.3145204,0.0,201,0,201,6210.255461422268,10.235886,-0.0,85.24889,4.2986994,0.0,201,0,201,8219.007848055197,9.281907,0.33173785,3.0515940669421355,1.3361286205567362,True
600138493783468032,717517,0.26541358,UNCXY,sAGN,10.62,717517,1.3339237,1.5302582,0.0,201,201,0,6274.970934245739,4.6518726,1.3097194,81.01749,29.45856,23.049635,2.0974572,581.70795,82.13341,0.7875863,1.0532582,0.0,201,201,0,8304.656012181587,9.046711,0.69554895,843.02295,116.689964,32.68953,2.7050457,1754.724,336.64465,717517,0.26541358,5.9372926,1.518303,0.0,201,0,201,6274.970934245739,10.342551,-0.0,17.8937,6.3231826,0.0,201,0,201,8304.656012181587,10.908305,1.6211768,3.0719077311871827,1.989673661343646,True
600145915486955520,238358,0.054054633,AGNXY,sAGN,10.76,238358,2.2227046,3.038196,0.0,201,201,0,5226.877816909298,3.1716497,0.55735207,282.48648,65.33704,41.985043,2.364222,3718.0505,274.303,0.80351925,7.207818,0.0,201,201,201,6917.549537996707,4.598629,0.26479283,1878.9574,149.29042,32.241783,0.62619513,15711.992,603.09607,238358,0.054054633,19.330881,3.2227423,0.0,201,0,201,5226.877816909298,8.61506,-0.0,93.841896,7.5612154,0.0,201,0,201,6917.549537996707,4.3323035,0.16187645,3.1452874757096088,1.433578110761619,True
602527182878697472,343175,0.28637165,SFGXY,sAGN,10.7,343175,1.439326,1.4895455,0.0,201,12,0,6378.898461655959,3.5743177,0.872456,38.98664,12.384675,15.412972,3.0417802,95.35385,31.66995,1.1324651,1.1874199,0.0,201,21,0,8442.19965571118,4.5520062,0.459922,246.78165,32.16712,21.799934,2.3294892,420.43118,105.68573,343175,0.28637165,2.4411411,1.4788568,0.0,201,0,201,6378.898461655959,9.018005,0.87769103,10.783041,1.2059232,0.0,201,0,201,8442.19965571118,5.7992773,0.25125843,2.888820262808565,1.9176257853511525,True
603490630361966592,240161,0.2956451,SFGXY,sAGN,11.15,240161,3.1864715,7.3662577,0.0,201,201,0,6424.883875312137,10.589642,-0.0,869.7722,24.394772,44.630634,1.2168285,1868.0786,73.23578,1.3415035,5.2954144,0.0,201,201,0,8503.059386536108,10.097969,0.26617068,2487.5164,101.390465,40.21095,1.0485716,5077.2417,292.02704,240161,0.2956451,30.04962,8.362523,0.0,201,0,201,6424.883875312137,10.589642,-0.0,137.76389,5.5356884,0.0,201,0,201,8503.059386536108,10.391828,0.22896492,3.151589824275764,1.5678435815720297,True
603502175234058240,321011,0.28006503,UNCXY,sAGN,10.98,321011,1.1259332,1.598638,0.0,201,201,0,6347.624998789828,4.31956,0.9970566,59.100174,17.79536,49.202095,3.4883897,734.2102,69.15392,1.3767518,2.4697142,0.0,201,201,0,8400.810563373629,7.7048154,0.5500384,472.1542,46.864105,52.2451,3.3579295,2006.6605,237.44963,321011,0.28006503,2.9433823,1.6699623,0.0,201,0,201,6347.624998789828,10.462301,-0.0,17.272203,2.4645553,0.0,201,0,201,8400.810563373629,7.363174,0.46915236,3.2705450761422856,2.0785710852141643,True
603567046420097024,239599,0.21111476,AGNXY,sAGN,10.83,239599,1.384616,2.0662737,0.0,201,201,0,6005.71231995715,0.93764967,-0.0,2.4079258,4.654407,65.86892,4.7603292,935.97455,83.87328,1.6180884,6.8265796,0.0,201,201,0,7948.303736861894,5.5130033,0.49505192,188.09178,23.651175,55.923412,1.6932458,2764.4768,120.21986,239599,0.21111476,4.5457563,2.1831486,0.0,201,0,201,6005.71231995715,9.898753,-0.0,34.099792,6.7908196,0.0,201,0,201,7948.303736861894,4.9382224,0.34966144,3.3241399087498094,1.8052662550597345,True
604616530319140864,240500,0.075382754,AGNXY,sAGN,10.08,240500,1.085831,1.3130008,0.0,201,201,0,5332.640357481164,1.2251451,0.35101646,37.08627,13.99326,62.72131,10.221516,754.82794,149.89996,0.97871006,8.262411,0.0,201,201,0,7057.521743067856,2.6678262,0.09749482,475.03552,23.806131,39.999603,0.88993233,2883.124,94.92703,240500,0.075382754,7.3906775,1.31478,0.0,201,0,201,5332.640357481164,1.6692356,0.33672556,50.66051,8.200012,0.0,201,0,201,7057.521743067856,2.6451938,0.08457279,3.230224159050625,1.5775254624865154,True
604704766127269888,251811,0.13993292,AGNXY,sAGN,10.42,251811,1.6350479,2.7834084,0.0,201,201,0,5652.733659453871,2.3290653,0.25823185,133.18478,19.63083,30.474028,1.1822608,1380.2893,72.93023,1.423634,9.031666,0.0,201,201,0,7481.15155626415,3.5544226,0.11704158,809.5475,36.23491,33.285137,0.38953248,5458.53,112.239006,251811,0.13993292,27.317947,2.8403857,0.0,201,0,201,5652.733659453871,9.316966,-0.0,117.90896,8.894822,0.0,201,0,201,7481.15155626415,4.083383,0.08706346,3.125102598804385,1.193395925842072,True
604760566342379520,262966,0.21121311,AGNXY,sAGN,11.1,262966,2.3517926,8.160739,0.0,201,201,0,6006.199973390578,0.93772584,-0.0,23.11288,7.9583573,39.060905,0.74275786,2669.3823,68.7044,1.6497363,25.691322,0.0,201,201,0,7948.94912535217,2.6775756,0.3397033,155.68993,26.031723,42.94879,0.36829948,8299.755,120.11874,262966,0.21121311,27.031599,9.045744,0.0,201,0,201,6006.199973390578,9.899557,-0.0,143.6563,25.37298,0.0,201,0,201,7948.94912535217,4.796946,0.20744123,3.2094619184183903,1.1427120911723956,True
604768262923773952,263031,0.29992333,UNCXY,sAGN,10.86,263031,1.1784235,1.4953089,0.0,201,201,0,6446.0989171241,2.0248642,0.2793469,35.7134,6.546924,18.028507,0.9038242,280.12918,20.241465,1.3000269,2.6492481,0.0,201,201,10,8531.13658822813,2.973426,0.15590534,211.57346,14.575639,21.703444,0.6992392,821.095,39.970474,263031,0.29992333,5.783076,1.4836268,0.0,201,0,201,6446.0989171241,10.624608,-0.0,25.657701,2.6100738,0.0,201,0,201,8531.13658822813,6.4502172,0.17105496,2.8823424627371637,1.390439574882072,True
G09_Y1_AN1_176,300335,0.13978218,AGNXY,sAGN,10.85,300335,0.9343116,0.9386601,0.0,201,0,0,5651.986132333938,1.7390574,0.49850076,25.873001,9.806128,92.42351,-0.0,255.23265,83.46043,0.6146653,0.7379064,0.0,201,201,11,7480.162236049623,5.084829,0.40140584,178.89868,20.211819,36.23976,6.562131,388.38083,110.35445,300335,0.13978218,1.8417443,0.94878554,0.0,201,0,201,5651.986132333938,1.9284494,0.48324373,8.495313,0.7682947,0.0,201,0,201,7480.162236049623,5.2517996,0.2607944,3.162094998490194,2.4199545815864854,True
G09_Y1_BN2_306,381008,0.25813785,SFGXY,UNC,10.69,381008,0.65435237,0.72141355,0.0,201,201,0,6238.89189596312,4.4777327,0.4759976,49.66132,6.960122,64.43574,13.454381,152.09955,39.391907,0.68275595,0.9359806,0.0,201,201,0,8256.906946038145,4.6458836,0.17254628,214.27377,10.310431,19.816591,0.9002194,348.36142,30.43047,381008,0.25813785,1.4182786,0.7256539,0.0,201,0,201,6238.89189596312,5.945157,0.49954364,31.3767,0.9281561,0.0,201,0,201,8256.906946038145,6.1627073,0.10527052,2.857032258680869,1.5143516806112731,True
G09_Y1_DS2_116,3903268,0.3056381,UNCXY,sAGN,10.6,3903268,0.7377675,3.0046518,0.0,201,201,0,6474.437453324115,10.824218,-0.0,20.796206,3.6754837,57.963165,2.0332124,350.7843,16.410337,0.9138226,9.998146,0.0,201,201,0,8568.641430480946,8.817019,0.80671865,43.304688,5.5930743,64.28724,1.6871156,850.3106,35.985794,3903268,0.3056381,5.283182,3.3274848,0.0,201,0,201,6474.437453324115,10.824218,-0.0,50.14337,9.93565,0.0,201,0,201,8568.641430480946,7.1786532,0.34132788,3.3520335144099564,1.7710535746831921,True
G09_Y1_EN1_379,376892,0.24907152,AGNXY,sAGN,10.38,376892,0.58818716,0.5429046,0.0,201,0,201,6193.933421723032,1.7502824,0.8019787,5.127062,3.0203395,-99999.0,-99999.0,-99999.0,-99999.0,0.71442926,1.0433867,0.0,201,201,0,8197.406325667329,3.1028318,0.08328205,160.7769,5.6299405,19.30455,1.3334252,156.00957,16.715984,376892,0.24907152,1.092632,0.5848452,0.0,201,201,201,6193.933421723032,1.6942675,-0.0,25.128395,1.0347731,0.0,201,0,201,8197.406325667329,3.80818,0.06202375,2.8488039228049833,1.6881128988447092,True
G09_Y1_GS1_355,601010,0.24468896,AGNXY,sAGN,10.81,601010,0.61759686,0.6028676,0.0,201,0,1,6172.201077060269,4.8741965,0.5306419,165.8315,18.689083,-99999.0,-99999.0,-99999.0,-99999.0,0.64651865,0.7073675,0.0,201,12,0,8168.644495747537,5.713605,0.12841353,342.56577,10.799169,34.71849,7.7256336,101.11953,37.29847,601010,0.24468896,5.4848228,0.6140744,0.0,201,0,201,6172.201077060269,3.0863695,0.41036645,24.445353,0.70137286,0.0,201,0,201,8168.644495747537,5.818965,0.11735365,3.1052315354968867,2.452604814426997,True
G09_Y1_GS2_316,210349,0.30287617,AGNXY,sAGN,11.23,210349,0.75340295,1.246548,0.0,201,201,0,6460.74151093477,1.6942675,-0.0,7.5465875,2.0853455,73.25457,5.823779,351.84985,33.996147,0.76969,2.1029642,0.0,201,201,201,8550.515435715706,6.1660194,0.28609297,138.45343,9.459125,50.37267,1.9092534,801.512,49.46006,210349,0.30287617,3.787435,1.2509816,0.0,201,0,201,6460.74151093477,10.802319,-0.0,25.184269,2.2118704,0.0,201,0,201,8550.515435715706,5.8089414,0.22917715,3.2470233788163316,1.825691980265879,True
G09_Y1_HS2_160,198228,0.14478786,UNCXY,sAGN,10.23,198228,1.040803,1.0235507,0.0,201,0,1,5676.808488134108,2.4556696,0.3950844,263.1803,81.016884,-99999.0,-99999.0,-99999.0,-99999.0,0.8201657,1.579736,0.0,201,201,0,7513.013563727873,2.6466324,0.026638629,747.6059,10.175065,15.617589,1.0411803,269.00806,25.799856,198228,0.14478786,2.3708348,1.0341454,0.0,201,0,201,5676.808488134108,1.7740992,0.10698344,122.37631,1.5656313,0.0,201,0,201,7513.013563727873,2.9126534,0.021015214,2.7946205195679705,1.6185324723286059,True
G09_Y1_HS2_257,601054,0.16779903,AGNXY,sAGN,10.64,601054,1.0170444,0.9910292,0.0,201,0,1,5790.916935813444,1.3885518,0.16801655,55.333794,8.868738,-99999.0,-99999.0,-99999.0,-99999.0,0.5059388,0.66170436,0.0,201,201,0,7664.031220381737,2.6803386,0.045027744,382.05368,8.670952,23.271122,3.7581909,130.34822,28.92979,601054,0.16779903,4.177302,1.0106612,0.0,201,0,201,5790.916935813444,1.1816025,0.15840787,36.7647,0.6556888,0.0,201,0,201,7664.031220381737,2.837638,0.03735076,2.959180760681366,2.1673422743256463,True
G09_Y1_IS2_109,663361,0.18238913,AGNXY,sAGN,10.93,663361,0.93607485,0.93488806,0.0,201,0,0,5863.266778255772,4.2524266,1.2456657,201.7438,2200.7803,-99999.0,-99999.0,-99999.0,-99999.0,0.72440964,0.83480513,0.0,201,201,0,7759.783146616163,3.7716484,0.46755055,161.49028,25.306856,20.298492,1.138728,682.8689,76.17714,663361,0.18238913,7.1623206,0.9302966,0.0,201,200,201,5863.266778255772,3.231274,1.7569898,13.206147,0.8380945,0.0,201,0,201,7759.783146616163,5.916706,0.29827374,2.89443489304796,1.643391117787414,True
G09_Y2_002_167,347776,0.27200663,UNCXY,sAGN,10.83,347776,0.49442095,0.5153966,0.0,201,1,0,6307.664686105224,2.3785274,0.36306435,15.532749,3.1684744,103.1566,-0.0,75.041885,22.05771,0.62732196,1.3659225,0.0,201,201,0,8347.924796337842,2.5653133,0.1256461,96.6355,8.654615,17.942636,1.2946655,172.81754,47.79698,347776,0.27200663,1.1476139,0.513194,0.0,201,0,201,6307.664686105224,2.5344446,0.35670495,14.549249,1.3549672,0.0,201,0,201,8347.924796337842,4.705536,0.10706095,2.809128421674208,1.66739975008971,True
G09_Y2_024_361,372936,0.29117188,AGNXY,sAGN,10.77,372936,1.6903458,1.635985,0.0,201,0,201,6402.702004415245,4.373211,0.2781851,58.619442,4.810689,-99999.0,-99999.0,-99999.0,-99999.0,1.2927803,1.5392303,0.0,201,201,0,8473.702627845805,4.9959836,0.11985941,389.98636,11.626745,25.85746,1.3070216,267.6149,36.75717,372936,0.29117188,46.73401,1.6810582,0.0,201,0,201,6402.702004415245,3.4703655,0.22170241,70.66409,1.5270785,0.0,201,0,201,8473.702627845805,5.5361633,0.06920626,2.961333345450887,1.6650302487667932,True
G09_Y3_003_073,381284,0.30223957,AGNXY,UNC,11.04,381284,17.435514,17.41926,0.0,201,0,0,6457.584763714663,3.550678,0.38394254,72.49602,10.259964,-99999.0,-99999.0,-99999.0,-99999.0,2.6732097,2.8486543,0.0,201,201,0,8546.337615602257,3.816972,0.13464715,217.86023,10.28199,15.872042,1.4641173,151.7907,24.595036,381284,0.30223957,51.01144,17.337929,0.0,201,0,201,6457.584763714663,2.8902001,0.32626337,10.642748,2.8266017,0.0,201,0,201,8546.337615602257,4.5021243,0.110492274,2.745673461709048,1.7106165299675609,True
G09_Y4_203_291,3576875,0.2024738,UNCXY,sAGN,10.67,3576875,0.7551655,0.80574083,0.0,201,201,0,5962.863241003271,1.7761846,0.6460901,30.715488,14.375073,16.022993,0.9933047,514.0,45.929573,0.61883974,1.2430705,0.0,201,201,1,7891.594811054965,3.9650004,0.2554914,227.80313,19.322031,21.479757,0.39784682,1657.966,54.281693,3576875,0.2024738,4.12851,0.85184425,0.0,201,0,201,5962.863241003271,10.007723,-0.0,38.386044,1.2327479,0.0,201,0,201,7891.594811054965,7.7285643,0.15978384,2.911685288242633,1.179371815434732,True
G09_Y4_215_230,3913526,0.16076809,SFGX,ELR,10.95,3913526,0.8712602,0.8524507,0.0,111,0,0,5756.051718374514,9.529906,-0.0,311.31705,0.0,-99999.0,-99999.0,-99999.0,-99999.0,0.5364633,0.56859887,0.0,201,2,0,7617.888594279671,2.1598287,0.4988724,25.748695,7.551164,50.131912,13.785619,121.80888,46.443485,3913526,0.16076809,0.8946525,0.8522718,0.0,111,2,21,5756.051718374514,5.5050364,2.2055564,0.8718916,0.57136923,0.0,201,0,201,7617.888594279671,2.210781,0.51391286,3.29510035442782,2.734412357288685,True
G12_Y1_AN1_388,609308,0.3021271,AGNXY,sAGN,10.87,609308,0.9675709,0.7981937,0.0,201,0,201,6457.026990160027,3.0933201,0.7963527,24.561954,8.273174,-99999.0,-99999.0,-99999.0,-99999.0,0.66747653,0.79743123,0.0,201,201,0,8545.599426126564,4.3568163,0.22065194,154.2967,10.026452,25.033836,1.9878106,207.28867,32.448025,609308,0.3021271,13.095407,0.87056154,0.0,201,201,201,6457.026990160027,10.79638,-0.0,14.400341,0.7911892,0.0,201,0,201,8545.599426126564,5.3246984,0.15743665,2.943605574251477,1.8434531736146882,True
G12_Y1_AX1_025,22002,0.22532038,AGNXY,sAGN,10.77,22002,1.6220388,1.6159257,0.0,201,0,0,6076.15556793698,4.051645,0.23578046,130.88165,11.889447,-99999.0,-99999.0,-99999.0,-99999.0,0.7737192,1.6888412,0.0,201,201,0,8041.532366760498,3.5665627,0.0899895,314.9067,10.185585,18.52171,0.32724023,911.5975,28.982231,22002,0.22532038,50.209187,1.6126448,0.0,201,0,201,6076.15556793698,3.6961737,0.1808049,89.437325,1.6747673,0.0,201,0,201,8041.532366760498,5.841597,0.06628153,2.8391629686694047,1.0863485778623103,True
G12_Y1_BX1_056,22307,0.23272711,AGNXY,sAGN,10.45,22307,1.4654015,1.4878566,0.0,201,201,0,6112.884284778039,3.203366,0.068560034,174.686,5.070181,28.702547,5.77777,54.380802,15.078813,1.6267341,5.7305827,0.0,201,201,0,8090.141254726683,4.036583,0.026255067,789.3641,7.350969,45.44717,1.2507204,635.17633,26.034657,22307,0.23272711,103.40032,1.5255251,0.0,201,0,201,6112.884284778039,3.337488,0.062822424,190.55632,5.6830926,0.0,201,0,201,8090.141254726683,4.3197274,0.023595514,3.2263714432590374,1.666024831928867,True
G12_Y1_DS1_219,31058,0.3104086,AGNXY,sAGN,10.97,31058,1.407619,1.4109881,0.0,201,2,0,6498.093586321033,4.956121,0.32268894,121.2994,12.031542,10.862047,-0.0,36.9617,16.308586,2.3152542,2.656498,0.0,201,201,0,8599.949312091307,4.8630433,0.14852811,397.70053,16.466951,19.551035,0.5257117,937.0991,49.549786,31058,0.3104086,29.384645,1.432169,0.0,201,0,201,6498.093586321033,5.6479487,0.15555298,92.59019,2.6359081,0.0,201,0,201,8599.949312091307,6.948739,0.07427319,2.8334945645828693,1.2630724539848086,True
G12_Y1_FN1_127,560638,0.27044743,AGNXY,sAGN,10.54,560638,0.59910595,0.92070013,0.0,201,201,0,6299.932970391523,2.571013,0.40710577,31.668835,6.568191,36.654816,3.1574585,233.12402,26.682325,0.6593638,1.1047056,0.0,201,201,201,8337.692200831169,3.9263296,0.26501045,119.07862,9.984446,62.077713,4.711787,588.94556,62.145638,560638,0.27044743,6.746988,0.91555655,0.0,201,0,201,6299.932970391523,10.54535,-0.0,7.4181643,1.1711599,0.0,201,0,201,8337.692200831169,3.6518886,0.26670605,3.3487105532502657,2.228960494115856,True
G12_Y1_GN1_084,561115,0.1813393,UNCXY,sAGN,10.5,561115,0.5919528,0.64761984,0.0,201,201,0,5858.06085230516,7.8126388,4.655181,40.720215,33.853615,23.39686,3.6506681,244.92447,77.613686,0.77498925,0.79898316,0.0,201,3,0,7752.893325978306,1.6942675,-0.0,17.752872,6.219041,19.602116,1.0638928,567.869,41.45435,561115,0.1813393,1.4205625,0.6906892,0.0,201,0,201,5858.06085230516,9.840867,-0.0,5.232089,0.8181599,0.0,201,0,201,7752.893325978306,13.126283,-0.0,2.8796598493885233,1.6142547642542542,True
G12_Y1_IN1_394,611780,0.24070317,AGNXY,sAGN,10.82,611780,0.493228,0.49876612,0.0,201,0,0,6152.43620767303,1.7496018,0.6268999,11.226988,5.2837687,36.048294,22.42034,33.1792,26.731007,0.4994728,0.853388,0.0,201,201,0,8142.48653531924,4.6454625,0.26363757,107.235176,8.168341,56.519184,6.0129085,318.93338,46.101963,611780,0.24070317,2.2788987,0.49832833,0.0,201,0,201,6152.43620767303,2.1114705,0.62500745,7.698614,0.8461148,0.0,201,0,201,8142.48653531924,5.139972,0.231927,3.3182595369162198,2.345148248977071,True
G12_Y1_ND4_047,560597,0.21854547,AGNXY,sAGN,10.72,560597,0.710744,0.6994095,0.0,201,0,0,6042.5599470721645,4.2250843,1.3702881,27.30918,11.334953,-99999.0,-99999.0,-99999.0,-99999.0,0.43019357,0.575573,0.0,201,201,0,7997.069997496711,3.6167836,0.26727822,91.712166,8.66004,20.81761,1.3562922,200.45041,22.72864,560597,0.21854547,16.561705,0.70660377,0.0,201,0,201,6042.5599470721645,3.142763,1.4270835,9.468364,0.5707498,0.0,201,0,201,7997.069997496711,5.430946,0.18893658,2.892320673704167,1.7062430697062099,True
G12_Y2_004_130,185957,0.29071784,UNCXY,sAGN,11.14,185957,0.7145699,2.0886972,0.0,201,201,0,6400.450445263426,4.28137,0.24581985,64.951065,4.978089,104.67331,-0.0,725.6826,25.956253,1.2117507,6.498497,0.0,201,201,201,8470.722785477948,5.7258177,0.17934687,515.3361,20.234203,80.72639,2.9851618,1407.0598,62.02663,185957,0.29071784,9.124666,2.107162,0.0,201,0,201,6400.450445263426,6.4778366,0.27634272,80.608444,6.724321,0.0,201,0,201,8470.722785477948,5.7417145,0.06235965,3.4559157654810964,2.0238681092396313,True
G12_Y3_022_032,56145,0.15533425,UNCXY,sAGN,10.48,56145,0.7830774,0.9730983,0.0,201,201,0,5729.106205041253,2.702535,0.38556868,70.51665,13.317084,60.32155,8.379367,476.2794,82.48974,0.57421684,1.2127789,0.0,201,201,0,7582.227358291606,3.678437,0.10717408,336.14862,12.541804,31.481281,1.3377031,677.2726,55.5284,56145,0.15533425,2.7063675,0.982434,0.0,201,0,201,5729.106205041253,3.8282075,0.39023635,30.955618,1.2038697,0.0,201,0,201,7582.227358291606,3.9587543,0.07534357,3.0950762958811833,1.7233836335308197,True
G12_Y3_044_396,693741,0.26379222,UNCXY,sAGN,10.73,693741,0.62615263,0.6834385,0.0,201,201,0,6266.930872747579,2.5050728,0.50882447,25.770302,6.6977634,10.49265,-0.0,66.706154,9.156894,0.637076,1.5044079,0.0,201,201,0,8294.015334199383,3.882387,0.15262021,295.70975,14.4882965,19.984936,0.5154228,770.4712,37.34742,693741,0.26379222,1.880678,0.68306774,0.0,201,0,201,6266.930872747579,8.03513,0.65616965,36.78371,1.4922755,0.0,201,0,201,8294.015334199383,6.265068,0.09740127,2.8587586307722934,1.2702194948496022,True
G12_Y4_206_292,172219,0.30977488,UNCXY,sAGN,10.85,172219,0.61834186,0.80455315,0.0,201,201,0,6494.950980710902,4.632734,0.5861416,70.847046,12.053533,100.23548,18.463243,601.45233,141.3511,0.5928775,1.3259252,0.0,201,201,0,8595.790207794636,2.535206,0.097149745,372.25952,19.358435,42.42302,1.4495189,1990.9738,93.02108,172219,0.30977488,2.0842183,0.80803514,0.0,201,0,201,6494.950980710902,10.857021,-0.0,12.8258,1.3156201,0.0,201,0,201,8595.790207794636,2.8247192,0.08956363,3.170136477274306,1.7037587779502432,True
G12_Y5_010_337,171994,0.2334539,AGNXY,sAGN,10.67,171994,0.5823492,0.5814334,0.0,201,0,0,6116.488282132182,3.9881575,1.1424665,155.02283,45.521053,-99999.0,-99999.0,-99999.0,-99999.0,0.46406117,0.48276863,0.0,201,1,0,8094.910991289385,4.288724,0.32196215,195.25282,18.655346,24.35535,5.572288,138.00217,63.637005,171994,0.2334539,6.1978626,0.5789959,0.0,201,0,201,6116.488282132182,3.4388075,1.3036115,6.9911895,0.47913447,0.0,201,0,201,8094.910991289385,4.9161506,0.21472768,2.955203000164387,2.314642179710693,True
G12_Y6_052_118,131908,0.11075264,AGNXY,sAGN,10.24,131908,2.3466337,2.279626,0.0,201,0,201,5508.033612776101,2.4304407,0.2150031,89.89364,10.450987,-99999.0,-99999.0,-99999.0,-99999.0,0.8157986,1.8839809,0.0,201,201,0,7289.647224977564,2.5120265,0.0679872,395.13083,13.783906,17.939161,0.8795774,579.3206,43.396214,131908,0.11075264,19.130203,2.3302996,0.0,201,0,201,5508.033612776101,1.8402663,0.18607858,48.58721,1.8666986,0.0,201,0,201,7289.647224977564,3.4436467,0.05652451,2.8679163189213255,1.5583882533401328,True
G12_Y6_056_011,959586,0.17979036,SFGX,sAGN,9.187,959586,1.1546868,1.162134,0.0,201,12,0,5850.379944103714,1.6942675,-0.0,0.9466841,1.765821,23.136322,6.06574,37.598366,13.263394,0.6597354,0.9592706,0.0,201,201,102,7742.727972043989,1.6942675,-0.0,1.1147543,0.7912826,42.21542,2.4359267,150.42311,13.022141,959586,0.17979036,1.2934487,1.1837584,0.0,201,0,201,5850.379944103714,9.828645,-0.0,2.1162972,0.99854434,0.0,201,0,201,7742.727972043989,6.866775,1.7718507,3.2133978160295653,1.974590917323285,True
G15_Y1_AN2_301,296575,0.16447157,UNCXY,sAGN,10.5,296575,0.8996636,0.8636376,0.0,201,0,12,5774.416615677241,2.307833,0.18947591,105.14187,11.324845,-99999.0,-99999.0,-99999.0,-99999.0,0.67093307,0.911451,0.0,201,201,0,7642.193751450334,3.1510932,0.08151738,428.7071,13.900786,20.794197,1.3353901,339.22516,45.593113,296575,0.16447157,1.7309263,0.89400536,0.0,201,0,201,5774.416615677241,2.0184207,0.16913907,48.519554,0.9031435,0.0,201,0,201,7642.193751450334,3.7058513,0.051656697,2.9115448129030623,1.7192108110692335,True
G15_Y1_BS2_133,543892,0.18754035,AGNXY,sAGN,10.72,543892,0.6650203,0.7551533,0.0,201,201,0,5888.810804613491,2.2186925,0.5058817,14.938584,4.519359,96.31,-0.0,224.35513,31.07739,0.4869545,0.7840858,0.0,201,201,102,7793.589574453021,4.0117297,0.120285206,129.56476,5.8614974,72.41091,11.077526,263.73,47.83233,543892,0.18754035,1.4943771,0.7655708,0.0,201,0,201,5888.810804613491,2.5455596,0.46347776,9.4314375,0.8195885,0.0,201,0,201,7793.589574453021,4.2865825,0.10914492,3.4448871770251897,2.6295259496940613,True
G15_Y1_CX2_384,492406,0.17607313,AGNXY,sAGN,10.7,492406,1.1148813,1.1336709,0.0,201,0,0,5831.946799735869,4.7212877,0.5390703,122.1956,18.113344,45.155415,17.265823,136.757,70.887146,0.6417951,0.6518861,0.0,201,111,0,7718.332492797641,4.8051634,0.18617623,426.9154,22.244314,20.1938,1.9870858,243.09949,74.29229,492406,0.17607313,26.869875,1.1269296,0.0,201,0,201,5831.946799735869,5.380953,0.49118483,26.317596,0.6984381,0.0,201,0,201,7718.332492797641,5.1018605,0.12884831,2.894515270292306,1.8875138394464168,True
G15_Y1_ES2_098,48509,0.22061038,AGNXY,sAGN,10.79,48509,0.5413204,0.55452424,0.0,201,1,0,6052.799474639582,3.9059846,0.4000951,50.011864,6.8068223,41.926933,19.360905,41.955597,25.989151,0.8985473,1.1590669,0.0,201,201,0,8010.621574877025,4.8928585,0.1133433,241.54529,7.7212334,43.813503,5.055569,198.13054,38.9734,48509,0.22061038,21.33888,0.5513002,0.0,201,0,201,6052.799474639582,4.219437,0.36664644,32.29043,1.1493541,0.0,201,0,201,8010.621574877025,5.162472,0.09194582,3.2147624644651587,2.276924529113543,True
G15_Y1_IS1_201,65255,0.25236177,UNCXY,sAGN,11.16,65255,0.5078408,0.52364624,0.0,201,1,0,6210.249202584991,3.1381178,0.71191776,38.896214,11.6705265,101.56422,-0.0,309.06927,87.462776,0.5042379,0.6683764,0.0,201,201,2,8218.999564751392,5.022865,0.13702281,402.67792,14.791343,50.1995,6.797925,378.525,73.91119,65255,0.25236177,0.7142536,0.5285653,0.0,201,0,201,6210.249202584991,3.5297775,0.6937714,14.9576,0.68602574,0.0,201,0,201,8218.999564751392,5.2382874,0.12182778,3.2627011369603522,2.394378114277825,True
G15_Y2_003_399,492699,0.27721092,AGNXY,sAGN,10.56,492699,2.0284235,2.000831,0.0,201,0,10,6333.471950514374,3.6528747,0.16236597,107.968254,6.386622,-99999.0,-99999.0,-99999.0,-99999.0,1.2348375,1.4979148,0.0,201,201,0,8382.07960849223,4.0838633,0.062263366,382.98712,7.6572056,24.601315,1.2182252,215.58278,22.202234,492699,0.27721092,42.002754,2.0171752,0.0,201,0,201,6333.471950514374,3.3699605,0.107948355,58.36742,1.4859633,0.0,201,0,201,8382.07960849223,4.5357285,0.041999605,2.944427243532695,1.6391965007150375,True
G15_Y2_004_142,509592,0.30835074,AGNXY,sAGN,10.68,509592,0.46048766,0.46561095,0.0,201,1,0,6487.889053830025,1.6942675,-0.0,2.3740203,2.1961632,106.10262,-0.0,72.485664,34.232613,0.62345886,0.80721855,0.0,201,201,0,8586.444049199896,6.031688,0.39140102,97.84032,10.57433,42.551464,5.4735637,181.96646,45.631115,509592,0.30835074,0.559404,0.46986458,0.0,201,0,201,6487.889053830025,1.6942675,-0.0,7.9087863,0.80098695,0.0,201,0,201,8586.444049199896,6.150805,0.3131907,3.1719218653531893,2.2812775352646373,True
G15_Y3_018_010,49516,0.24978136,UNCXY,sAGN,10.58,49516,0.5302755,0.5299194,0.0,201,0,0,6197.453367308394,6.742748,1.0693661,73.95755,11.729298,-99999.0,-99999.0,-99999.0,-99999.0,0.566445,0.67313856,0.0,201,201,0,8202.064823304107,3.679925,0.2563217,54.956787,4.9096084,52.2164,10.259133,117.48987,29.962206,49516,0.24978136,0.66247123,0.53294957,0.0,201,0,201,6197.453367308394,4.6385803,1.4095825,3.3973885,0.6681899,0.0,201,0,201,8202.064823304107,4.1274104,0.21645947,3.2807044321897805,2.57400816567881,True
G15_Y3_026_332,78879,0.13191599,UNCXY,sAGN,10.24,78879,1.055776,1.0216483,0.0,102,0,12,5612.979056060283,4.7289953,1.1026208,247.24294,63.969593,-99999.0,-99999.0,-99999.0,-99999.0,0.53960097,0.57608217,0.0,201,2,0,7428.538036688679,2.5368276,0.21008171,275.10278,30.186369,28.504694,7.993306,304.6604,125.909485,78879,0.13191599,1.1116126,1.0487686,0.0,102,0,201,5612.979056060283,3.7167413,4.4701843,2.5729077,0.57087666,0.0,201,0,201,7428.538036688679,2.8467755,0.17762262,3.060833734673787,2.5086437904556056,True
G15_Y3_032_092,593449,0.29268712,SFGXY,SFG,10.66,593449,0.7001817,0.8380264,0.0,201,201,0,6410.215780468416,7.869959,0.42610088,118.67729,8.178783,50.90556,6.5533485,131.91646,23.57241,0.8462594,1.2181587,0.0,201,201,0,8483.6467895205,5.062577,0.21411048,150.11621,8.06688,21.06142,0.40523323,561.3216,20.702112,593449,0.29268712,3.7528558,0.83975387,0.0,201,0,201,6410.215780468416,10.611421,0.4072081,41.22889,1.2088993,0.0,201,0,201,8483.6467895205,7.7519283,0.13029537,2.8717257730187726,1.1559431754766112,True
G15_Y4_206_141,715463,0.24355794,SFGXY,SFG,10.36,715463,0.45165488,0.46658015,0.0,201,1,0,6166.59252017481,2.7077396,0.65589416,47.220936,15.22464,100.8506,-0.0,310.5722,108.3505,0.43794826,0.47195023,0.0,201,2,0,8161.221810264757,4.0976086,0.34856397,150.71193,16.746439,32.89995,8.032528,155.06664,56.215225,715463,0.24355794,0.7192307,0.46461493,0.0,201,0,201,6166.59252017481,3.0299778,0.6613093,1.7997528,0.46807116,0.0,201,0,201,8161.221810264757,4.8064117,0.29910237,3.0822607593399898,2.46991776951399,True
G15_Y5_029_255,748809,0.27886024,UNCXY,sAGN,10.57,748809,0.6638975,1.1094844,0.0,201,201,0,6341.650639057014,3.448973,0.44484073,18.97269,3.157064,23.375145,0.92435014,148.55772,8.785599,0.6720913,1.4545848,0.0,201,201,0,8392.903753446704,3.655248,0.18210521,48.951794,3.0865362,28.465664,0.54547775,283.1484,10.763911,748809,0.27886024,11.692885,1.3226992,0.0,201,0,201,6341.650639057014,10.611986,-0.0,33.333775,1.4461302,0.0,201,0,201,8392.903753446704,5.0521116,0.15705414,3.0072297788765123,1.2896855005498573,True
