SPECID,CATAID_x,Z_x,BPT,WHAN,mass_stellar_percentile16,mass_stellar_percentile50,mass_stellar_percentile84,CATAID_y,HA_REDCHI_EMB,HA_FITFAIL_x,HA_CEN_x,SIG_HA_N,SIG_HA_N_ERR,HA_N_FLUX,HA_N_FLUX_ERR,SIG_HA_B,SIG_HA_B_ERR,HA_B_FLUX,HA_B_FLUX_ERR,CATAID,Z_y,HA_REDCHI_EM,HA_FITFAIL_y,HA_CEN_y,SIG_HA,SIG_HA_ERR,VEL_B,VEL_B_ERR
531513574393145344,372775,0.14678027,AGNXY,sAGN,10.56,10.65,10.76,372775.0,1.4930477,0.0,7526.089338121121,2.3175461,0.09922829,309.4527,17.962004,22.820433,2.068904,369.41226,50.109505,372775.0,0.14678027,1.9220165,0.0,7526.089338121121,2.8389876,0.0895749,2.9585752142004518,1.9159916729095536
531566625829185536,747874,0.30772892,SFGXY,SFG,10.19,10.31,10.32,747874.0,1.1190778,0.0,8582.363005462652,9.634036,0.6072265,349.48132,38.16859,29.38658,1.9389641,594.73474,94.31671,747874.0,0.30772892,1.9488298,0.0,8582.363005462652,14.429362,-0.0,3.0113628691001333,1.8307835913009722
531567725340813312,601252,0.1434303,AGNXY,sAGN,10.81,10.91,10.96,601252.0,1.8059813,0.0,7504.1041452935715,4.4357057,0.23263566,389.0982,26.929422,30.312227,7.7710834,222.57416,108.93398,601252.0,0.1434303,1.8356917,0.0,7504.1041452935715,4.7371593,0.17114998,3.0831396947752228,2.492003420057715
532575427311462400,279905,0.017677007,AGNXY,NER,10.32,10.32,10.39,279905.0,2.3545194,0.0,6678.810459860701,1.661621,0.3133441,246.28683,60.752323,45.931217,5.2993646,3027.478,450.75812,279905.0,0.017677007,2.8969295,0.0,6678.810459860701,2.1460297,0.2549395,3.314229536971172,2.3763453845800897
532678231648659456,383051,0.08706953,AGNXY,wAGN,10.86,10.95,11.01,383051.0,1.3920227,0.0,7134.219698697355,3.553737,0.14286962,585.1332,30.98181,21.575111,4.3296895,350.83075,122.22469,383051.0,0.08706953,1.4946588,0.0,7134.219698697355,3.8399165,0.107819736,2.9574272623553055,2.2599309760073236
532697198224238592,388450,0.26593605,SFGX,sAGN,11.04,11.13,11.2,388450.0,1.8821142,0.0,8308.084757903642,2.4980204,0.1484568,297.87634,22.807098,36.184963,9.533279,263.0807,98.16957,388450.0,0.26593605,1.9538326,0.0,8308.084757903642,2.6446123,0.13742301,3.1158479173171765,2.5365620876589734
5336779946893770752,396833,0.01846365,AGNXY,sAGN,10.33,10.33,10.33,396833.0,3.9774616,0.0,6683.9730447651655,2.966101,0.015225332,20930.03,173.52051,17.212355,0.36929184,5546.0444,237.04291,396833.0,0.01846365,8.454721,0.0,6683.9730447651655,3.220363,0.011447141,2.8876263078377833,1.2191557245690487
533763725694363648,204906,0.054795332,AGNXY,ELR,10.19,10.3,10.33,204906.0,1.1506437,0.0,6922.410611472639,1.3525462,0.30610755,66.854416,20.349854,62.7256,20.803299,589.21216,238.42575,204906.0,0.054795332,1.2399361,0.0,6922.410611472639,1.6096661,0.30201587,3.434008170721993,2.954695557594769
533767573985060864,216821,0.20571466,AGNXY,sAGN,11.11,11.2,11.27,216821.0,1.3844461,0.0,7912.863874518859,2.6587446,0.6578587,96.19513,32.566544,23.355091,4.7723975,407.29437,177.6096,216821.0,0.20571466,1.4510005,0.0,7912.863874518859,5.6047306,0.5646998,2.9468685721283636,2.257223617861046
533784066659477504,210948,0.0693843,UNCXY,sAGN,10.64,10.66,10.7,210948.0,1.1178414,0.0,7018.155083133968,5.343391,0.17648397,1267.0999,56.588696,37.249203,2.3380225,1917.628,208.87215,210948.0,0.0693843,2.6708658,0.0,7018.155083133968,5.2563047,0.11527885,3.2017147269859296,1.9994464284404987
5396513115045625856,598998,0.078406624,AGNXY,sAGN,10.77,10.77,10.77,598998.0,3.0214252,0.0,7077.366783072942,2.545888,0.028881272,2589.192,44.637108,20.023464,0.33238038,2717.3726,81.70281,598998.0,0.078406624,8.78772,0.0,7077.366783072942,3.1018379,0.023938004,2.9284882108201655,1.1485843795236594
579866249102649344,230260,0.067377515,UNCX,ELR,11.03,11.09,11.14,230260.0,1.187844,0.0,7004.984948982402,1.3104547,0.4576234,71.40563,31.926626,33.302834,5.094946,853.67883,191.19334,230260.0,0.067377515,1.3733555,0.0,7004.984948982402,2.5942605,0.46401238,3.153894689048052,2.3385530818301055
583242028553365504,221054,0.23903047,AGNXY,sAGN,10.88,10.94,11.01,221054.0,1.2489983,0.0,8131.508919231437,3.4766958,0.15842836,432.7332,25.367912,24.122156,4.09183,251.62256,80.94796,221054.0,0.23903047,1.2859279,0.0,8131.508919231437,3.8231964,0.11729696,2.9490656819796404,2.178567142353762
584413008453724160,290243,0.2672637,AGNXY,sAGN,11.11,11.2,11.23,290243.0,1.1915039,0.0,8316.797992318843,3.8920486,0.21879053,601.456,42.76969,24.032524,1.9440887,975.9524,143.02339,290243.0,0.2672637,1.510261,0.0,8316.797992318843,5.1822095,0.1468988,2.93766393463707,1.8455806258869494
598996376063338496,318826,0.20117915,AGNXY,sAGN,10.66,10.66,10.93,318826.0,1.7100351,0.0,7883.098238867485,1.9584563,0.1555925,704.95325,124.47092,21.923222,0.9457976,2277.9163,239.13383,318826.0,0.20117915,5.3732953,0.0,7883.098238867485,2.9389231,0.05586112,2.921028145825113,1.5559219718110047
599120345999370240,249572,0.0948948,AGNXY,sAGN,9.797,9.847,9.927,249572.0,1.4325709,0.0,7185.57533890925,1.886231,0.030666284,707.2175,17.892305,20.212025,6.9393516,73.92299,35.97412,249572.0,0.0948948,1.469283,0.0,7185.57533890925,1.9184399,0.028702954,2.9259689824571677,2.461678048405882
600106882824169472,227623,0.2540331,UNCXY,sAGN,11.3,11.39,11.46,227623.0,1.4031396,0.0,8229.96818783229,2.6358035,0.31570345,149.57512,23.76197,22.824173,1.4559923,959.51624,81.68637,227623.0,0.2540331,1.5639708,0.0,8229.96818783229,3.3993814,0.26233307,2.9198175969129436,1.7245816246581536
600117603062540288,296974,0.11648728,AGNXY,sAGN,10.9,10.98,11.09,296974.0,0.95582587,0.0,7327.282479484109,2.4458363,0.30685657,254.66805,41.988037,36.09324,0.65293497,6553.268,187.12839,296974.0,0.11648728,5.4502425,0.0,7327.282479484109,3.3480434,0.22555043,3.1693036375988,1.4267476975021727
600121726231144448,238492,0.25236303,UNCXY,sAGN,10.71,10.71,10.72,238492.0,1.8162954,0.0,8219.007848055197,5.9635234,0.48085222,230.24762,24.559378,30.87399,0.5944664,1901.1981,79.52232,238492.0,0.25236303,4.2986994,0.0,8219.007848055197,9.281907,0.33173785,3.0515940669421355,1.3361286205567362
600138493783468032,717517,0.26541358,UNCXY,sAGN,10.51,10.62,10.62,717517.0,0.7875863,0.0,8304.656012181587,9.046711,0.69554895,843.02295,116.689964,32.68953,2.7050457,1754.724,336.64465,717517.0,0.26541358,6.3231826,0.0,8304.656012181587,10.908305,1.6211768,3.0719077311871827,1.989673661343646
600145915486955520,238358,0.054054633,AGNXY,sAGN,10.7,10.76,10.84,238358.0,0.80351925,0.0,6917.549537996707,4.598629,0.26479283,1878.9574,149.29042,32.241783,0.62619513,15711.992,603.09607,238358.0,0.054054633,7.5612154,0.0,6917.549537996707,4.3323035,0.16187645,3.1452874757096088,1.433578110761619
600219033010202624,265388,0.07602556,AGNXY,ELR,10.44,10.53,10.61,265388.0,1.0638957,0.0,7061.740355303742,2.802914,0.24336156,204.31464,23.752728,71.59614,27.71533,582.45996,273.78107,265388.0,0.07602556,1.1431768,0.0,7061.740355303742,3.0152152,0.2285528,3.4827985660566867,3.070629011465202
601236356194134016,239259,0.086783744,SFGX,wAGN,10.61,10.67,10.74,239259.0,1.0287488,0.0,7132.344156865,2.201353,0.07180466,572.85675,25.88787,37.493904,13.255972,230.16298,113.020935,239259.0,0.086783744,1.0653266,0.0,7132.344156865,2.2629814,0.066197515,3.197549074993582,2.745999989987076
601274014467385344,319799,0.19783822,UNCX,ELR,11.15,11.23,11.35,319799.0,1.2597593,0.0,7861.172412583808,1.6945802,0.3525554,64.57721,16.813547,73.69774,20.605537,594.45703,201.43279,319799.0,0.19783822,1.3745512,0.0,7861.172412583808,1.9923103,0.34483317,3.448787551603018,2.895317318664195
601295180066220032,250557,0.07834341,AGNXY,sAGN,10.84,10.88,10.91,250557.0,3.3196592,0.0,7076.951896817572,3.1783006,0.18307875,1195.5759,87.92347,19.321573,0.32606176,6659.5454,292.49368,250557.0,0.07834341,4.4071107,0.0,7076.951896817572,5.338891,0.09898327,2.9130169394057512,1.1402743277146783
601314696397613056,319400,0.04990226,UNCX,ELR,10.35,10.4,10.49,319400.0,1.2834806,0.0,6890.298357036907,1.961468,0.13067158,371.5293,33.53716,41.361958,13.564623,393.07785,174.3762,319400.0,0.04990226,1.3255324,0.0,6890.298357036907,2.0769794,0.12311471,3.2551837644982564,2.770990403182409
601386714409232384,266104,0.20091835,AGNXY,sAGN,10.77,10.87,10.96,266104.0,1.2378627,0.0,7881.386649662727,2.772262,0.2047176,233.42339,23.575327,48.45669,3.6071455,1163.3586,124.87131,266104.0,0.20091835,2.2179453,0.0,7881.386649662727,3.6615846,0.19701718,3.265571813871763,2.1373817296638475
602404312454293504,320308,0.09948415,AGNXY,sAGN,10.45,10.53,10.62,320308.0,1.1160966,0.0,7215.694375796927,2.429854,0.048566706,815.82117,23.887901,22.023958,5.5189075,175.03204,63.18993,320308.0,0.09948415,1.2058874,0.0,7215.694375796927,2.5117579,0.04390565,2.9614379429363247,2.3603956878619825
602423553907779584,297805,0.10148423,UNCXY,sAGN,10.43,10.43,10.44,297805.0,1.274502,0.0,7228.820502508336,3.6338954,0.10498776,1007.38165,37.922287,20.549362,1.029738,1039.0714,109.36862,297805.0,0.10148423,2.1146474,0.0,7228.820502508336,4.3554506,0.06882237,2.930551604729204,1.6304800015612735
602462586570565632,250981,0.08690365,UNCXY,sAGN,10.63,10.69,10.74,250981.0,1.1080278,0.0,7133.1310387821495,2.4620743,0.02314672,4365.798,71.50533,19.856104,4.6175613,308.45172,108.74475,250981.0,0.08690365,1.2026695,0.0,7133.1310387821495,2.4998665,0.020881565,2.921434539509543,2.28795317023766
602527182878697472,343175,0.28637165,SFGXY,sAGN,10.64,10.7,10.7,343175.0,1.1324651,0.0,8442.19965571118,4.5520062,0.459922,246.78165,32.16712,21.799934,2.3294892,420.43118,105.68573,343175.0,0.28637165,1.2059232,0.0,8442.19965571118,5.7992773,0.25125843,2.888820262808565,1.9176257853511525
603490630361966592,240161,0.2956451,SFGXY,sAGN,11.14,11.15,11.15,240161.0,1.3415035,0.0,8503.059386536108,10.097969,0.26617068,2487.5164,101.390465,40.21095,1.0485716,5077.2417,292.02704,240161.0,0.2956451,5.5356884,0.0,8503.059386536108,10.391828,0.22896492,3.151589824275764,1.5678435815720297
603502175234058240,321011,0.28006503,UNCXY,sAGN,10.96,10.98,11.01,321011.0,1.3767518,0.0,8400.810563373629,7.7048154,0.5500384,472.1542,46.864105,52.2451,3.3579295,2006.6605,237.44963,321011.0,0.28006503,2.4645553,0.0,8400.810563373629,7.363174,0.46915236,3.2705450761422856,2.0785710852141643
603567046420097024,239599,0.21111476,AGNXY,sAGN,10.79,10.83,10.91,239599.0,1.6180884,0.0,7948.303736861894,5.5130033,0.49505192,188.09178,23.651175,55.923412,1.6932458,2764.4768,120.21986,239599.0,0.21111476,6.7908196,0.0,7948.303736861894,4.9382224,0.34966144,3.3241399087498094,1.8052662550597345
603606628838696960,266910,0.09850432,AGNXY,sAGN,10.59,10.59,10.59,266910.0,1.3832725,0.0,7209.263943772896,2.5630624,0.05261436,1045.8972,29.960613,19.36376,1.0469843,920.13983,74.8629,266910.0,0.09850432,2.6427138,0.0,7209.263943772896,3.126472,0.043906216,2.905919468063801,1.6388699461188494
603619822978230272,251657,0.13802448,UNCXY,sAGN,10.54,10.65,10.7,251657.0,0.9970336,0.0,7468.626812282594,2.5505025,0.041850504,899.76086,21.112192,12.955832,1.8795588,161.94717,36.329216,251657.0,0.13802448,1.201055,0.0,7468.626812282594,2.694018,0.034199607,2.7160452513248976,1.8776358602084422
604616530319140864,240500,0.075382754,AGNXY,sAGN,10.08,10.08,10.14,240500.0,0.97871006,0.0,7057.521743067856,2.6678262,0.09749482,475.03552,23.806131,39.999603,0.88993233,2883.124,94.92703,240500.0,0.075382754,8.200012,0.0,7057.521743067856,2.6451938,0.08457279,3.230224159050625,1.5775254624865154
604680851749365760,298590,0.03362265,AGNXY,wAGN,10.43,10.56,10.63,298590.0,1.0070473,0.0,6783.458520773863,2.088833,0.07748648,1122.0446,57.71182,34.983864,2.3062453,2522.2842,238.13911,298590.0,0.03362265,2.2632577,0.0,6783.458520773863,2.4860742,0.0706091,3.1892373052075387,2.0082750276260666
604704766127269888,251811,0.13993292,AGNXY,sAGN,10.42,10.42,10.42,251811.0,1.423634,0.0,7481.15155626415,3.5544226,0.11704158,809.5475,36.23491,33.285137,0.38953248,5458.53,112.239006,251811.0,0.13993292,8.894822,0.0,7481.15155626415,4.083383,0.08706346,3.125102598804385,1.193395925842072
604760566342379520,262966,0.21121311,AGNXY,sAGN,11.1,11.1,11.1,262966.0,1.6497363,0.0,7948.94912535217,2.6775756,0.3397033,155.68993,26.031723,42.94879,0.36829948,8299.755,120.11874,262966.0,0.21121311,25.37298,0.0,7948.94912535217,4.796946,0.20744123,3.2094619184183903,1.1427120911723956
604768262923773952,263031,0.29992333,UNCXY,sAGN,10.83,10.86,10.86,263031.0,1.3000269,0.0,8531.13658822813,2.973426,0.15590534,211.57346,14.575639,21.703444,0.6992392,821.095,39.970474,263031.0,0.29992333,2.6100738,0.0,8531.13658822813,6.4502172,0.17105496,2.8823424627371637,1.390439574882072
605832865090922496,252182,0.06938231,AGNXY,sAGN,10.41,10.52,10.52,252182.0,1.0309279,0.0,7018.142033669058,2.578022,0.04368038,2492.8513,61.558323,14.033952,1.1698941,1004.0029,120.828575,252182.0,0.06938231,1.9527203,0.0,7018.142033669058,2.9625113,0.034947433,2.777778536464289,1.6987451004248495
635085100341553152,345622,0.07364404,UNCXY,sAGN,10.41,10.5,10.58,345622.0,1.7611691,0.0,7046.110887674738,2.4899313,0.018224863,2742.737,31.913969,23.250168,1.5460058,547.0924,59.27985,345622.0,0.07364404,2.624846,0.0,7046.110887674738,2.5836408,0.015940433,2.9952973246925505,1.8180823482358903
636205777584941056,422929,0.18835561,AGNXY,sAGN,10.95,11.02,11.08,422929.0,1.8183982,0.0,7798.939963287836,3.9597383,0.10126482,1469.4799,50.89505,20.235794,1.9499747,632.38135,125.06518,422929.0,0.18835561,1.9751788,0.0,7798.939963287836,4.362604,0.06731555,2.890905375448417,1.8748141024324474
G09_Y1_AN1_176,300335,0.13978218,AGNXY,sAGN,10.76,10.85,10.94,300335.0,0.6146653,0.0,7480.162236049623,5.084829,0.40140584,178.89868,20.211819,36.23976,6.562131,388.38083,110.35445,300335.0,0.13978218,0.7682947,0.0,7480.162236049623,5.2517996,0.2607944,3.162094998490194,2.4199545815864854
G09_Y1_BN1_307,323246,0.061946776,AGNXY,ELR,10.52,10.56,10.64,323246.0,1.0303326,0.0,6969.344097099004,2.301014,0.11149463,193.01083,12.40393,73.32601,16.91584,674.68976,190.61734,323246.0,0.061946776,1.2533551,0.0,6969.344097099004,2.467426,0.10483246,3.4988868491882332,2.8619223641583225
G09_Y1_BN2_106,214649,0.3107107,SFGX,sAGN,10.87,11.02,11.12,214649.0,0.7006576,0.0,8601.931943179185,2.1135092,0.061017435,102.65735,3.9687088,26.330116,6.8583565,42.581577,14.924499,214649.0,0.3107107,0.7580143,0.0,8601.931943179185,2.2074678,0.055921663,2.962677473188882,2.378444756909478
G09_Y1_BN2_306,381008,0.25813785,SFGXY,UNC,10.69,10.69,10.69,381008.0,0.68275595,0.0,8256.906946038145,4.6458836,0.17254628,214.27377,10.310431,19.816591,0.9002194,348.36142,30.43047,381008.0,0.25813785,0.9281561,0.0,8256.906946038145,6.1627073,0.10527052,2.857032258680869,1.5143516806112731
G09_Y1_BS2_044,3899250,0.28103963,AGNXY,SFG,11.05,11.1,11.19,3899250.0,0.8823099,0.0,8407.20667682413,7.058632,0.71228915,190.54024,25.701777,120.00483,24.360987,2065.5146,595.12836,3899250.0,0.28103963,1.3637004,0.0,8407.20667682413,5.2809134,0.53887707,3.6313677050398216,2.938863859009804
G09_Y1_CN2_286,376156,0.1964641,UNCXY,sAGN,10.65,10.78,10.86,376156.0,0.6668693,0.0,7852.154440691791,2.6789982,0.04137189,489.3626,10.545579,18.53054,2.4742026,132.96503,26.1331,376156.0,0.1964641,0.8409925,0.0,7852.154440691791,2.8553703,0.03433635,2.8497199452769326,1.9752671289009953
G09_Y1_DS2_098,3626193,0.11059792,UNCXY,wAGN,10.56,10.64,10.74,3626193.0,1.0739751,0.0,7288.63182686973,2.831892,0.23235573,177.32375,18.410622,20.66047,5.6233025,153.7194,64.957466,3626193.0,0.11059792,1.1001542,0.0,7288.63182686973,3.3009171,0.18178575,2.9293148867650447,2.3641661363898825
G09_Y1_DS2_116,3903268,0.3056381,UNCXY,sAGN,10.6,10.6,10.6,3903268.0,0.9138226,0.0,8568.641430480946,8.817019,0.80671865,43.304688,5.5930743,64.28724,1.6871156,850.3106,35.985794,3903268.0,0.3056381,9.93565,0.0,8568.641430480946,7.1786532,0.34132788,3.3520335144099564,1.7710535746831921
G09_Y1_EN1_379,376892,0.24907152,AGNXY,sAGN,10.21,10.38,11.11,376892.0,0.71442926,0.0,8197.406325667329,3.1028318,0.08328205,160.7769,5.6299405,19.30455,1.3334252,156.00957,16.715984,376892.0,0.24907152,1.0347731,0.0,8197.406325667329,3.80818,0.06202375,2.8488039228049833,1.6881128988447092
G09_Y1_FS2_173,550459,0.31256768,UNCXY,sAGN,10.86,10.94,11.07,550459.0,0.7316161,0.0,8614.118870545806,3.6147096,0.05366307,306.78857,6.3557305,98.120056,17.69792,389.4615,87.89527,550459.0,0.31256768,1.042744,0.0,8614.118870545806,3.7193892,0.16929136,3.533367629811709,2.7895320700397996
G09_Y1_FS2_380,210108,0.24018393,AGNXY,UNC,11.07,11.14,11.23,210108.0,0.5807862,0.0,8139.078928564774,3.8076043,0.31755382,82.735596,9.148245,80.219345,28.260876,231.05095,97.86795,210108.0,0.24018393,0.63758326,0.0,8139.078928564774,4.072061,0.29235658,3.4705245544603565,3.0174310623744454
G09_Y1_FX2_091,382600,0.201156,AGNXY,sAGN,10.6,10.72,10.82,382600.0,0.58350295,0.0,7882.946415974206,2.8449225,0.20026271,74.50483,6.40911,18.615992,2.45189,94.11098,20.080132,382600.0,0.201156,0.66698885,0.0,7882.946415974206,4.0052433,0.18580204,2.8500183121009393,1.9696331108330272
G09_Y1_GS1_355,601010,0.24468896,AGNXY,sAGN,10.63,10.81,10.95,601010.0,0.64651865,0.0,8168.644495747537,5.713605,0.12841353,342.56577,10.799169,34.71849,7.7256336,101.11953,37.29847,601010.0,0.24468896,0.70137286,0.0,8168.644495747537,5.818965,0.11735365,3.1052315354968867,2.452604814426997
G09_Y1_GS2_316,210349,0.30287617,AGNXY,sAGN,11.14,11.23,11.28,210349.0,0.76969,0.0,8550.515435715706,6.1660194,0.28609297,138.45343,9.459125,50.37267,1.9092534,801.512,49.46006,210349.0,0.30287617,2.2118704,0.0,8550.515435715706,5.8089414,0.22917715,3.2470233788163316,1.825691980265879
G09_Y1_HS2_160,198228,0.14478786,UNCXY,sAGN,10.18,10.23,10.31,198228.0,0.8201657,0.0,7513.013563727873,2.6466324,0.026638629,747.6059,10.175065,15.617589,1.0411803,269.00806,25.799856,198228.0,0.14478786,1.5656313,0.0,7513.013563727873,2.9126534,0.021015214,2.7946205195679705,1.6185324723286059
G09_Y1_HS2_257,601054,0.16779903,AGNXY,sAGN,10.5,10.64,10.75,601054.0,0.5059388,0.0,7664.031220381737,2.6803386,0.045027744,382.05368,8.670952,23.271122,3.7581909,130.34822,28.92979,601054.0,0.16779903,0.6556888,0.0,7664.031220381737,2.837638,0.03735076,2.959180760681366,2.1673422743256463
G09_Y1_IS2_109,663361,0.18238913,AGNXY,sAGN,10.82,10.93,11.07,663361.0,0.72440964,0.0,7759.783146616163,3.7716484,0.46755055,161.49028,25.306856,20.298492,1.138728,682.8689,76.17714,663361.0,0.18238913,0.8380945,0.0,7759.783146616163,5.916706,0.29827374,2.89443489304796,1.643391117787414
G09_Y1_IS2_169,198560,0.3137657,AGNXY,sAGN,10.93,11.03,11.09,198560.0,0.65543544,0.0,8621.981274017959,3.5073702,0.2959089,100.64958,10.887394,26.75579,3.6456225,145.45044,36.05526,198560.0,0.3137657,0.6965159,0.0,8621.981274017959,4.3232436,0.24011344,2.96863140626538,2.102985323603268
G09_Y1_IS2_270,210884,0.11954599,SFGX,sAGN,10.61,10.61,10.68,210884.0,0.6947442,0.0,7347.356182119485,2.6712549,0.03076135,586.3887,8.932658,18.939144,3.5000184,88.5994,25.127352,210884.0,0.11954599,0.77336377,0.0,7347.356182119485,2.7562008,0.025524624,2.888049955154405,2.154759936515861
G09_Y2_002_167,347776,0.27200663,UNCXY,sAGN,10.73,10.83,10.93,347776.0,0.62732196,0.0,8347.924796337842,2.5653133,0.1256461,96.6355,8.654615,17.942636,1.2946655,172.81754,47.79698,347776.0,0.27200663,1.3549672,0.0,8347.924796337842,4.705536,0.10706095,2.809128421674208,1.66739975008971
G09_Y2_024_361,372936,0.29117188,AGNXY,sAGN,10.68,10.77,10.88,372936.0,1.2927803,0.0,8473.702627845805,4.9959836,0.11985941,389.98636,11.626745,25.85746,1.3070216,267.6149,36.75717,372936.0,0.29117188,1.5270785,0.0,8473.702627845805,5.5361633,0.06920626,2.961333345450887,1.6650302487667932
G09_Y2_029_112,621987,0.19263767,SFGX,sAGN,10.78,10.83,10.9,621987.0,2.0044658,0.0,7827.042288657434,3.2342799,0.08485492,430.8568,14.639401,67.4752,3.6110806,1525.463,99.36736,621987.0,0.19263767,3.999131,0.0,7827.042288657434,3.6435654,0.07552474,3.412367203157777,2.140860204725645
G09_Y2_033_351,600636,0.20039639,AGNXY,sAGN,10.7,10.77,10.89,600636.0,0.933105,0.0,7877.961217868239,4.6536155,0.080783784,384.54324,8.94053,68.967705,8.3552265,417.0575,60.186554,600636.0,0.20039639,1.4445002,0.0,7877.961217868239,4.830425,0.075693674,3.41905263887543,2.502365092004928
G09_Y3_003_073,381284,0.30223957,AGNXY,UNC,10.96,11.04,11.14,381284.0,2.6732097,0.0,8546.337615602257,3.816972,0.13464715,217.86023,10.28199,15.872042,1.4641173,151.7907,24.595036,381284.0,0.30223957,2.8266017,0.0,8546.337615602257,4.5021243,0.110492274,2.745673461709048,1.7106165299675609
G09_Y3_009_269,208652,0.049788095,UNCX,ELR,10.6,10.76,10.78,208652.0,2.1622205,0.0,6889.549104426788,4.080594,0.8908142,169.7101,48.343845,31.322693,2.9584565,1256.0078,210.98175,208652.0,0.049788095,2.431321,0.0,6889.549104426788,6.032436,0.6006434,3.134488996957505,2.10969509102388
G09_Y4_203_291,3576875,0.2024738,UNCXY,sAGN,10.66,10.67,10.79,3576875.0,0.61883974,0.0,7891.594811054965,3.9650004,0.2554914,227.80313,19.322031,21.479757,0.39784682,1657.966,54.281693,3576875.0,0.2024738,1.2327479,0.0,7891.594811054965,7.7285643,0.15978384,2.911685288242633,1.179371815434732
G09_Y4_212_384,3911945,0.28116322,AGNXY,sAGN,10.97,11.02,11.12,3911945.0,0.6218866,0.0,8408.017717034838,2.53217,0.14001858,524.63336,37.76219,71.23583,18.207844,1020.6525,314.46484,3911945.0,0.28116322,0.7081566,0.0,8408.017717034838,2.67733,0.13771112,3.4048255736022948,2.8123856085894743
G09_Y4_215_230,3913526,0.16076809,SFGX,ELR,10.84,10.95,11.06,3913526.0,0.5364633,0.0,7617.888594279671,2.1598287,0.4988724,25.748695,7.551164,50.131912,13.785619,121.80888,46.443485,3913526.0,0.16076809,0.57136923,0.0,7617.888594279671,2.210781,0.51391286,3.29510035442782,2.734412357288685
G09_Y4_218_081,3588816,0.31779367,AGNXY,sAGN,10.61,10.61,10.61,3588816.0,0.6817898,0.0,8648.416052713234,5.6675997,2.0275154,314.88107,139.81631,73.43327,20.189383,658.22375,223.27252,3588816.0,0.31779367,0.8023684,0.0,8648.416052713234,6.085859,0.42227823,3.405776996575833,2.8450071755457724
G09_Y4_221_370,3911743,0.23285747,AGNXY,sAGN,10.96,10.96,10.99,3911743.0,0.5599329,0.0,8090.99676781519,4.587355,0.4382905,101.22634,12.588338,21.899652,3.3257556,153.99072,43.98878,3911743.0,0.23285747,0.5811136,0.0,8090.99676781519,5.6716733,0.32716554,2.909255888914438,2.090709006278583
G09_Y4_233_237,3873847,0.26956812,AGNXY,sAGN,10.68,10.79,10.9,3873847.0,0.6908733,0.0,8331.921437781213,5.058416,1.6555185,23.360199,10.196764,17.341642,2.7552745,85.784966,27.937275,3873847.0,0.26956812,0.7202384,0.0,8331.921437781213,8.167215,0.7149773,2.7951657530493867,1.9962404094650397
G09_Y6_074_291,388478,0.2833932,SFGX,UNC,11.02,11.15,11.28,388478.0,0.78194046,0.0,8422.652598770097,4.2687826,0.50728446,85.08471,11.86458,73.5851,28.392015,159.19919,73.17407,388478.0,0.2833932,0.81297326,0.0,8422.652598770097,4.5375905,0.465337,3.4181616992100627,3.0045680305880014
G12_Y1_AN1_388,609308,0.3021271,AGNXY,sAGN,10.81,10.87,10.96,609308.0,0.66747653,0.0,8545.599426126564,4.3568163,0.22065194,154.2967,10.026452,25.033836,1.9878106,207.28867,32.448025,609308.0,0.3021271,0.7911892,0.0,8545.599426126564,5.3246984,0.15743665,2.943605574251477,1.8434531736146882
G12_Y1_AX1_025,22002,0.22532038,AGNXY,sAGN,10.77,10.77,10.77,22002.0,0.7737192,0.0,8041.532366760498,3.5665627,0.0899895,314.9067,10.185585,18.52171,0.32724023,911.5975,28.982231,22002.0,0.22532038,1.6747673,0.0,8041.532366760498,5.841597,0.06628153,2.8391629686694047,1.0863485778623103
G12_Y1_BX1_056,22307,0.23272711,AGNXY,sAGN,10.43,10.45,10.52,22307.0,1.6267341,0.0,8090.141254726683,4.036583,0.026255067,789.3641,7.350969,45.44717,1.2507204,635.17633,26.034657,22307.0,0.23272711,5.6830926,0.0,8090.141254726683,4.3197274,0.023595514,3.2263714432590374,1.666024831928867
G12_Y1_CS2_360,30978,0.2582087,UNCXY,sAGN,11.04,11.12,11.19,30978.0,1.0042951,0.0,8257.371819781149,3.6942031,0.05827055,264.87595,5.8774047,132.26347,36.182606,909.66266,386.60645,30978.0,0.2582087,1.5175486,0.0,8257.371819781149,3.8229363,0.05525645,3.6814187745758846,3.118478705203708
G12_Y1_DS1_219,31058,0.3104086,AGNXY,sAGN,10.97,10.97,10.97,31058.0,2.3152542,0.0,8599.949312091307,4.8630433,0.14852811,397.70053,16.466951,19.551035,0.5257117,937.0991,49.549786,31058.0,0.3104086,2.6359081,0.0,8599.949312091307,6.948739,0.07427319,2.8334945645828693,1.2630724539848086
G12_Y1_EN1_192,70321,0.16978267,UNCXY,sAGN,10.67,10.67,10.67,70321.0,0.54811406,0.0,7677.049465101419,3.016568,0.08839855,92.31153,3.6670656,84.23224,28.440506,135.78078,55.537663,70321.0,0.16978267,0.6288594,0.0,7677.049465101419,3.1422403,0.08258737,3.517104714147183,3.0455636829348354
G12_Y1_END1_084,560402,0.16918035,UNCXY,sAGN,10.5,10.58,10.67,560402.0,0.55586386,0.0,7673.096558321724,3.6518743,0.118629776,174.77747,7.6179357,59.25233,20.764992,115.78428,52.11617,560402.0,0.16918035,0.58978486,0.0,7673.096558321724,3.7789857,0.104606055,3.3645554724578557,2.909181807654804
G12_Y1_FN1_127,560638,0.27044743,AGNXY,sAGN,10.54,10.54,10.54,560638.0,0.6593638,0.0,8337.692200831169,3.9263296,0.26501045,119.07862,9.984446,62.077713,4.711787,588.94556,62.145638,560638.0,0.27044743,1.1711599,0.0,8337.692200831169,3.6518886,0.26670605,3.3487105532502657,2.228960494115856
G12_Y1_GND1_322,8593,0.26283577,AGNXY,sAGN,10.72,10.83,10.92,8593.0,0.69009006,0.0,8287.738297309155,4.739704,0.11986679,215.14217,7.2975526,36.796135,6.390628,85.38953,26.519928,8593.0,0.26283577,0.78370917,0.0,8287.738297309155,4.965829,0.09710107,3.124186877623893,2.3639282119655
G12_Y1_GS1_231,31941,0.062831365,UNCXY,sAGN,9.537,9.657,9.757,31941.0,0.5799649,0.0,6975.149480819365,2.5399048,0.045756932,336.8152,8.208372,19.821478,4.2624063,71.00801,22.77932,31941.0,0.062831365,0.6550125,0.0,6975.149480819365,2.6379576,0.040749203,2.9304032185187556,2.262922028800803
G12_Y1_HN1_160,585613,0.25005513,UNCXY,sAGN,10.77,10.85,10.93,585613.0,0.46608174,0.0,8203.861561338854,3.1116307,0.07180736,238.92737,7.578577,57.787067,20.79796,92.26639,42.607006,585613.0,0.25005513,0.49484822,0.0,8203.861561338854,3.1743884,0.06676541,3.3246330320880486,2.8808231184169704
G12_Y1_HS2_141,138669,0.21676491,AGNXY,wAGN,10.83,10.91,10.98,138669.0,0.87728643,0.0,7985.384490107652,4.7577887,0.7988211,32.045303,6.702433,46.475597,8.584385,117.396904,32.46857,138669.0,0.21676491,0.9809286,0.0,7985.384490107652,5.624398,0.619738,3.2417498481936766,2.5082340580185774
G12_Y1_IN1_394,611780,0.24070317,AGNXY,sAGN,10.77,10.82,10.89,611780.0,0.4994728,0.0,8142.48653531924,4.6454625,0.26363757,107.235176,8.168341,56.519184,6.0129085,318.93338,46.101963,611780.0,0.24070317,0.8461148,0.0,8142.48653531924,5.139972,0.231927,3.3182595369162198,2.345148248977071
G12_Y1_ND2_348,7521,0.25670862,SFGX,ELR,10.92,11.01,11.1,7521.0,0.53042877,0.0,8247.527048727034,2.113312,0.5197621,12.366757,4.035215,43.488953,10.93312,66.32762,21.604889,7521.0,0.25670862,0.5552423,0.0,8247.527048727034,2.3876224,0.4950292,3.198875906505821,2.599241069259467
G12_Y1_ND4_047,560597,0.21854547,AGNXY,sAGN,10.6,10.72,10.78,560597.0,0.43019357,0.0,7997.069997496711,3.6167836,0.26727822,91.712166,8.66004,20.81761,1.3562922,200.45041,22.72864,560597.0,0.21854547,0.5707498,0.0,7997.069997496711,5.430946,0.18893658,2.892320673704167,1.7062430697062099
G12_Y1_ND4_326,98958,0.26274493,UNCXY,sAGN,10.42,10.46,10.53,98958.0,0.74403644,0.0,8287.142290932698,3.3541355,0.03561292,497.73373,7.100321,16.617052,1.333515,119.781494,15.436651,98958.0,0.26274493,1.0720044,0.0,8287.142290932698,3.6080875,0.026854191,2.778969886060262,1.683413812347984
G12_Y1_ND5_009,585551,0.12168248,UNCXY,sAGN,10.1,10.15,10.24,585551.0,0.74121344,0.0,7361.3775825764515,2.752478,0.037368473,605.223,11.206926,21.24486,1.3976079,269.73083,28.571825,585551.0,0.12168248,1.2332722,0.0,7361.3775825764515,3.0167196,0.0318277,2.9371154821358467,1.7552469554653714
G12_Y2_004_130,185957,0.29071784,UNCXY,sAGN,11.1,11.14,11.18,185957.0,1.2117507,0.0,8470.722785477948,5.7258177,0.17934687,515.3361,20.234203,80.72639,2.9851618,1407.0598,62.02663,185957.0,0.29071784,6.724321,0.0,8470.722785477948,5.7417145,0.06235965,3.4559157654810964,2.0238681092396313
G12_Y3_022_032,56145,0.15533425,UNCXY,sAGN,10.39,10.48,10.57,56145.0,0.57421684,0.0,7582.227358291606,3.678437,0.10717408,336.14862,12.541804,31.481281,1.3377031,677.2726,55.5284,56145.0,0.15533425,1.2038697,0.0,7582.227358291606,3.9587543,0.07534357,3.0950762958811833,1.7233836335308197
G12_Y4_206_292,172219,0.30977488,UNCXY,sAGN,10.72,10.85,10.98,172219.0,0.5928775,0.0,8595.790207794636,2.535206,0.097149745,372.25952,19.358435,42.42302,1.4495189,1990.9738,93.02108,172219.0,0.30977488,1.3156201,0.0,8595.790207794636,2.8247192,0.08956363,3.170136477274306,1.7037587779502432
G12_Y5_002_272,178033,0.2472336,AGNXY,sAGN,10.8,10.91,11.03,178033.0,0.39687383,0.0,8185.344470327178,3.9084296,0.8472507,66.01477,18.31753,24.160938,2.7328374,292.6569,66.35016,178033.0,0.2472336,0.41333508,0.0,8185.344470327178,6.137238,0.56439084,2.9468975329264433,2.0003975345846867
G12_Y5_010_337,171994,0.2334539,AGNXY,sAGN,10.62,10.67,10.75,171994.0,0.46406117,0.0,8094.910991289385,4.288724,0.32196215,195.25282,18.655346,24.35535,5.572288,138.00217,63.637005,171994.0,0.2334539,0.47913447,0.0,8094.910991289385,4.9161506,0.21472768,2.955203000164387,2.314642179710693
G12_Y6_052_118,131908,0.11075264,AGNXY,sAGN,10.16,10.24,10.33,131908.0,0.8157986,0.0,7289.647224977564,2.5120265,0.0679872,395.13083,13.783906,17.939161,0.8795774,579.3206,43.396214,131908.0,0.11075264,1.8666986,0.0,7289.647224977564,3.4436467,0.05652451,2.8679163189213255,1.5583882533401328
G15_Y1_AN2_301,296575,0.16447157,UNCXY,sAGN,10.34,10.5,10.62,296575.0,0.67093307,0.0,7642.193751450334,3.1510932,0.08151738,428.7071,13.900786,20.794197,1.3353901,339.22516,45.593113,296575.0,0.16447157,0.9031435,0.0,7642.193751450334,3.7058513,0.051656697,2.9115448129030623,1.7192108110692335
G15_Y1_BS2_133,543892,0.18754035,AGNXY,sAGN,10.65,10.72,10.73,543892.0,0.4869545,0.0,7793.589574453021,4.0117297,0.120285206,129.56476,5.8614974,72.41091,11.077526,263.73,47.83233,543892.0,0.18754035,0.8195885,0.0,7793.589574453021,4.2865825,0.10914492,3.4448871770251897,2.6295259496940613
G15_Y1_CX2_384,492406,0.17607313,AGNXY,sAGN,10.59,10.7,10.82,492406.0,0.6417951,0.0,7718.332492797641,4.8051634,0.18617623,426.9154,22.244314,20.1938,1.9870858,243.09949,74.29229,492406.0,0.17607313,0.6984381,0.0,7718.332492797641,5.1018605,0.12884831,2.894515270292306,1.8875138394464168
G15_Y1_ES2_098,48509,0.22061038,AGNXY,sAGN,10.71,10.79,10.86,48509.0,0.8985473,0.0,8010.621574877025,4.8928585,0.1133433,241.54529,7.7212334,43.813503,5.055569,198.13054,38.9734,48509.0,0.22061038,1.1493541,0.0,8010.621574877025,5.162472,0.09194582,3.2147624644651587,2.276924529113543
G15_Y1_GN1_012,229098,0.11909049,UNCXY,sAGN,10.01,10.09,10.28,229098.0,0.7097209,0.0,7344.366849426535,2.6588252,0.028697005,413.2374,6.039363,19.34645,6.27614,29.938253,14.710534,229098.0,0.11909049,0.7336307,0.0,7344.366849426535,2.7010808,0.024103979,2.89746762656373,2.4085589639855565
G15_Y1_GN1_028,107482,0.30572724,UNCXY,wAGN,10.88,10.98,11.09,107482.0,0.71192724,0.0,8569.226408247325,3.0016024,0.22914137,41.27344,4.191714,97.57927,28.922052,247.6909,93.53486,107482.0,0.30572724,0.8550066,0.0,8569.226408247325,3.3906376,0.21730855,3.5332366502039205,3.005108188029695
G15_Y1_GS1_340,619533,0.23583235,UNCXY,sAGN,10.7,10.79,10.8,619533.0,0.55459386,0.0,8110.520259241369,2.737302,0.093239225,177.13875,8.069873,14.117639,1.4460576,117.23406,20.813562,619533.0,0.23583235,0.69366497,0.0,8110.520259241369,3.173133,0.084124014,2.7175340618960306,1.7279575817837034
G15_Y1_GS2_014,49308,0.20665793,UNCXY,sAGN,10.22,10.29,10.36,49308.0,0.6705529,0.0,7919.0544153184765,2.4892974,0.019127386,416.22385,4.426021,30.635653,8.6208315,27.32927,11.553475,49308.0,0.20665793,0.70312244,0.0,7919.0544153184765,2.5101707,0.017691135,3.0643745174915424,2.5136965323187535
G15_Y1_IS1_201,65255,0.25236177,UNCXY,sAGN,11.06,11.16,11.23,65255.0,0.5042379,0.0,8218.999564751392,5.022865,0.13702281,402.67792,14.791343,50.1995,6.797925,378.525,73.91119,65255.0,0.25236177,0.68602574,0.0,8218.999564751392,5.2382874,0.12182778,3.2627011369603522,2.394378114277825
G15_Y2_003_399,492699,0.27721092,AGNXY,sAGN,10.48,10.56,10.65,492699.0,1.2348375,0.0,8382.07960849223,4.0838633,0.062263366,382.98712,7.6572056,24.601315,1.2182252,215.58278,22.202234,492699.0,0.27721092,1.4859633,0.0,8382.07960849223,4.5357285,0.041999605,2.944427243532695,1.6391965007150375
G15_Y2_004_142,509592,0.30835074,AGNXY,sAGN,10.6,10.68,10.87,509592.0,0.62345886,0.0,8586.444049199896,6.031688,0.39140102,97.84032,10.57433,42.551464,5.4735637,181.96646,45.631115,509592.0,0.30835074,0.80098695,0.0,8586.444049199896,6.150805,0.3131907,3.1719218653531893,2.2812775352646373
G15_Y2_019_117,618341,0.12702745,AGNXY,sAGN,10.13,10.18,10.26,618341.0,0.740227,0.0,7396.455511079027,2.3497746,0.050702017,320.96622,9.1094265,42.518295,8.418999,149.47803,40.37885,618341.0,0.12702745,0.83933014,0.0,7396.455511079027,2.4200966,0.0479981,3.2363728943944934,2.533057511504388
G15_Y2_021_201,511949,0.20707396,AGNXY,sAGN,10.45,10.56,10.66,511949.0,0.605161,0.0,7921.784725528365,2.3947833,0.033608258,569.5992,11.476692,39.964928,7.2431855,162.09811,42.179085,511949.0,0.20707396,0.706053,0.0,7921.784725528365,2.4469514,0.031399656,3.1796767015408034,2.4379272743961944
G15_Y3_014_304,238649,0.28048635,UNCXY,sAGN,10.18,10.23,10.32,238649.0,0.6960506,0.0,8403.57556810698,2.4717493,0.05949015,390.8556,12.178168,18.680468,3.269387,95.82484,25.182222,238649.0,0.28048635,0.7740799,0.0,8403.57556810698,2.6130993,0.052910157,2.823744345533005,2.0668229245784864
G15_Y3_018_010,49516,0.24978136,UNCXY,sAGN,10.46,10.58,10.71,49516.0,0.566445,0.0,8202.064823304107,3.679925,0.2563217,54.956787,4.9096084,52.2164,10.259133,117.48987,29.962206,49516.0,0.24978136,0.6681899,0.0,8202.064823304107,4.1274104,0.21645947,3.2807044321897805,2.57400816567881
G15_Y3_026_332,78879,0.13191599,UNCXY,sAGN,10.13,10.24,10.38,78879.0,0.53960097,0.0,7428.538036688679,2.5368276,0.21008171,275.10278,30.186369,28.504694,7.993306,304.6604,125.909485,78879.0,0.13191599,0.57087666,0.0,7428.538036688679,2.8467755,0.17762262,3.060833734673787,2.5086437904556056
G15_Y3_032_092,593449,0.29268712,SFGXY,SFG,10.65,10.66,10.66,593449.0,0.8462594,0.0,8483.6467895205,5.062577,0.21411048,150.11621,8.06688,21.06142,0.40523323,561.3216,20.702112,593449.0,0.29268712,1.2088993,0.0,8483.6467895205,7.7519283,0.13029537,2.8717257730187726,1.1559431754766112
G15_Y3_037_368,238376,0.30199695,UNCXY,UNC,10.58,10.58,10.59,238376.0,0.6371323,0.0,8544.745263607858,3.1880236,0.09509231,424.75662,16.34308,22.784643,6.9324565,89.13259,39.61135,238376.0,0.30199695,0.6599515,0.0,8544.745263607858,3.3273392,0.0816809,2.9027638111391214,2.386008736021494
G15_Y4_206_141,715463,0.24355794,SFGXY,SFG,10.24,10.36,10.47,715463.0,0.43794826,0.0,8161.221810264757,4.0976086,0.34856397,150.71193,16.746439,32.89995,8.032528,155.06664,56.215225,715463.0,0.24355794,0.46807116,0.0,8161.221810264757,4.8064117,0.29910237,3.0822607593399898,2.46991776951399
G15_Y4_217_134,250955,0.3138712,SFGX,sAGN,10.8,10.93,11.03,250955.0,0.59316325,0.0,8622.673646436877,2.3955872,0.14324221,59.9511,4.8072386,38.248634,9.701024,46.51524,16.190763,250955.0,0.3138712,0.64158326,0.0,8622.673646436877,2.5284169,0.13736175,3.1237946833317767,2.5279963328417843
G15_Y5_029_255,748809,0.27886024,UNCXY,sAGN,10.57,10.57,10.71,748809.0,0.6720913,0.0,8392.903753446704,3.655248,0.18210521,48.951794,3.0865362,28.465664,0.54547775,283.1484,10.763911,748809.0,0.27886024,1.4461302,0.0,8392.903753446704,5.0521116,0.15705414,3.0072297788765123,1.2896855005498573
G15_Y6_101_329,64666,0.13790731,UNCXY,sAGN,10.16,10.26,10.28,64666.0,0.5840435,0.0,7467.857862380805,2.5903006,0.030604022,675.59766,10.947431,19.145027,3.6339843,89.531044,25.893877,64666.0,0.13790731,0.6520035,0.0,7467.857862380805,2.658921,0.026469534,2.8856806427728507,2.1640077062904086
