SPECID,CATAID_x,Z_x,WHAN,BPT,mass_stellar_percentile50,CATAID_y,HB_REDCHI_EMB,HB_REDCHI_EMABS,HB_FITFAIL_x,HB_MODSEL_EM_LINE_x,HB_MODSEL_EMB_EM,HB_MODSEL_NABS_N,HB_CEN_x,SIG_HB_N,SIG_HB_N_ERR,HB_N_FLUX,HB_N_FLUX_ERR,SIG_HB_B,SIG_HB_B_ERR,HB_B_FLUX,HB_B_FLUX_ERR,HA_REDCHI_EMB,HA_REDCHI_EMABS,HA_FITFAIL_x,HA_MODSEL_EM_LINE_x,HA_MODSEL_EMB_EM,HA_MODSEL_NABS_N,HA_CEN_x,SIG_HA_N,SIG_HA_N_ERR,HA_N_FLUX,HA_N_FLUX_ERR,SIG_HA_B,SIG_HA_B_ERR,HA_B_FLUX,HA_B_FLUX_ERR,CATAID,Z_y,HB_REDCHI_ABS,HB_REDCHI_EM,HB_FITFAIL_y,HB_MODSEL_EM_LINE_y,HB_MODSEL_ABS_LINE,HB_MODSEL_EM_ABS,HB_CEN_y,SIG_HB,SIG_HB_ERR,HA_REDCHI_ABS,HA_REDCHI_EM,HA_FITFAIL_y,HA_MODSEL_EM_LINE_y,HA_MODSEL_ABS_LINE,HA_MODSEL_EM_ABS,HA_CEN_y,SIG_HA,SIG_HA_ERR,VEL_B_HB,VEL_B_HB_ERR,BLR_HB
1031470589610584064,463453,0.13956514,sAGN,AGNXY,10.45,463453,0.9790536,1.631088,0.0,201,201,0,5650.909921816167,2.1552784,0.44990358,34.79569,9.888581,40.103405,2.747301,490.36377,44.02613,1.3984905,5.9675612,0.0,201,201,0,7478.737917396927,3.2299314,0.1491051,188.53032,11.851646,50.51972,1.4670792,1433.2244,56.471775,463453,0.13956514,9.926667,1.6178629,0.0,201,0,201,5650.909921816167,9.31396,-0.0,31.347218,5.881758,0.0,201,0,201,7478.737917396927,3.160522,0.12968345,3.3278835666144007,2.1636085626670747,True
1034794413781444608,492762,0.093234986,sAGN,UNCXY,10.88,492762,3.6026523,13.589684,0.0,201,201,0,5421.166516362106,8.935291,-0.0,1043.9971,59.677284,28.946468,0.45359343,5883.253,152.08485,1.5413079,18.211254,0.0,201,201,0,7174.682333178914,7.1757445,0.18229313,3622.9316,143.87276,31.89552,0.3822814,15041.947,438.41458,492762,0.093234986,45.32076,17.104176,0.0,201,0,201,5421.166516362106,8.935291,-0.0,310.01462,17.935326,0.0,201,0,201,7174.682333178914,7.0887394,0.1328604,3.2043235350723043,1.3993947111311307,True
1034872204229109760,493251,0.13818395,sAGN,AGNXY,10.54,493251,1.3179333,1.4102334,0.0,201,201,0,5644.06082778892,2.975646,0.22010976,198.73398,18.998428,16.206886,2.8305073,172.93001,46.337955,1.4530264,3.405288,0.0,201,201,1,7469.673433993352,3.7905443,0.09498751,1074.7875,35.23445,18.978285,0.38923484,1894.0388,85.05371,493251,0.13818395,13.546291,1.4134401,0.0,201,0,201,5644.06082778892,3.7359145,0.18719058,116.76836,3.354546,0.0,201,0,201,7469.673433993352,5.510159,0.06407753,2.934928594577703,2.1770932965806566,True
317525791778826240,53744,0.13478902,SFG,UNCXY,10.39,53744,1.4498295,5.4260488,0.0,201,201,0,5627.2259132021845,3.760481,0.32077363,211.85117,23.654774,34.747116,0.8940492,2301.8708,80.01841,1.7914364,19.669172,0.0,201,201,0,7447.393143598016,6.011727,0.13610794,1338.2615,44.326565,41.7911,0.8522567,5853.4565,265.33734,53744,0.13478902,29.979324,6.154282,0.0,201,0,201,5627.2259132021845,9.274923,-0.0,201.24815,156.16548,0.0,201,0,201,7447.393143598016,2.9447362,0.1835829,3.267445116150534,1.6778877709461437,True
318699525491419136,30518,0.22300434,sAGN,UNCXY,10.66,30518,1.2369167,2.9156437,0.0,201,201,0,6064.670703495271,9.99593,-0.0,152.69687,22.55152,47.558193,2.1484272,1476.6427,89.965645,1.2687134,7.4352074,0.0,201,201,0,8026.33263921843,8.081858,0.93969476,330.7244,53.841114,42.486797,0.9722226,3888.185,165.60464,30518,0.22300434,6.0382357,3.382763,0.0,201,0,201,6064.670703495271,9.99593,-0.0,58.70487,7.3225527,0.0,201,0,201,8026.33263921843,6.805308,0.37138247,3.371238823192865,2.026134120283867,True
319914760449583104,7618,0.22874618,sAGN,UNCXY,10.59,7618,1.3582518,1.9760586,0.0,201,201,0,6093.143475682382,2.3795552,0.19217008,81.18384,8.510061,30.47479,1.9860593,303.50198,28.61067,1.6228863,5.060211,0.0,201,201,0,8064.015137066621,2.7636964,0.08482337,297.57016,13.289721,27.010128,0.5582137,1065.5078,35.114803,7618,0.22874618,9.072477,2.026287,0.0,201,0,201,6093.143475682382,4.9433837,0.2483668,53.091614,4.9835415,0.0,201,0,201,8064.015137066621,4.387919,0.08415088,3.1759200199228235,1.989971509890418,True
320958471644145664,692601,0.25979796,sAGN,AGNXY,10.46,692601,9.9056,38.614193,0.0,201,201,0,6247.124017421664,3.0800297,0.13556752,250.0601,14.885409,42.920147,0.37726837,4138.821,50.404377,1.7046248,103.02705,0.0,201,201,0,8267.801807174568,4.732475,0.10924053,1238.4523,40.179237,51.964375,0.29674968,13738.114,133.07181,692601,0.25979796,157.9365,42.095146,0.0,201,0,201,6247.124017421664,10.296654,-0.0,405.72653,330.31955,0.0,201,0,201,8267.801807174568,3.2691298,0.32710254,3.3138017760557905,1.2577909710012023,True
320971116027865088,22727,0.19701257,sAGN,SFGXY,10.92,22727,1.4424404,1.9486188,0.0,201,201,0,5935.781984212118,7.20549,0.8550138,292.93576,51.193348,20.181038,1.1676825,941.907,118.876755,1.8256913,3.0567148,0.0,201,201,0,7855.753924398315,10.183089,0.27873018,1648.9434,61.237106,30.557224,0.77291983,2002.7783,108.36795,22727,0.19701257,14.051864,2.2240782,0.0,201,0,201,5935.781984212118,9.783492,-0.0,115.46397,3.7379026,0.0,201,0,201,7855.753924398315,9.671441,0.1947795,3.008286261759572,1.770667533106052,True
321040660138321920,23104,0.07804239,sAGN,AGNXY,10.43,23104,1.7611713,3.3952038,0.0,201,201,0,5345.829001246087,1.8106875,-0.0,0.0,-0.0,56.27123,2.420459,2650.6382,139.39589,1.6052508,25.434134,0.0,201,201,0,7074.976349771632,6.1684847,0.57295597,394.28586,47.78425,53.802517,0.8082179,8795.523,178.21346,23104,0.07804239,17.477703,3.8064978,0.0,201,0,201,5345.829001246087,8.811118,-0.0,95.97726,25.06067,0.0,201,0,201,7074.976349771632,4.272404,0.28598803,3.4990920484502412,2.132703370755486,True
323178112302999552,561225,0.25329715,sAGN,UNCXY,10.75,561225,1.569027,2.1041684,0.0,201,201,0,6214.887584671353,2.355447,0.5738558,20.305595,6.5114913,39.257244,2.1950865,404.3872,29.780369,1.4776113,2.775673,0.0,201,201,0,8225.138265326095,3.178878,0.31529135,80.26018,10.3814,32.77706,0.7947899,1127.1494,41.94799,561225,0.25329715,7.5596046,2.3111231,0.0,201,0,201,6214.887584671353,10.243521,-0.0,34.38518,2.7334037,0.0,201,0,201,8225.138265326095,4.810165,0.22947598,3.277307232725158,2.0248390642357648,True
323243533244852224,751044,0.29325515,sAGN,AGNXY,10.75,751044,1.8174736,7.6201596,0.0,201,201,0,6413.032497452571,2.10266,0.33441496,22.767824,5.082551,55.699673,1.3596759,869.5188,27.329723,1.6213193,9.784187,0.0,201,201,200,8487.374594140187,4.8633876,0.31530488,152.58945,13.228274,57.638447,1.2232409,2504.8582,72.068375,751044,0.29325515,20.71258,7.5604715,0.0,201,0,201,6413.032497452571,10.570107,-0.0,51.36332,10.036207,0.0,201,0,201,8487.374594140187,5.0779953,0.22058474,3.415609907795712,1.8031926620869347,True
323304006384379904,586321,0.05042732,sAGN,AGNXY,9.957,586321,5.1956797,5.973963,0.0,201,201,0,5208.890590050395,1.7121817,0.042198848,703.0853,23.380259,10.428834,0.57661855,614.9582,52.86248,2.929544,30.384232,0.0,201,201,1,6893.74421152722,2.2591047,0.02087408,3364.9746,48.570007,17.142641,0.13783367,5230.0264,71.851295,586321,0.05042732,70.70316,6.2694607,0.0,201,0,201,5208.890590050395,2.2849565,0.037237193,350.8373,29.937353,0.0,201,0,201,6893.74421152722,3.8928106,0.022470783,2.7783112221925044,1.5209640771887187,True
324318855230941184,537289,0.25738645,sAGN,UNCXY,10.94,537289,1.2117143,1.9547498,0.0,201,201,0,6235.165696781846,3.5701494,0.41008264,109.73833,16.437958,30.077848,1.5679035,738.1007,53.971584,1.3386958,2.9888763,0.0,201,201,0,8251.975480576773,4.389986,0.21139728,488.79987,30.979677,31.647163,0.8734291,2180.7578,115.22621,537289,0.25738645,11.530187,1.9394385,0.0,201,0,201,6235.165696781846,10.276943,-0.0,47.51922,2.9530869,0.0,201,0,201,8251.975480576773,4.9277825,0.14605245,3.160219464047506,1.877292033356545,True
340163637186422784,617634,0.13576049,sAGN,AGNXY,10.9,617634,1.9355563,2.0427647,0.0,201,201,0,5632.043289388222,4.3818355,0.8878926,84.275986,22.084425,28.730556,4.2606816,326.2185,67.64794,1.7926136,6.068843,0.0,201,201,0,7453.768735218365,5.2440267,0.2219583,455.1584,26.470884,36.660133,0.8199468,2510.379,87.56784,617634,0.13576049,15.1929865,2.0262017,0.0,201,0,201,5632.043289388222,9.282864,-0.0,47.905643,6.229508,0.0,201,0,201,7453.768735218365,5.5299993,0.1966276,3.1844987493127372,2.355633799339165,True
343456948131227648,48183,0.15836887,sAGN,AGNXY,10.91,48183,1.097529,1.2781111,0.0,201,201,0,5744.154405264338,9.467648,-0.0,112.20348,32.40381,59.69592,9.828816,836.10815,172.7795,1.0506492,2.640468,0.0,201,201,0,7602.143008541574,2.4951012,0.5904848,189.1684,77.20761,31.459284,23.224276,2174.1155,2128.379,48183,0.15836887,6.2426643,1.267748,0.0,201,0,201,5744.154405264338,9.467648,-0.0,13.4711,2.6002576,0.0,201,0,201,7602.143008541574,3.254945,0.35899353,3.4935392472083238,2.7100958024695987,True
345696929033775104,594304,0.103977285,sAGN,UNCXY,10.59,594304,1.4526541,5.7731633,0.0,201,201,0,5474.435777620177,9.023091,-0.0,251.87825,36.098537,44.579296,1.2492015,3568.8254,137.74464,1.6449745,18.85888,0.0,201,201,0,7245.181925194071,2.7204297,0.30620524,295.51056,43.831917,35.62682,0.30108285,10820.591,149.5302,594304,0.103977285,14.480492,6.6387725,0.0,201,0,201,5474.435777620177,9.023091,-0.0,134.14844,18.749182,0.0,201,0,201,7245.181925194071,5.3954597,0.2055376,3.3876145434261367,1.8351138346878066,True
345714521219819520,64474,0.1378672,sAGN,AGNXY,10.64,64474,1.4666511,1.8083377,0.0,201,201,0,5642.490116017201,2.2316222,1.8808831,11.116711,12.173881,42.033466,3.8471591,564.10864,64.701416,1.4048195,6.8433833,0.0,201,201,201,7467.594664052409,5.2056456,0.33870175,321.43314,28.194021,36.24531,0.6490831,3348.4468,101.953064,64474,0.1378672,13.260242,1.904732,0.0,201,0,201,5642.490116017201,9.300082,-0.0,90.238655,7.553048,0.0,201,0,201,7467.594664052409,4.434828,0.2463286,3.348945098516087,2.3104900429431554,True
346920960336619520,107713,0.2963834,sAGN,AGNXY,10.97,107713,1.5077317,3.0076485,0.0,201,201,0,6428.545087954553,1.003665,-0.0,7.293036,3.8416586,39.116158,1.3955646,425.94724,19.95885,1.0361865,3.0178907,0.0,201,201,0,8507.904845089037,4.0136914,0.6331561,63.44563,13.8247595,39.39647,0.94701546,1375.1549,55.01694,107713,0.2963834,9.707936,3.4336627,0.0,201,0,201,6428.545087954553,10.595675,-0.0,28.795742,2.972165,0.0,201,0,201,8507.904845089037,7.178469,0.5201807,3.2610642003460004,1.8134579532296613,True
346927282528479232,619960,0.08045285,SFG,SFGXY,10.31,619960,2.5577142,3.798077,0.0,201,201,0,5357.782085715991,5.1733103,0.1867118,926.7202,44.132393,20.508274,0.78524184,1531.8867,103.471016,2.9722114,10.113316,0.0,201,201,200,7090.795746522199,6.683551,0.10667897,3974.991,86.44331,24.666128,0.37126037,5054.12,173.27257,619960,0.08045285,43.75316,3.7681708,0.0,201,0,201,5357.782085715991,8.83082,-0.0,220.81297,10.25934,0.0,201,0,201,7090.795746522199,7.258565,0.07022826,3.0597647683118208,1.6428390891648148,True
372819143939876864,185507,0.15037559,UNC,UNCXY,11.03,185507,4.3498063,4.50219,0.0,201,201,0,5704.517109575027,3.2732887,0.30261755,403.29822,46.98003,14.628923,0.7061572,1280.7697,129.07085,2.5159378,7.881663,0.0,201,201,0,7549.684740702215,3.9196281,0.09120062,2391.1597,75.069405,21.589445,0.2972905,6019.3184,164.15497,185507,0.15037559,14.933522,4.5082912,0.0,201,0,201,5704.517109575027,6.5033307,0.23740117,121.12077,8.6191225,0.0,201,0,201,7549.684740702215,5.617481,0.063085765,2.885814169865621,1.56950320742974,True
372842508561967104,144673,0.08336702,sAGN,AGNXY,10.27,144673,2.0842102,5.926351,0.0,201,201,0,5372.23295492219,2.877856,0.25107667,268.08884,30.858065,25.842083,0.53906775,3014.3804,91.599815,1.2435876,12.501485,0.0,201,201,0,7109.920854684781,3.7129934,0.20304869,906.79663,64.36112,27.935642,0.21718706,11949.01,198.64107,144673,0.08336702,43.109802,6.679159,0.0,201,0,201,5372.23295492219,8.854638,-0.0,210.01791,12.312068,0.0,201,0,201,7109.920854684781,5.277489,0.113326475,3.1589933833317536,1.478309217028964,True
4304504827582873600,217012,0.18190922,SFG,SFGX,10.25,217012,9.211693,9.290804,0.0,200,110,0,5860.887001296484,0.91503865,-0.0,0.0,-0.0,38.773823,7.843512,55.339268,14.136258,33.3741,49.305298,0.0,201,201,0,7756.633613456617,9.672538,0.15888979,889.9303,16.93387,60.539555,1.4167699,1149.8258,34.776917,217012,0.18190922,9.376718,9.190203,0.0,200,1,200,5860.887001296484,9.6600485,-0.0,192.87904,48.868996,0.0,201,0,201,7756.633613456617,10.681552,0.24634878,3.2973959781686064,2.6033679200472957,True
4329326024162017280,696654,0.30743268,UNC,UNCXY,10.39,696654,2.3413959,2.6458702,0.0,201,201,0,6483.3364662450085,4.8482833,0.4375481,68.97454,7.813892,20.76514,1.2363518,174.52803,17.531008,1.6795855,5.8488727,0.0,201,201,0,8580.418893983231,3.3623044,0.0993393,196.85493,7.7198954,20.672323,0.4260517,682.40393,21.028389,696654,0.30743268,44.077335,2.6419158,0.0,201,0,201,6483.3364662450085,10.685985,-0.0,96.152534,5.7412696,0.0,201,0,201,8580.418893983231,6.67506,0.09518785,2.9823570056227586,1.7571642075848615,True
526952249683896320,278841,0.05252468,sAGN,AGNXY,10.64,278841,2.7794049,4.833264,0.0,201,201,0,5219.291032005643,1.9931607,0.12115637,344.28043,28.325592,43.561016,1.9205995,2403.0903,135.94038,1.5512943,19.768213,0.0,201,201,0,6907.508752226781,3.7144377,0.08516528,2453.5042,76.42629,31.757809,0.29055008,14049.874,240.86133,278841,0.05252468,47.952183,4.795504,0.0,201,0,201,5219.291032005643,8.602555,-0.0,228.36891,19.464087,0.0,201,0,201,6907.508752226781,4.101347,0.06343246,3.398307189291531,2.042646000241596,True
528174356874946560,376679,0.10689813,sAGN,AGNXY,11.06,376679,3.4399002,5.9202185,0.0,201,201,0,5488.919734429964,1.857404,0.088702664,558.3067,36.27327,26.776766,0.9088615,2653.2302,124.35715,0.95957345,16.714,0.0,201,201,0,7264.350823386751,2.4411328,0.04162057,2826.2488,70.82053,27.266815,0.29674163,9084.776,174.35022,376679,0.10689813,34.056747,5.912174,0.0,201,0,201,5488.919734429964,9.046964,-0.0,151.41643,16.460772,0.0,201,0,201,7264.350823386751,2.9797564,0.036553264,3.165091946216772,1.6958315296737556,True
528184252479596544,719471,0.28214732,sAGN,UNCXY,10.6,719471,1.6724461,12.688373,0.0,201,201,0,6357.950754506495,10.479321,-0.0,218.68033,13.151371,47.790985,0.82182705,1798.31,44.359314,1.4360814,23.72609,0.0,201,201,0,8414.47626002646,11.146048,0.43500847,891.55707,42.10154,64.60436,1.2536706,3978.2412,116.227036,719471,0.28214732,31.8413,14.454943,0.0,201,0,201,6357.950754506495,10.479321,-0.0,155.00294,23.413744,0.0,201,0,201,8414.47626002646,8.434233,0.24102621,3.352849524838027,1.5882839748959556,True
529211196608374784,197639,0.28247994,sAGN,UNCXY,10.87,197639,0.9838835,1.286756,0.0,201,201,0,6359.600152984702,2.8006477,1.2688361,17.218437,10.336083,56.079556,5.923306,377.259,50.89378,1.1413163,1.7553414,0.0,201,201,0,8416.65916846254,3.2868943,0.39074275,98.363525,16.354101,48.25215,3.214715,857.506,91.23283,197639,0.28247994,1.8347126,1.3208708,0.0,201,0,201,6359.600152984702,10.482039,-0.0,8.372808,1.7301234,0.0,201,0,201,8416.65916846254,3.260147,0.31934136,3.4221954583317826,2.4459550608305216,True
529278266817669120,600408,0.19631727,sAGN,AGNXY,10.92,600408,2.739447,4.9629197,0.0,201,201,0,5932.334043707728,2.218632,0.20560248,135.51051,17.007017,37.885197,1.263611,1476.8057,67.15011,1.9559264,15.984638,0.0,201,201,0,7851.190722410691,2.6678803,0.076088645,635.57574,26.931944,38.71199,0.38822073,4841.5723,78.25109,600408,0.19631727,35.036087,4.9629145,0.0,201,0,201,5932.334043707728,9.777809,-0.0,129.98904,15.741218,0.0,201,0,201,7851.190722410691,3.035951,0.06711762,3.2820646550896058,1.8052085030761895,True
530323352535984128,600710,0.16261621,sAGN,AGNXY,10.93,600710,0.9784276,1.2857987,0.0,201,201,0,5765.216245887518,3.7368484,0.6570345,78.704704,18.035202,56.59801,7.092068,623.3119,95.78395,1.4100535,3.6138735,0.0,201,201,0,7630.01745500384,6.53056,0.3654918,554.3618,46.30407,31.597057,1.3594939,1658.0829,158.5898,600710,0.16261621,4.37799,1.2881484,0.0,201,0,201,5765.216245887518,9.502362,-0.0,40.943886,3.9975183,0.0,201,0,201,7630.01745500384,12.828201,-0.0,3.468806262716699,2.5667779922021596,True
530346167402260480,377246,0.16429628,sAGN,AGNXY,11.07,377246,1.3930664,3.258171,0.0,201,201,0,5773.547411574823,2.5693784,-0.0,0.0,-0.0,34.975037,1.055799,2004.1105,78.89178,2.201849,21.246662,0.0,201,201,200,7641.043396946609,2.689409,0.38695678,153.98929,28.776812,39.38311,0.5580104,7818.3223,246.98766,377246,0.16429628,8.116581,3.9912128,0.0,201,0,201,5773.547411574823,9.516093,-0.0,133.48135,22.109081,0.0,201,0,201,7641.043396946609,9.456401,0.57930255,3.259136148999745,1.7389592127197673,True
531566625829185536,747874,0.30772892,SFG,SFGXY,10.31,747874,1.2720499,1.4238236,0.0,201,201,0,6484.80543052341,10.688405,-0.0,177.5777,7.799331,50.057648,6.764602,149.2188,27.460516,1.1190778,1.2218938,0.0,201,201,0,8582.363005462652,9.634036,0.6072265,349.48132,38.16859,29.38658,1.9389641,594.73474,94.31671,747874,0.30772892,7.2652073,1.4816879,0.0,201,0,201,6484.80543052341,10.688405,-0.0,24.104103,1.9488298,0.0,201,0,201,8582.363005462652,14.429362,-0.0,3.3643941929081795,2.495166002513567,True
598996376063338496,318826,0.20117915,sAGN,AGNXY,10.66,318826,1.3345879,1.500354,0.0,201,201,0,5956.443258834358,1.1616892,0.20972991,65.86348,15.50353,16.926662,1.8413115,365.89374,55.89428,1.7100351,5.17464,0.0,201,201,0,7883.098238867485,1.9584563,0.1555925,704.95325,124.47092,21.923222,0.9457976,2277.9163,239.13383,318826,0.20117915,7.5518494,1.4726574,0.0,201,0,201,5956.443258834358,9.817547,-0.0,58.077633,5.3732953,0.0,201,0,201,7883.098238867485,2.9389231,0.05586112,2.9304050159676773,1.9669609594590838,True
600117603062540288,296974,0.11648728,sAGN,AGNXY,10.98,296974,1.3637526,1.968624,0.0,201,201,0,5536.470688048707,1.4078972,0.61795515,45.88734,26.458452,67.90652,6.1350255,2659.1243,289.15173,0.95582587,5.5345244,0.0,201,201,0,7327.282479484109,2.4458363,0.30685657,254.66805,41.988037,36.09324,0.65293497,6553.268,187.12839,296974,0.11648728,7.052348,2.0360463,0.0,201,0,201,5536.470688048707,9.125339,-0.0,45.36127,5.4502425,0.0,201,0,201,7327.282479484109,3.3480434,0.22555043,3.5654991727550307,2.521404070167866,True
600121726231144448,238492,0.25236303,sAGN,UNCXY,10.71,238492,1.4785585,2.7897584,0.0,201,201,0,6210.255461422268,10.235886,-0.0,163.55867,13.20723,33.946922,1.3522072,535.38934,34.050426,1.8162954,3.7930605,0.0,201,201,0,8219.007848055197,5.9635234,0.48085222,230.24762,24.559378,30.87399,0.5944664,1901.1981,79.52232,238492,0.25236303,10.06245,3.3145204,0.0,201,0,201,6210.255461422268,10.235886,-0.0,85.24889,4.2986994,0.0,201,0,201,8219.007848055197,9.281907,0.33173785,3.2145116400052074,1.8147544815638006,True
600138493783468032,717517,0.26541358,sAGN,UNCXY,10.62,717517,1.3339237,1.5302582,0.0,201,201,0,6274.970934245739,4.6518726,1.3097194,81.01749,29.45856,23.049635,2.0974572,581.70795,82.13341,0.7875863,1.0532582,0.0,201,201,0,8304.656012181587,9.046711,0.69554895,843.02295,116.689964,32.68953,2.7050457,1754.724,336.64465,717517,0.26541358,5.9372926,1.518303,0.0,201,0,201,6274.970934245739,10.342551,-0.0,17.8937,6.3231826,0.0,201,0,201,8304.656012181587,10.908305,1.6211768,3.0418730369852462,2.0009020919536895,True
600145915486955520,238358,0.054054633,sAGN,AGNXY,10.76,238358,2.2227046,3.038196,0.0,201,201,0,5226.877816909298,3.1716497,0.55735207,282.48648,65.33704,41.985043,2.364222,3718.0505,274.303,0.80351925,7.207818,0.0,201,201,201,6917.549537996707,4.598629,0.26479283,1878.9574,149.29042,32.241783,0.62619513,15711.992,603.09607,238358,0.054054633,19.330881,3.2227423,0.0,201,0,201,5226.877816909298,8.61506,-0.0,93.841896,7.5612154,0.0,201,0,201,6917.549537996707,4.3323035,0.16187645,3.3816729570609656,2.1322666090395903,True
602527182878697472,343175,0.28637165,sAGN,SFGXY,10.7,343175,1.439326,1.4895455,0.0,201,12,0,6378.898461655959,3.5743177,0.872456,38.98664,12.384675,15.412972,3.0417802,95.35385,31.66995,1.1324651,1.1874199,0.0,201,21,0,8442.19965571118,4.5520062,0.459922,246.78165,32.16712,21.799934,2.3294892,420.43118,105.68573,343175,0.28637165,2.4411411,1.4788568,0.0,201,0,201,6378.898461655959,9.018005,0.87769103,10.783041,1.2059232,0.0,201,0,201,8442.19965571118,5.7992773,0.25125843,2.8599614032050424,2.1552028423505876,True
603490630361966592,240161,0.2956451,sAGN,SFGXY,11.15,240161,3.1864715,7.3662577,0.0,201,201,0,6424.883875312137,10.589642,-0.0,869.7722,24.394772,44.630634,1.2168285,1868.0786,73.23578,1.3415035,5.2954144,0.0,201,201,0,8503.059386536108,10.097969,0.26617068,2487.5164,101.390465,40.21095,1.0485716,5077.2417,292.02704,240161,0.2956451,30.04962,8.362523,0.0,201,0,201,6424.883875312137,10.589642,-0.0,137.76389,5.5356884,0.0,201,0,201,8503.059386536108,10.391828,0.22896492,3.3185884766325064,1.754184793393057,True
603502175234058240,321011,0.28006503,sAGN,UNCXY,10.98,321011,1.1259332,1.598638,0.0,201,201,0,6347.624998789828,4.31956,0.9970566,59.100174,17.79536,49.202095,3.4883897,734.2102,69.15392,1.3767518,2.4697142,0.0,201,201,0,8400.810563373629,7.7048154,0.5500384,472.1542,46.864105,52.2451,3.3579295,2006.6605,237.44963,321011,0.28006503,2.9433823,1.6699623,0.0,201,0,201,6347.624998789828,10.462301,-0.0,17.272203,2.4645553,0.0,201,0,201,8400.810563373629,7.363174,0.46915236,3.366193036275709,2.216834436577664,True
603567046420097024,239599,0.21111476,sAGN,AGNXY,10.83,239599,1.384616,2.0662737,0.0,201,201,0,6005.71231995715,0.93764967,-0.0,2.4079258,4.654407,65.86892,4.7603292,935.97455,83.87328,1.6180884,6.8265796,0.0,201,201,0,7948.303736861894,5.5130033,0.49505192,188.09178,23.651175,55.923412,1.6932458,2764.4768,120.21986,239599,0.21111476,4.5457563,2.1831486,0.0,201,0,201,6005.71231995715,9.898753,-0.0,34.099792,6.7908196,0.0,201,0,201,7948.303736861894,4.9382224,0.34966144,3.5169367204574815,2.3758931650791673,True
604616530319140864,240500,0.075382754,sAGN,AGNXY,10.08,240500,1.085831,1.3130008,0.0,201,201,0,5332.640357481164,1.2251451,0.35101646,37.08627,13.99326,62.72131,10.221516,754.82794,149.89996,0.97871006,8.262411,0.0,201,201,0,7057.521743067856,2.6678262,0.09749482,475.03552,23.806131,39.999603,0.88993233,2883.124,94.92703,240500,0.075382754,7.3906775,1.31478,0.0,201,0,201,5332.640357481164,1.6692356,0.33672556,50.66051,8.200012,0.0,201,0,201,7057.521743067856,2.6451938,0.08457279,3.5472935282953544,2.7593937206166155,True
604704766127269888,251811,0.13993292,sAGN,AGNXY,10.42,251811,1.6350479,2.7834084,0.0,201,201,0,5652.733659453871,2.3290653,0.25823185,133.18478,19.63083,30.474028,1.1822608,1380.2893,72.93023,1.423634,9.031666,0.0,201,201,0,7481.15155626415,3.5544226,0.11704158,809.5475,36.23491,33.285137,0.38953248,5458.53,112.239006,251811,0.13993292,27.317947,2.8403857,0.0,201,0,201,5652.733659453871,9.316966,-0.0,117.90896,8.894822,0.0,201,0,201,7481.15155626415,4.083383,0.08706346,3.208492041940992,1.7972754696953575,True
604760566342379520,262966,0.21121311,sAGN,AGNXY,11.1,262966,2.3517926,8.160739,0.0,201,201,0,6006.199973390578,0.93772584,-0.0,23.11288,7.9583573,39.060905,0.74275786,2669.3823,68.7044,1.6497363,25.691322,0.0,201,201,0,7948.94912535217,2.6775756,0.3397033,155.68993,26.031723,42.94879,0.36829948,8299.755,120.11874,262966,0.21121311,27.031599,9.045744,0.0,201,0,201,6006.199973390578,9.899557,-0.0,143.6563,25.37298,0.0,201,0,201,7948.94912535217,4.796946,0.20744123,3.2899632164229256,1.5690681714930457,True
604768262923773952,263031,0.29992333,sAGN,UNCXY,10.86,263031,1.1784235,1.4953089,0.0,201,201,0,6446.0989171241,2.0248642,0.2793469,35.7134,6.546924,18.028507,0.9038242,280.12918,20.241465,1.3000269,2.6492481,0.0,201,201,10,8531.13658822813,2.973426,0.15590534,211.57346,14.575639,21.703444,0.6992392,821.095,39.970474,263031,0.29992333,5.783076,1.4836268,0.0,201,0,201,6446.0989171241,10.624608,-0.0,25.657701,2.6100738,0.0,201,0,201,8531.13658822813,6.4502172,0.17105496,2.9234835001908093,1.6236077027717277,True
G09_Y1_BN2_306,381008,0.25813785,UNC,SFGXY,10.69,381008,0.65435237,0.72141355,0.0,201,201,0,6238.89189596312,4.4777327,0.4759976,49.66132,6.960122,64.43574,13.454381,152.09955,39.391907,0.68275595,0.9359806,0.0,201,201,0,8256.906946038145,4.6458836,0.17254628,214.27377,10.310431,19.816591,0.9002194,348.36142,30.43047,381008,0.25813785,1.4182786,0.7256539,0.0,201,0,201,6238.89189596312,5.945157,0.49954364,31.3767,0.9281561,0.0,201,0,201,8256.906946038145,6.1627073,0.10527052,3.4908400629000758,2.810576964279349,True
G09_Y1_CS2_274,209226,0.27003828,UNC,SFGX,11.16,209226,7.5438585,7.611926,0.0,200,200,0,6297.904030984408,3.0652287,-0.0,0.0,-0.0,70.39385,9.308084,193.40504,31.140432,6.5510697,6.521818,0.0,0,0,0,8335.006986186796,1.7904227,0.5431625,8.274243,3.172927,-99999.0,-99999.0,-99999.0,-99999.0,209226,0.27003828,7.5922356,7.560779,0.0,200,201,200,6297.904030984408,1.6942675,-0.0,6.507396,6.49838,0.0,0,0,100,8335.006986186796,1.6942675,-0.0,3.5251593828707213,2.6464849583488683,True
G09_Y1_DS2_116,3903268,0.3056381,sAGN,UNCXY,10.6,3903268,0.7377675,3.0046518,0.0,201,201,0,6474.437453324115,10.824218,-0.0,20.796206,3.6754837,57.963165,2.0332124,350.7843,16.410337,0.9138226,9.998146,0.0,201,201,0,8568.641430480946,8.817019,0.80671865,43.304688,5.5930743,64.28724,1.6871156,850.3106,35.985794,3903268,0.3056381,5.283182,3.3274848,0.0,201,0,201,6474.437453324115,10.824218,-0.0,50.14337,9.93565,0.0,201,0,201,8568.641430480946,7.1786532,0.34132788,3.428770754737236,1.973801412910211,True
G09_Y1_GS2_316,210349,0.30287617,sAGN,AGNXY,11.23,210349,0.75340295,1.246548,0.0,201,201,0,6460.74151093477,1.6942675,-0.0,7.5465875,2.0853455,73.25457,5.823779,351.84985,33.996147,0.76969,2.1029642,0.0,201,201,201,8550.515435715706,6.1660194,0.28609297,138.45343,9.459125,50.37267,1.9092534,801.512,49.46006,210349,0.30287617,3.787435,1.2509816,0.0,201,0,201,6460.74151093477,10.802319,-0.0,25.184269,2.2118704,0.0,201,0,201,8550.515435715706,5.8089414,0.22917715,3.5313730607261524,2.4317432233804297,True
G09_Y2_004_112,383215,0.31847584,sAGN,AGNXY,11.17,383215,0.82135,0.84521973,0.0,201,3,0,6538.09763185313,2.3131833,0.36477825,17.838678,3.683526,11.048075,2.877792,22.290768,8.09562,1.3883419,1.3883419,0.0,201,0,0,8652.892957682814,3.3672395,0.10362065,147.87447,6.4035063,26.809362,-0.0,0.0,-0.0,383215,0.31847584,2.271759,0.8483407,0.0,201,0,201,6538.09763185313,3.1274214,0.3509362,8.266644,1.3775517,0.0,201,0,201,8652.892957682814,3.3672392,0.10362071,2.7046559152134897,2.1204287023760444,True
G09_Y2_018_370,574976,0.16791026,sAGN,UNCXY,10.31,574976,0.7279313,0.7915166,0.0,201,201,0,5791.468543921076,2.0434382,0.25918326,60.6413,10.289595,44.4365,9.252433,160.52173,45.096054,0.67506576,0.67506576,0.0,201,0,0,7664.761250151661,2.9174054,0.10494968,579.30817,20.839823,24.640364,-0.0,0.0,-0.0,574976,0.16791026,1.7915598,0.7904389,0.0,201,0,201,5791.468543921076,2.387419,0.25370887,17.20342,0.66896576,0.0,201,0,201,7664.761250151661,2.917407,0.1049492,3.361771845902064,2.6802879499962384,True
G09_Y4_203_291,3576875,0.2024738,sAGN,UNCXY,10.67,3576875,0.7551655,0.80574083,0.0,201,201,0,5962.863241003271,1.7761846,0.6460901,30.715488,14.375073,16.022993,0.9933047,514.0,45.929573,0.61883974,1.2430705,0.0,201,201,1,7891.594811054965,3.9650004,0.2554914,227.80313,19.322031,21.479757,0.39784682,1657.966,54.281693,3576875,0.2024738,4.12851,0.85184425,0.0,201,0,201,5962.863241003271,10.007723,-0.0,38.386044,1.2327479,0.0,201,0,201,7891.594811054965,7.7285643,0.15978384,2.906109497022614,1.698448344484067,True
G09_Y4_227_161,3581626,0.30141208,SFG,SFGXY,10.46,3581626,1.2302507,1.6620028,0.0,201,201,0,6453.481280646874,2.2075949,0.19924329,95.75105,11.436641,46.194405,3.7190228,516.11676,54.650787,2.9377685,2.9417238,0.0,201,0,0,8540.906831031794,2.6334336,0.094376035,238.21057,11.526037,14.422712,-0.0,20.911238,16.853176,3581626,0.30141208,2.778939,1.6575261,0.0,201,0,201,6453.481280646874,2.8050725,0.18382826,7.5062895,2.9185607,0.0,201,0,201,8540.906831031794,2.695766,0.08272268,3.3316160258929606,2.2374554891470533,True
G09_Y4_237_040,710067,0.16330045,NER,NOEL,10.27,710067,0.75314516,0.79360825,0.0,2,201,0,5768.609289174913,1.1242038,-0.0,5.282153,4.176013,86.23643,27.03574,376.6891,143.48306,0.49949053,0.47531694,0.0,0,0,1,7634.508002869564,12.361654,1.1012449,160.5803,14.3053875,-99999.0,-99999.0,-99999.0,-99999.0,710067,0.16330045,0.8558332,0.8123739,0.0,2,0,12,5768.609289174913,9.550183,-0.0,0.4839344,0.4873294,0.0,0,1,0,7634.508002869564,2.7869837,2.6270516,3.6514403473296695,3.1476878391836864,True
G09_Y4_237_131,216147,0.29370284,UNC,UNCXY,10.38,216147,0.4545704,0.47214508,0.0,201,1,0,6415.252541967248,2.135341,0.6637219,11.218361,4.728996,92.541534,35.307953,91.78467,44.922657,0.7245821,0.7050103,0.0,201,0,0,8490.312728231853,3.4835813,0.20120583,119.22589,8.123166,-99999.0,-99999.0,-99999.0,-99999.0,216147,0.29370284,0.549228,0.47106954,0.0,201,0,201,6415.252541967248,7.251018,1.8190409,2.6934311,0.7188767,0.0,201,0,201,8490.312728231853,2.8865347,0.15875582,3.63594363973926,3.217479485309222,True
G09_Y6_086_024,623316,0.16896643,UNC,SFGX,10.65,623316,0.91139114,1.0547267,0.0,201,201,0,5796.705900082891,1.6891361,0.5964856,20.671663,9.572792,57.15172,9.269699,313.87103,63.539463,0.94384134,0.95923144,0.0,201,0,0,7671.692667331587,3.3273962,0.10700871,312.83054,13.102257,12.992896,-0.0,33.300255,14.624068,623316,0.16896643,1.3964673,1.048121,0.0,201,0,201,5796.705900082891,2.7180188,0.60344505,14.020253,0.9508661,0.0,201,0,201,7671.692667331587,3.4365013,0.07286552,3.470668741396371,2.6807050684601665,True
G12_Y1_AS2_028,136554,0.26713353,NER,NOEL,11.08,136554,0.73893684,0.8267883,0.0,1,201,0,6283.499886876337,1.6942675,-0.0,0.0,-0.0,46.9774,8.909667,179.23401,42.924313,0.5482308,0.71524,0.0,1,201,0,8315.943716695843,5.0028224,-0.0,0.0,-0.0,70.03336,9.369011,438.60864,72.96794,136554,0.26713353,0.8450966,0.8159765,0.0,1,0,2,6283.499886876337,10.519107,-0.0,0.76576495,0.72575116,0.0,1,0,1,8315.943716695843,1.6942675,-0.0,3.350508068077438,2.628480563855403,True
G12_Y1_BX1_056,22307,0.23272711,sAGN,AGNXY,10.45,22307,1.4654015,1.4878566,0.0,201,201,0,6112.884284778039,3.203366,0.068560034,174.686,5.070181,28.702547,5.77777,54.380802,15.078813,1.6267341,5.7305827,0.0,201,201,0,8090.141254726683,4.036583,0.026255067,789.3641,7.350969,45.44717,1.2507204,635.17633,26.034657,22307,0.23272711,103.40032,1.5255251,0.0,201,0,201,6112.884284778039,3.337488,0.062822424,190.55632,5.6830926,0.0,201,0,201,8090.141254726683,4.3197274,0.023595514,3.1484949649033265,2.4523347777035904,True
G12_Y1_FN1_127,560638,0.27044743,sAGN,AGNXY,10.54,560638,0.59910595,0.92070013,0.0,201,201,0,6299.932970391523,2.571013,0.40710577,31.668835,6.568191,36.654816,3.1574585,233.12402,26.682325,0.6593638,1.1047056,0.0,201,201,201,8337.692200831169,3.9263296,0.26501045,119.07862,9.984446,62.077713,4.711787,588.94556,62.145638,560638,0.27044743,6.746988,0.91555655,0.0,201,0,201,6299.932970391523,10.54535,-0.0,7.4181643,1.1711599,0.0,201,0,201,8337.692200831169,3.6518886,0.26670605,3.241615818001658,2.1768224253503856,True
G12_Y1_GN1_084,561115,0.1813393,sAGN,UNCXY,10.5,561115,0.5919528,0.64761984,0.0,201,201,0,5858.06085230516,7.8126388,4.655181,40.720215,33.853615,23.39686,3.6506681,244.92447,77.613686,0.77498925,0.79898316,0.0,201,3,0,7752.893325978306,1.6942675,-0.0,17.752872,6.219041,19.602116,1.0638928,567.869,41.45435,561115,0.1813393,1.4205625,0.6906892,0.0,201,0,201,5858.06085230516,9.840867,-0.0,5.232089,0.8181599,0.0,201,0,201,7752.893325978306,13.126283,-0.0,3.078224400576059,2.2714391751190566,True
G12_Y1_GS1_056,145119,0.28916526,NER,NOEL,11.15,145119,1.1111001,3.5774703,0.0,201,201,0,6392.7515076861455,1.6942675,-0.0,0.0,-0.0,91.91013,5.0025,1042.4779,65.04976,4.4448256,4.0716157,0.0,201,0,0,8460.533570434794,1.6942675,-0.0,0.0,-0.0,-99999.0,-99999.0,-99999.0,-99999.0,145119,0.28916526,4.5207806,3.72439,0.0,201,0,201,6392.7515076861455,10.693637,0.0,4.156747,4.0274935,0.0,201,201,201,8460.533570434794,2.0625858,0.20968847,3.6344962599855712,2.3703199769126093,True
G12_Y2_044_293,690036,0.26671425,UNC,UNCXY,10.42,690036,0.46303844,0.47877687,0.0,201,1,0,6281.42073443271,3.1575658,1.8098487,14.873312,11.097245,50.108788,19.672483,113.9514,56.972366,0.4175301,0.4358987,0.0,201,1,0,8313.192047242368,4.2315793,2.2301314,28.579586,19.657595,20.350061,3.0552204,246.24019,58.726498,690036,0.26671425,0.8015044,0.4777194,0.0,201,0,201,6281.42073443271,10.515786,-0.0,1.1980332,0.43239304,0.0,201,0,201,8313.192047242368,7.6189833,1.2388452,3.3786767175947743,2.97262199785447,True
G12_Y3_022_032,56145,0.15533425,sAGN,UNCXY,10.48,56145,0.7830774,0.9730983,0.0,201,201,0,5729.106205041253,2.702535,0.38556868,70.51665,13.317084,60.32155,8.379367,476.2794,82.48974,0.57421684,1.2127789,0.0,201,201,0,7582.227358291606,3.678437,0.10717408,336.14862,12.541804,31.481281,1.3377031,677.2726,55.5284,56145,0.15533425,2.7063675,0.982434,0.0,201,0,201,5729.106205041253,3.8282075,0.39023635,30.955618,1.2038697,0.0,201,0,201,7582.227358291606,3.9587543,0.07534357,3.4992063222119714,2.6419450418302506,True
G12_Y4_206_292,172219,0.30977488,sAGN,UNCXY,10.85,172219,0.61834186,0.80455315,0.0,201,201,0,6494.950980710902,4.632734,0.5861416,70.847046,12.053533,100.23548,18.463243,601.45233,141.3511,0.5928775,1.3259252,0.0,201,201,0,8595.790207794636,2.535206,0.097149745,372.25952,19.358435,42.42302,1.4495189,1990.9738,93.02108,172219,0.30977488,2.0842183,0.80803514,0.0,201,0,201,6494.950980710902,10.857021,-0.0,12.8258,1.3156201,0.0,201,0,201,8595.790207794636,2.8247192,0.08956363,3.6652662996870613,2.9305528108549903,True
G12_Y4_211_216,170421,0.25392506,UNC,SFGX,10.71,170421,1.1278843,1.1806262,0.0,201,201,0,6218.001329919376,1.6942675,-0.0,7.801867,3.1205997,64.56485,18.739336,148.59703,51.196114,1.257025,1.2233734,0.0,201,0,1,8229.259174166209,4.5439844,0.32402363,183.58873,14.767068,-99999.0,-99999.0,-99999.0,-99999.0,170421,0.25392506,1.3493087,1.1769491,0.0,201,0,201,6218.001329919376,1.6942675,-0.0,2.0031905,1.2468053,0.0,201,0,201,8229.259174166209,3.288566,0.26236102,3.4931660387235617,2.9559240905898547,True
G12_Y6_056_011,959586,0.17979036,sAGN,SFGX,9.187,959586,1.1546868,1.162134,0.0,201,12,0,5850.379944103714,1.6942675,-0.0,0.9466841,1.765821,23.136322,6.06574,37.598366,13.263394,0.6597354,0.9592706,0.0,201,201,102,7742.727972043989,1.6942675,-0.0,1.1147543,0.7912826,42.21542,2.4359267,150.42311,13.022141,959586,0.17979036,1.2934487,1.1837584,0.0,201,0,201,5850.379944103714,9.828645,-0.0,2.1162972,0.99854434,0.0,201,0,201,7742.727972043989,6.866775,1.7718507,3.073930951284026,2.492520422239081,True
G15_Y1_AN1_325,237812,0.16152318,sAGN,SFGX,10.56,237812,1.1471832,1.3018686,0.0,201,201,0,5759.796095558062,1.7612314,0.5538612,27.849737,11.5584135,65.02172,10.885684,441.32343,90.17553,0.4766944,0.46753803,0.0,201,0,0,7622.844117550628,3.0017538,0.06971476,519.98346,15.990606,-99999.0,-99999.0,-99999.0,-99999.0,237812,0.16152318,1.5603657,1.2936635,0.0,201,0,201,5759.796095558062,2.2952747,0.48092204,9.123983,0.4723344,0.0,201,0,201,7622.844117550628,3.3181038,0.10170496,3.529472047408172,2.753269316885125,True
G15_Y1_AS2_056,567622,0.13465223,SFG,SFGX,9.742,567622,1.218327,1.470292,0.0,201,201,0,5626.547627140628,1.1242038,-0.0,20.633083,2.731677,60.38629,8.251081,312.0186,51.608612,1.6923192,1.5699644,0.0,201,0,201,7446.495460966795,2.6265137,0.061596394,155.8071,4.8248014,-99999.0,-99999.0,-99999.0,-99999.0,567622,0.13465223,1.7121828,1.4825522,0.0,201,0,201,5626.547627140628,1.3400079,0.19354178,13.441697,1.6770271,0.0,201,0,201,7446.495460966795,2.433023,0.051969178,3.507517051861736,2.6430895540851496,True
G15_Y1_DN1_348,320036,0.21371146,UNC,SFGX,10.76,320036,0.76651055,0.8476647,0.0,1,201,0,6018.588856146722,3.7999792,-0.0,0.0,-0.0,81.50441,19.938406,774.2741,224.75232,0.6316664,0.6277109,0.0,201,0,0,7965.345282520569,3.5272682,0.35571077,171.39944,17.284943,-99999.0,-99999.0,-99999.0,-99999.0,320036,0.21371146,0.88312966,0.8514095,0.0,1,0,3,6018.588856146722,2.29172,4.2203164,1.0912925,0.6261577,0.0,201,0,201,7965.345282520569,4.6792903,0.5441272,3.608507134224762,2.997016461425069,True
G15_Y1_DS2_005,63661,0.16022353,NER,NOEL,10.65,63661,0.9317902,1.0272092,0.0,201,201,0,5753.351328163506,1.1242038,-0.0,0.0,-0.0,83.26806,19.196133,929.54095,265.05673,0.44893375,0.43897128,0.0,0,0,0,7614.314743175646,8.460937,2.4411466,172.64188,49.810577,-99999.0,-99999.0,-99999.0,-99999.0,63661,0.16022353,1.1878943,1.0239819,0.0,201,0,201,5753.351328163506,4.3265,2.3216965,0.45833135,0.44497254,0.0,0,10,1,7614.314743175646,1.6942675,-0.0,3.6373782543930604,3.000113558188803,True
G15_Y3_013_163,463199,0.29359764,UNC,UNCX,10.97,463199,0.39530966,0.41132537,0.0,1,11,0,6414.730948061616,1.6942675,-0.0,0.0,-0.0,55.15457,19.535934,105.955666,47.144646,0.3759792,0.3633765,0.0,1,0,0,8489.622420976295,3.504732,1.1450335,46.047264,15.044135,-99999.0,-99999.0,-99999.0,-99999.0,463199,0.29359764,0.42379436,0.41520384,0.0,1,0,1,6414.730948061616,3.5994532,3.3035545,0.41087422,0.37796026,0.0,1,0,2,8489.622420976295,3.3826063,6.646406,3.4112237604325606,2.9604764367597345,True
G15_Y3_032_092,593449,0.29268712,SFG,SFGXY,10.66,593449,0.7001817,0.8380264,0.0,201,201,0,6410.215780468416,7.869959,0.42610088,118.67729,8.178783,50.90556,6.5533485,131.91646,23.57241,0.8462594,1.2181587,0.0,201,201,0,8483.6467895205,5.062577,0.21411048,150.11621,8.06688,21.06142,0.40523323,561.3216,20.702112,593449,0.29268712,3.7528558,0.83975387,0.0,201,0,201,6410.215780468416,10.611421,0.4072081,41.22889,1.2088993,0.0,201,0,201,8483.6467895205,7.7519283,0.13029537,3.3767132733357137,2.4864113178388307,True
G15_Y3_042_036,65104,0.17550954,NER,UNCX,10.79,65104,0.8433089,0.99287087,0.0,1,201,0,5829.152105561981,2.197993,-0.0,0.0,-0.0,70.182526,10.122675,489.89014,88.369965,0.50439125,0.5092294,0.0,201,111,21,7714.633834426696,2.8324964,-0.0,0.0,-0.0,53.07273,14.144668,135.1633,44.658195,65104,0.17550954,1.0374035,0.9904458,0.0,1,0,21,5829.152105561981,1.6942675,-0.0,0.84291327,0.55761683,0.0,201,0,201,7714.633834426696,1.6942675,-0.0,3.557444310234275,2.7165106085590294,True
G15_Y5_012_294,228426,0.19311339,UNC,UNCX,10.27,228426,1.8038046,1.9013138,0.0,201,201,0,5916.4465767499605,1.6942675,-0.0,9.818889,13.351852,54.34555,10.033,787.706,181.45609,0.4155974,0.41616294,0.0,201,0,0,7830.164338484497,2.4802833,0.3467211,147.36406,26.4699,13.253253,-0.0,37.179543,46.58865,228426,0.19311339,2.0678067,1.8895819,0.0,201,0,201,5916.4465767499605,9.9338045,-0.0,0.98511875,0.4134279,0.0,201,0,201,7830.164338484497,2.5545475,0.32360807,3.4399237439282366,2.7061905678179463,True
G15_Y5_023_002,297574,0.30000994,UNC,UNCXY,10.23,297574,0.48459703,0.50634956,0.0,201,1,10,6446.52832657004,1.6942675,-0.0,8.098475,4.924114,21.397144,7.4896865,67.06636,32.690716,0.5301114,0.5549404,0.0,201,1,1,8531.704893288708,6.942905,1.2110343,117.87041,30.278118,26.98723,6.54307,153.08194,91.62078,297574,0.30000994,0.74948734,0.5035881,0.0,201,0,201,6446.52832657004,1.7317563,0.7467204,2.193133,0.55303705,0.0,201,0,201,8531.704893288708,7.5551357,0.622274,2.9978506170310397,2.5419584471711154,True
G15_Y5_029_255,748809,0.27886024,sAGN,UNCXY,10.57,748809,0.6638975,1.1094844,0.0,201,201,0,6341.650639057014,3.448973,0.44484073,18.97269,3.157064,23.375145,0.92435014,148.55772,8.785599,0.6720913,1.4545848,0.0,201,201,0,8392.903753446704,3.655248,0.18210521,48.951794,3.0865362,28.465664,0.54547775,283.1484,10.763911,748809,0.27886024,11.692885,1.3226992,0.0,201,0,201,6341.650639057014,10.611986,-0.0,33.333775,1.4461302,0.0,201,0,201,8392.903753446704,5.0521116,0.15705414,3.0433727033758617,1.6404549011548892,True
G15_Y6_081_075,3237919,0.13413431,sAGN,UNCX,9.462,3237919,0.7724951,0.7913477,0.0,2,1,0,5623.979339595761,1.1242038,-0.0,2.1008208,1.306877,25.827059,9.357753,24.53082,11.636292,1.0259811,0.94141775,0.0,201,0,0,7443.096442098981,10.436706,3.0425436,64.68198,19.875746,-99999.0,-99999.0,-99999.0,-99999.0,3237919,0.13413431,0.8359804,0.78823054,0.0,2,0,21,5623.979339595761,9.316714,-0.0,1.7189648,0.93635124,0.0,201,0,201,7443.096442098981,10.669073,1.1621983,3.1388519410014846,2.697948564056002,True
