,GAMAID,0I,OI_x,ID,RaHer,DecHer,RaSDSS,DECSDSS,z,size,morph,LIR,Ms,Md,mdms,SFR,SSFR,age_x,tLB,Td,fu,tauV,tauVISM,NUVr,sigmaden,HaEW,MH2,MH2err,mh2ms,mh2mserr,mh2md,mh2mderr,numCO,velFWHM,evelFWHM,Fint,eFint,LpCO,eLpCO,MhtwoCO,MHtwoCOerr,det,velFWHM2,evelFWHM2,Fint2,eFint2,LpCO2,eLpCO2,Mh22,eMH22,det2,MHI,eMHI,S12,S25,S60,S100,F100,E100,F160,E160,F250,E250,F350,E350,F500,E500,rer,sersicr,errsersicr,SURVEY,SURVEY_CODE,IS_BEST,IS_SBEST,QC,met,met_er0,met_er1,SFR_HA,SFR_HA_er,age_y,AGN,HA,HA_er,HB,HB_er,OI_y,OI_er,OIII,OIII_er,NII,NII_er,SII,SII_er,HA_EW,HA_EW_er
0,216401,1,1.0,J091205.8+002656,138.02424,0.448985,138.02437,0.44889187,0.0544562,9.983,E,11.0,10.199999809,7.5799999237,-2.6199998856,0.74000000954,-9.470000267,9.0799999237,9.0399999619,24.100000381,0.5,3.5999999046,1.2699999809,-99.0,2.9200000763,27.540000916,7158908928.0,945954944.0,-0.34515285492,0.05389881134,2.2748470306,0.05389881134,1.0,157.89202881,20.162736893,10.463904381,1.3826662302,-89760208.0,162837648.0,7158908928.0,945954944.0,1.0,226.31311035,12.188932419,19.40735054,3.4723689556,-198165072.0,109918768.0,6638796288.0,1187815424.0,1.0,-99.0,-99.0,0.10499999672,0.15000000596,0.79600000381,1.1859999895,1.0965774059,0.026287019253,0.90946424007,0.026287019253,0.37509444,0.011489476,0.15139734857,0.0081090077629,0.054754694621,0.0094125619161,2.6934227943,3.3482999802,0.039400000125,SDSS,1,True,True,40,-3.66285044516274,0.011984704359161677,0.0124556156483528,348.45067961952446,3.6975090948975495,9.0799999237,NO,756807.5575127862,8030.699868475539,41566.4402693556,15940.06191597083,13486.715005642413,1890.6414159772864,28856.33463820306,12102.10115805855,64060.0967454722,1788.2239241722657,40853.33581972709,1404.7785382103984,26.694635,0.3021661
1,551063,2,2.0,J091448.7-003533,138.70319,-0.592773,138.70411,-0.59249794,0.05392,14.0029,E,10.43999958,10.449999809,7.5,-2.9499998093,0.070000000298,-10.399999619,9.5200004578,9.3800001144,21.5,0.73000001907,2.3099999428,0.68999999762,-99.0,1.0199999809,8.3900003433,4653199872.0,881793408.0,-0.78224849701,0.075366020203,2.1677513123,0.075366020203,2.0,268.25234985,22.092405319,6.9391460419,1.3149862289,-437703584.0,171679488.0,4653199872.0,881793408.0,1.0,193.57485962,70.670127869,5.5902075768,2.6788058281,-147381376.0,89574376.0,1874319232.0,898166592.0,1.0,8005346304.0,661331904.0,-99.0,-99.0,-99.0,-99.0,0.33443325758,0.029837841168,0.41142034531,0.029837841168,0.25,0.015483253,0.108,0.015375453,0.028621,0.009141,4.9693670273,1.1641000509,0.0087999999523,GAMA,5,True,True,13,-3.4395834778508823,0.050178005592196144,0.0596409960605557,0.3472958478410723,0.010605878388194614,9.5200004578,UNC,766.1634,23.397446,0.0,57.36551,59.253162,18.08977,192.97336,49.505157,131.15012,18.485249,151.12805,15.716761,6.4769626,0.21056783
2,3629182,11,11.0,J090352.0-005353,135.96692,-0.898088,135.96688,-0.89808621,0.10269,11.0524,E,11.0,10.960000038,7.9699997902,-2.990000248,0.62000000477,-10.340000153,9.4099998474,9.25,22.200000763,0.73000001907,2.2000000477,0.63999998569,3.7699999809,0.059999998659,14.869999886,18049863680.0,2144673792.0,-0.70352649689,0.048760414124,2.2864737511,0.048760414124,11.0,426.5453186,60.085300446,7.2579450607,0.86238449812,-469794912.0,327101312.0,18049863680.0,2144673792.0,1.0,-99.0,-99.0,-99.0,-99.0,-99.0,-99.0,-99.0,-99.0,-99.0,-99.0,-99.0,-99.0,-99.0,-99.0,-99.0,0.32014206052,0.027014560997,0.47178155184,0.027014560997,0.20483269,0.011928339,0.099709078085,0.0079836907666,0.041406919631,0.0094971340199,2.4074084759,5.8134999275,0.096299998462,GAMA,5,True,True,13,-3.3626001540582826,0.01290613473233729,0.0134539069005746,2.534426504705823,0.026069966213567455,9.4099998474,YES,1510.8224,15.540829,0.0,14.742571,39.043617,10.291752,297.92282,23.080767,329.69876,10.307206,236.73586,9.799507,12.597554,0.1422236
3,382631,0,,J091051.1+020121,137.71294,2.022705,137.71356,2.0218854,0.0546369,8.82106,E,10.0,9.8699998856,7.7399997711,-2.1300001144,-0.12999999523,-10.06000042,9.2899999619,9.0500001907,15.699999809,0.57999998331,1.7100000381,0.46000000834,2.5899999142,0.46000000834,12.630000114,-99.0,-99.0,-99.0,-99.0,-99.0,-99.0,-99.0,-99.0,-99.0,-99.0,-99.0,-99.0,-99.0,-99.0,-99.0,-99.0,-99.0,-99.0,-99.0,-99.0,-99.0,-99.0,-99.0,-99.0,-99.0,5284425728.0,752418112.0,-99.0,-99.0,-99.0,-99.0,-1.0,-1.0,-1.0,-1.0,0.11079295583,0.0068200551002,0.091373834328,0.0080180697656,0.062305626154,0.0098249814343,2.3748984337,1.3863999844,0.011599999852,SDSS,1,True,True,13,-3.4252014177248395,0.033340016189414325,0.0372626690608254,0.3954943947931225,0.008735054902039054,9.2899999619,UNC,855.44995,18.893826,0.0,28.377558,1.1856724,13.481087,63.900677,25.289642,153.22984,13.607436,121.63943,10.992455,11.055795,0.25525844
4,376901,12,12.0,J090234.3+012518,135.64312,1.421861,135.64278,1.421251,0.115655,8.46753,E,10.720000267,10.960000038,7.75,-3.2100000381,-0.43999999762,-11.390000343,9.6700000763,9.3100004196,22.899999619,0.93000000715,3.0199999809,0.87999999523,5.25,1.0800000429,5.2399997711,5797322240.0,1626215168.0,-1.1967725754,0.10738372803,2.0132274628,0.10738372803,12.0,302.30490112,-0.0,1.8277487755,0.51270437241,-316561248.0,147431120.0,5797322240.0,1626215168.0,1.0,-99.0,-99.0,-99.0,-99.0,-99.0,-99.0,-99.0,-99.0,-99.0,-99.0,-99.0,-99.0,-99.0,-99.0,-99.0,0.18652869761,0.024831939489,0.18162322044,0.024831939489,0.11016449016,0.0068535174987,0.05575164637,0.0080868277636,0.021835264265,0.0094417967174,2.5342624187,3.4189999104,0.079099997878,SDSS,1,True,True,10,-3.155063349353968,0.054187527321526215,0.065398259011467,0.3561924642440252,0.023290260565958138,9.6700000763,NOEL,166.89787,10.912906,-117.9378,17.069332,23.45114,7.8628902,2.7264082,15.781634,70.089294,8.481419,49.597996,7.7265897,3.4748576,0.23157836
5,302190,0,,J090647.7+011555,136.69879,1.265357,136.69869,1.265113,0.147682,6.45982,E,10.909999847,10.5,8.029999733,-2.470000267,0.79000002146,-9.720000267,9.0,8.6899995804,20.399999619,0.56999999285,2.5299999714,0.47999998927,3.0699999332,0.079999998212,24.350000381,-99.0,-99.0,-99.0,-99.0,-99.0,-99.0,-99.0,-99.0,-99.0,-99.0,-99.0,-99.0,-99.0,-99.0,-99.0,-99.0,-99.0,-99.0,-99.0,-99.0,-99.0,-99.0,-99.0,-99.0,-99.0,-99.0,-99.0,-99.0,-99.0,-99.0,-99.0,-99.0,0.024104401469,0.18027845025,0.024104401469,0.10190868902,0.0067196679046,0.047075939624,0.0079282407682,0.021307993742,0.0095848384237,1.3826793432,1.8272999525,0.02710000053,SDSS,1,True,True,10,-3.516663898608253,0.02201910969265724,0.0236633138937845,3.6302520822732296,0.04729052117672467,9.0,NOEL,1029.8296,13.415371,48.06647,25.719652,39.529816,8.065975,29.585636,16.504713,138.2366,8.141467,136.62505,9.279066,22.141794,0.31108335
6,3628218,0,,J090101.2-005541,135.25527,-0.928302,135.25551,-0.92860701,0.08905,12.4291,E,10.359999657,10.819999695,7.6700000763,-3.1499996185,0.11999999732,-10.710000038,9.5100002289,9.3299999237,19.0,0.68000000715,1.1000000238,0.20999999344,3.9300000668,0.0099999997765,5.0100002289,-99.0,-99.0,-99.0,-99.0,-99.0,-99.0,-99.0,-99.0,-99.0,-99.0,-99.0,-99.0,-99.0,-99.0,-99.0,-99.0,-99.0,-99.0,-99.0,-99.0,-99.0,-99.0,-99.0,-99.0,-99.0,-99.0,-99.0,-99.0,-99.0,-99.0,-99.0,-99.0,0.024104401469,-99.0,0.024104401469,0.09470991,0.012231098,0.048319128587,0.0079437667677,0.0083611531696,0.0094125619161,3.2014143467,4.4060997963,0.040199998766,GAMA,5,True,True,10,-3.362867311900229,0.04733216605860972,0.0556601973116342,0.4666171835259272,0.016022348602423804,9.5100002289,NOEL,371.64886,12.761398,-298.4632,27.112213,34.927284,12.522648,20.81255,23.78909,81.034645,10.26545,32.028652,11.01325,2.8921916,0.1025753
7,376893,13,13.0,J090238.7+013253,135.66161,1.548268,135.66137,1.5480024,0.11599,5.66908,E,10.779999733,10.380000114,7.6700000763,-2.7100000381,0.46000000834,-9.970000267,9.1099996567,8.6099996567,23.0,0.68000000715,2.4400000572,0.81999999285,3.5399999619,0.62999999523,39.299999237,9986359296.0,1073317184.0,-0.38059329987,0.044335365295,2.3294067383,0.044335365295,13.0,254.13330078,15.661178589,3.1298499107,0.33639103174,232844000.0,190706400.0,9986359296.0,1073317184.0,1.0,-99.0,-99.0,-99.0,-99.0,-99.0,-99.0,-99.0,-99.0,-99.0,-99.0,-99.0,-99.0,-99.0,-99.0,-99.0,0.17923052609,0.024104401469,0.21252298355,0.024104401469,0.086346582304,0.0067729986023,0.046770964633,0.0079526387675,0.026812489185,0.0095743974233,1.0043553114,2.0520999432,0.047499999404,SDSS,1,True,True,13,-3.605969622817612,0.017938987987184955,0.0190152437410403,39.057546950146815,0.4776141555249386,9.1099996567,NO,18141.663060935352,221.8448356146453,2809.581784364845,298.5643769885669,421.5710492837912,68.60679744386145,412.0917040173086,250.9667281109384,1837.376516288146,84.49475680959038,1652.6871495130786,64.58421769461955,37.83317,0.5111204
8,372410,0,,J090223.1+010709,135.59661,1.119413,135.59656,1.1195646,0.204151,10.367,E,11.039999962,11.020000458,8.220000267,-2.8000001907,0.43999999762,-10.630000114,9.3100004196,8.8999996185,20.799999237,0.82999998331,2.0799999237,0.60000002384,4.3400001526,-99.0,8.8699998856,-99.0,-99.0,-99.0,-99.0,-99.0,-99.0,-99.0,-99.0,-99.0,-99.0,-99.0,-99.0,-99.0,-99.0,-99.0,-99.0,-99.0,-99.0,-99.0,-99.0,-99.0,-99.0,-99.0,-99.0,-99.0,-99.0,-99.0,-99.0,-99.0,-99.0,-99.0,-99.0,0.024104401469,0.15369910002,0.024104401469,0.087707037945,0.0067646330026,0.043707906722,0.0080591027644,0.015104995368,0.0094637228184,4.0383033752,3.1747999191,0.070000000298,SDSS,1,True,True,13,-3.241437483827711,0.06571534009904213,0.0829969717190948,2.459901911328604,0.15133213371152154,9.3100004196,UNC,357.9501,22.02094,0.0,26.780357,23.498789,12.930037,53.546364,21.50331,114.47289,19.324022,82.82692,13.225204,6.3689904,0.40415907
9,3630239,10,10.0,J090718.9-005210,136.82875,-0.869542,136.82913,-0.86927494,0.05846,7.42347,E,10.550000191,9.6499996185,6.9299998283,-2.7199997902,0.40999999642,-9.25,8.9200000763,8.8000001907,24.100000381,0.36000001431,1.3300000429,0.5,2.3699998856,0.0099999997765,109.06999969,1730024576.0,280404768.0,-0.41194725037,0.065236091614,2.3080525398,0.065236091614,10.0,241.79203796,18.19433403,2.1899821758,0.35495534539,-55039996.0,42038892.0,1730024576.0,280404768.0,1.0,168.17880249,19.325408936,2.1160087585,0.70829057693,-32219418.0,22736632.0,835793856.0,279764864.0,1.0,-99.0,-99.0,0.10400000215,0.1630000025,0.21299999952,0.53700000048,0.29857629538,0.024104401469,0.19757637382,0.024104401469,0.085256962952,0.0068535174987,0.022338586347,0.0079537477674,0.0072711127214,0.0091985214067,1.2883355618,2.0708999634,0.035000000149,GAMA,5,True,True,40,-3.790059062440325,0.005973742474048435,0.0060884681054064,16.365063055933543,0.04247228207657057,8.9200000763,NO,30773.641834691585,79.86689645246922,5811.236533151957,151.0004528609156,706.0468581250228,29.265123568296293,2824.8403013332186,115.007555158583,1743.9042855627906,28.64515117264867,3255.9627756493974,27.06035093327263,88.73196,0.3660098
10,210424,0,,J091332.4+000631,138.38537,0.108888,138.38623,0.10834602,0.22564,7.50765,E,11.130000114,10.880000114,8.0699996948,-2.8100004196,-0.090000003576,-10.960000038,9.0,8.779999733,23.700000763,0.93000000715,3.6500000954,0.83999997377,4.4899997711,-99.0,14.760000229,-99.0,-99.0,-99.0,-99.0,-99.0,-99.0,-99.0,-99.0,-99.0,-99.0,-99.0,-99.0,-99.0,-99.0,-99.0,-99.0,-99.0,-99.0,-99.0,-99.0,-99.0,-99.0,-99.0,-99.0,-99.0,-99.0,-99.0,-99.0,-99.0,-99.0,-99.0,0.15752540529,0.024104401469,0.14719992876,0.024104401469,0.078445273452,0.0068221465001,0.035313885967,0.0080313777652,0.014357419735,0.009387503515,2.9926242828,3.1233000755,0.096299998462,SDSS,1,True,True,13,-3.2176508657352403,0.036448119711262765,0.0411893789049095,4.754200987227184,0.15642091614837528,9.0,YES,562.71265,18.514158,-42.95295,22.955744,69.1714,22.310122,60.01682,17.908236,193.97745,17.251043,152.14185,14.805364,13.304001,0.46755442
11,377420,0,,J091023.1+014023,137.59641,1.67326,137.59606,1.6730341,0.137505,6.32505,E,10.460000038,10.819999695,8.3999996185,-2.4200000763,-1.0800000429,-11.880000114,9.8000001907,9.4799995422,15.699999809,0.94999998808,3.6800000668,0.70999997854,-5.1900000572,0.070000000298,0.47999998927,-99.0,-99.0,-99.0,-99.0,-99.0,-99.0,-99.0,-99.0,-99.0,-99.0,-99.0,-99.0,-99.0,-99.0,-99.0,-99.0,-99.0,-99.0,-99.0,-99.0,-99.0,-99.0,-99.0,-99.0,-99.0,-99.0,-99.0,-99.0,-99.0,-99.0,-99.0,-99.0,0.024104401469,-99.0,0.024104401469,0.084060682205,0.006893254097,0.071964116896,0.0080491217647,0.044380516562,0.0093614010139,1.6407260895,4.7979001999,0.26199999452,SDSS,1,True,True,0,-99.9,-99.9,-99.9,-99.9,-99.9,9.8000001907,NOEL,-34.567513,7.2341595,-61.248367,14.601727,-2.9298902,6.1548257,-5.776037,14.14531,10.9666,5.8711143,-5.079826,7.177619,-1.1000623,0.23141502
12,550781,9,9.0,J090952.3-003019,137.46795,-0.505508,137.46834,-0.50464337,0.0483198,9.48356,E,9.9300003052,10.279999733,6.9699997902,-3.3099999428,-0.93000000715,-11.170000076,9.6499996185,9.3500003815,22.399999619,0.89999997616,1.8600000143,0.56000000238,4.6799998283,0.0099999997765,12.68999958,728161280.0,160458160.0,-1.4177722931,0.086488723755,1.8922276497,0.086488723755,9.0,237.06350708,56.483283997,1.3558626175,0.29877889156,-50503184.0,24422444.0,728161280.0,160458160.0,1.0,235.48199463,21.677825928,2.6784732342,0.40888655186,-16687372.0,9386520.0,719232320.0,109795544.0,1.0,-99.0,-99.0,-99.0,-99.0,-99.0,-99.0,0.17686468363,0.025559481233,0.14338703454,0.025559481233,0.090604611,0.011393341,0.042928279745,0.0079670557671,0.022921128313,0.0090043187981,2.014778614,3.0852000713,0.041900001466,SDSS,1,True,True,13,-3.276685162926054,0.018287989422255027,0.0194078501571906,0.4466954382381998,0.007511392470928902,9.6499996185,UNC,1239.7831,20.847532,50.235588,26.52615,87.53976,14.078041,336.84164,25.443989,354.7655,15.100662,314.98068,13.503858,11.407513,0.19875036
13,600312,0,,J085915.7+002329,134.8156,0.39149,134.81541,0.39164241,0.0112993,15.2346,E,8.7600002289,8.6199998856,5.9699997902,-2.6500000954,-1.0,-9.5100002289,9.279999733,9.1599998474,18.299999237,0.30000001192,0.67000001669,0.1400000006,1.9400000572,-99.0,45.869998932,330199.75,16056075.0,-3.1012229919,1.6957035065,-0.45122289658,1.6957035065,5.0,25.046573639,1461.0765381,0.011459174566,0.55720627308,-1062283.125,2771493.0,330199.75,16056075.0,0.0,-99.0,-99.0,-99.0,-99.0,-99.0,-99.0,-99.0,-99.0,-99.0,1102025088.0,21471784.0,-99.0,-99.0,-99.0,-99.0,0.14778955281,0.031235000119,-99.0,0.031235000119,0.090388544,0.013128125,0.058421824,0.013820008,0.023264637228,0.0095169719207,3.0506949425,1.9155999422,0.011699999683,SDSS,1,True,True,40,-3.976530690746962,0.025438611017150007,0.0276592611159631,0.420110771971815,0.0038560920346634997,9.279999733,NO,21117.02021586598,193.82786370374703,4916.477564179577,179.63532502845075,611.6563079110432,58.40514648623804,5801.210517397915,160.63237953002402,664.5624507632698,49.421779475309926,2934.3344826341354,60.21574386534262,42.431465,0.41057166
14,372569,0,,J090551.5+010752,136.46461,1.131203,136.46463,1.1305382,0.0522217,23.1043,E,9.9399995804,11.180000305,6.9800000191,-4.2000002861,-1.1000000238,-12.270000458,9.9200000763,9.5699996948,21.700000763,0.92000001669,1.0800000429,0.11999999732,5.9899997711,0.17000000179,1.7000000477,285108128.0,234506848.0,-2.7249908447,0.26067256927,1.4750094414,0.26067256927,8.0,262.35723877,-0.0,0.45364817977,0.37313422561,24425158.0,42201692.0,285108128.0,234506848.0,0.0,408.90344238,188.22747803,1.1168652773,0.66056418419,14634825.0,16337026.0,350962880.0,207575184.0,0.0,2158829568.0,526185120.0,-99.0,-99.0,-99.0,-99.0,-99.0,0.024104401469,-99.0,0.024104401469,0.073528392268,0.0068179637003,0.038272697881,0.0080291597652,0.0013155660582,0.0093133724117,5.5762448311,4.3319001198,0.023099999875,SDSS,1,True,True,13,-2.7365154406121714,0.1261462382267532,0.2126579096511858,0.0468918557444518,0.014636638212080702,9.9200000763,YES,110.75976,34.572113,0.0,49.991028,22.311972,29.233355,256.52753,46.066902,174.1551,30.747053,20.636309,28.151447,0.32099444,0.10113946
15,3629663,0,,J090522.1-005925,136.34211,-0.990497,136.34272,-0.99095503,0.09756,12.3807,E,10.399999619,10.909999847,7.5700001717,-3.3399996758,-0.11999999732,-11.039999962,9.6000003815,9.4099998474,20.299999237,0.80000001192,1.5800000429,0.25999999046,-99.0,0.079999998212,1.5900000334,-99.0,-99.0,-99.0,-99.0,-99.0,-99.0,-99.0,-99.0,-99.0,-99.0,-99.0,-99.0,-99.0,-99.0,-99.0,-99.0,-99.0,-99.0,-99.0,-99.0,-99.0,-99.0,-99.0,-99.0,-99.0,-99.0,-99.0,-99.0,-99.0,-99.0,-99.0,-99.0,0.024104401469,-99.0,0.024104401469,0.079585128,0.012219986,0.03524290997,0.0081633487613,0.0097633795316,0.0096527049267,3.714287281,2.8097000122,0.024000000209,GAMA,5,True,True,13,-2.912447746684727,0.12150352001121736,0.1995153877486961,0.0650714108862252,0.015676628635957302,9.6000003815,YES,43.460335,10.470213,0.0,28.098724,5.142979,9.906001,151.8321,25.117521,39.23233,8.871603,6.993227,7.909424,0.42725295,0.10374904
16,377262,0,,J090752.3+012945,136.96821,1.495935,136.96763,1.4956651,0.10274,13.891,E,10.359999657,11.06000042,7.5799999237,-3.4800004959,-0.090000003576,-11.159999847,9.6700000763,9.5200004578,20.299999237,0.80000001192,1.2799999714,0.20000000298,4.6100001335,3.2400000095,1.3899999857,-99.0,-99.0,-99.0,-99.0,-99.0,-99.0,-99.0,-99.0,-99.0,-99.0,-99.0,-99.0,-99.0,-99.0,-99.0,-99.0,-99.0,-99.0,-99.0,-99.0,-99.0,-99.0,-99.0,-99.0,-99.0,-99.0,-99.0,-99.0,-99.0,-99.0,-99.0,-99.0,0.024104401469,-99.0,0.024104401469,0.074759603,0.012987703,0.034659579,0.012703803,0.0058427838583,0.0095931912241,5.2305326462,4.7595000267,0.0428000018,GAMA,5,True,True,2,-2.8005207790357334,+,0.0,0.143397992913141,-,9.6700000763,YES,-9.508609,48.042713,83.3868,51.88007,58.93792,37.3047,191.9026,59.203835,111.24417,33.583202,35.94335,35.084797,-0.04345853,0.22022417
17,372236,0,,J085852.1+010624,134.71736,1.106714,134.71822,1.1063786,0.118537,8.33044,E,10.350000381,10.600000381,7.8699998856,-2.7300004959,0.18000000715,-10.470000267,9.2399997711,8.8599996567,17.399999619,0.62999999523,1.1399999857,0.20000000298,3.6700000763,0.5,2.2100000381,-99.0,-99.0,-99.0,-99.0,-99.0,-99.0,-99.0,-99.0,-99.0,-99.0,-99.0,-99.0,-99.0,-99.0,-99.0,-99.0,-99.0,-99.0,-99.0,-99.0,-99.0,-99.0,-99.0,-99.0,-99.0,-99.0,-99.0,-99.0,-99.0,-99.0,-99.0,-99.0,0.024831939489,-99.0,0.024831939489,0.059478367685,0.0068514260988,0.033659258016,0.0080513397646,0.024216856471,0.0092820494103,3.5156333447,1.9139000177,0.025499999523,SDSS,1,True,True,13,-2.936276300841628,0.175150361823079,0.4240703452390451,0.1820300158041214,0.07068364072291691,9.2399997711,YES,80.92718,31.42464,0.0,29.922152,3.3732455,15.6728,137.89862,28.831692,67.76471,23.66487,75.35796,18.488798,0.8962016,0.35122588
18,382607,0,,J091037.8+015654,137.65769,1.948392,137.65813,1.9485722,0.227095,7.01541,E,10.989999771,10.760000229,8.1999998093,-2.5600004196,0.87999999523,-9.8800001144,9.0500001907,8.7700004578,19.399999619,0.55000001192,2.4100000858,0.37000000477,3.0199999809,-99.0,32.319999695,-99.0,-99.0,-99.0,-99.0,-99.0,-99.0,-99.0,-99.0,-99.0,-99.0,-99.0,-99.0,-99.0,-99.0,-99.0,-99.0,-99.0,-99.0,-99.0,-99.0,-99.0,-99.0,-99.0,-99.0,-99.0,-99.0,-99.0,-99.0,-99.0,-99.0,-99.0,-99.0,0.024104401469,-99.0,0.024104401469,0.059026625305,0.0068545631987,0.031407988082,0.0080524487646,0.017032404053,0.0096527049267,2.314658165,2.7465999126,0.07310000062,SDSS,1,True,True,40,-3.4894861765754404,0.01969655322230341,0.0210017868424856,60.14159859553232,0.8788659775991653,9.0500001907,NO,7016.327753886036,102.53155710153148,1308.7006058304498,156.48393980071265,131.5837327728768,49.34158746389906,721.7454696368918,120.18732359973976,1026.1179796498425,50.77704304380823,858.5018663254684,49.08500214993667,30.851719,0.50300944
19,382567,0,,J090929.3+020327,137.37246,2.057631,137.37317,2.0571364,0.146169,11.5502,E,10.489999771,11.170000076,7.8600001335,-3.3099999428,-0.49000000954,-11.699999809,9.6700000763,9.3599996567,19.399999619,0.92000001669,1.8500000238,0.31000000238,5.3600001335,0.25999999046,1.2999999523,-99.0,-99.0,-99.0,-99.0,-99.0,-99.0,-99.0,-99.0,-99.0,-99.0,-99.0,-99.0,-99.0,-99.0,-99.0,-99.0,-99.0,-99.0,-99.0,-99.0,-99.0,-99.0,-99.0,-99.0,-99.0,-99.0,-99.0,-99.0,-99.0,-99.0,-99.0,-99.0,0.024104401469,-99.0,0.024104401469,0.057860669857,0.0067531303031,0.028765241159,0.0080225057654,0.012730711863,0.0094303116169,4.224855423,3.9244999886,0.098700001836,SDSS,1,True,True,1,-2.841006991365073,+,0.0,0.0750103437061082,-,9.6700000763,NOEL,-4.1766324,12.948952,-97.400566,43.039906,16.804752,10.869521,46.274467,23.26156,24.56407,10.151986,15.894084,10.105796,-0.057838358,0.18230528
20,204098,0,,J090618.0-002455,136.57521,-0.415285,136.57536,-0.41517276,0.172174,7.29618,E,10.680000305,10.920000076,7.8499999046,-3.0700001717,0.40000000596,-10.529999733,9.5100002289,9.3999996185,20.100000381,0.66000002623,2.2999999523,0.37999999523,3.7799999714,0.28000000119,3.4900000095,-99.0,-99.0,-99.0,-99.0,-99.0,-99.0,-99.0,-99.0,-99.0,-99.0,-99.0,-99.0,-99.0,-99.0,-99.0,-99.0,-99.0,-99.0,-99.0,-99.0,-99.0,-99.0,-99.0,-99.0,-99.0,-99.0,-99.0,-99.0,-99.0,-99.0,-99.0,-99.0,0.024104401469,-99.0,0.024104401469,0.049479384725,0.0067541760031,0.021290581378,0.0079714917669,0.010907713182,0.00927369661,2.714915514,2.7195999622,0.060300000012,SDSS,1,True,True,1,-3.095818479644965,-,0.0,0.3422130488582505,0.056884837168129435,9.5100002289,NOEL,70.844025,11.776146,-39.81224,24.407833,6.233187,10.203222,14.8727255,24.05368,17.192387,9.33592,42.400375,12.29858,1.8434982,0.31434986
21,382215,0,,J090259.5+020046,135.74822,2.012848,135.74724,2.0123424,0.07054,8.68141,E,9.8699998856,10.340000153,7.3600001335,-2.9800000191,-0.79000002146,-11.140000343,9.7399997711,9.529999733,18.5,0.85000002384,2.1199998856,0.44999998808,4.7100000381,0.079999998212,8.1099996567,-99.0,-99.0,-99.0,-99.0,-99.0,-99.0,-99.0,-99.0,-99.0,-99.0,-99.0,-99.0,-99.0,-99.0,-99.0,-99.0,-99.0,-99.0,-99.0,-99.0,-99.0,-99.0,-99.0,-99.0,-99.0,-99.0,-99.0,-99.0,-99.0,-99.0,-99.0,-99.0,0.024104401469,0.13498577476,0.024104401469,0.051578104533,0.0067583588029,0.034066261004,0.0079781457667,0.023840980454,0.009341563113,2.8782455921,5.0145001411,0.17339999974,GAMA,5,True,True,13,-3.4004580785925955,0.030640419937455966,0.0339216671030877,0.2143768946441756,0.004370343075048355,9.7399997711,UNC,274.10513,5.5879784,0.0,10.539158,5.644024,4.6266084,26.810337,9.324325,53.083664,4.30429,38.11238,4.2514634,6.3595076,0.1380651
22,215695,0,,J085934.1+003629,134.89211,0.608193,134.89177,0.60840348,0.26211,5.41988,E,10.81000042,11.199999809,8.6400003433,-2.5599994659,-0.0099999997765,-11.199999809,9.6099996567,9.2700004578,16.299999237,0.89999997616,2.0199999809,0.46999999881,4.6399998665,-99.0,2.4700000286,-99.0,-99.0,-99.0,-99.0,-99.0,-99.0,-99.0,-99.0,-99.0,-99.0,-99.0,-99.0,-99.0,-99.0,-99.0,-99.0,-99.0,-99.0,-99.0,-99.0,-99.0,-99.0,-99.0,-99.0,-99.0,-99.0,-99.0,-99.0,-99.0,-99.0,-99.0,-99.0,0.024104401469,-99.0,0.024104401469,0.047632678606,0.0067939126014,0.056305037354,0.0080480127647,0.019718873472,0.0094240470166,1.6103856564,3.8097000122,0.1726000011,GAMA,5,True,True,2,-3.131816033667957,+,0.0,0.3434513287107977,-,9.6099996567,UNC,14.857153,7.5162473,0.0,7.2792826,4.43858,4.8186316,28.202925,6.6684737,13.507262,3.9479983,3.4712687,5.193128,0.7010111,0.35681713
23,372196,0,,J085842.0+010956,134.67516,1.165656,134.67665,1.166025,0.119885,10.1741,E,10.420000076,10.960000038,7.7300000191,-3.2300000191,-0.25,-11.180000305,9.5799999237,9.3100004196,19.5,0.86000001431,1.4900000095,0.36000001431,4.1199998856,0.67000001669,3.5499999523,-99.0,-99.0,-99.0,-99.0,-99.0,-99.0,-99.0,-99.0,-99.0,-99.0,-99.0,-99.0,-99.0,-99.0,-99.0,-99.0,-99.0,-99.0,-99.0,-99.0,-99.0,-99.0,-99.0,-99.0,-99.0,-99.0,-99.0,-99.0,-99.0,-99.0,-99.0,-99.0,0.026287019253,-99.0,0.026287019253,0.061579447,0.011527344,0.030633906104,0.0079814727666,0.020868427623,0.0097988789332,3.0923240185,3.8894000053,0.061099998653,SDSS,1,True,True,13,-3.043694364952086,0.08587724917927887,0.118151889798951,0.4397856434045131,0.060213175170429276,9.5799999237,UNC,191.5296,26.223242,0.0,26.540667,14.95877,14.330273,106.839775,27.463,114.287056,19.908577,54.83713,17.590288,2.159961,0.29914746
24,301730,0,,J085944.2+011708,134.93435,1.285629,134.93298,1.2854786,0.16427,5.60714,E,10.430000305,10.880000114,8.1099996567,-2.7700004578,-0.86000001431,-11.729999542,9.6599998474,9.3699998856,17.200000763,0.93999999762,2.1800000668,0.51999998093,-4.8400001526,0.58999997377,1.7799999714,-99.0,-99.0,-99.0,-99.0,-99.0,-99.0,-99.0,-99.0,-99.0,-99.0,-99.0,-99.0,-99.0,-99.0,-99.0,-99.0,-99.0,-99.0,-99.0,-99.0,-99.0,-99.0,-99.0,-99.0,-99.0,-99.0,-99.0,-99.0,-99.0,-99.0,-99.0,-99.0,0.024104401469,-99.0,0.024104401469,0.047300146021,0.0068326034997,0.038731823868,0.0080313777652,0.014221686729,0.0092987550111,1.420545578,2.3129000664,0.076099999249,GAMA,5,True,True,0,-99.9,-99.9,-99.9,0.0506150145180454,-,9.6599998474,NOEL,-1.2663277,6.411899,-13.623261,10.078259,-0.9626696,5.074397,32.63476,7.7237625,3.1885111,5.60878,3.428095,4.8050237,-0.04505473,0.22732049
25,347169,0,,J090634.8+020752,136.64532,2.131382,136.64457,2.1320456,0.24597,8.46501,E,10.880000114,11.390000343,8.25,-3.1400003433,0.31999999285,-11.050000191,9.5900001526,9.4600000381,19.0,0.81999999285,1.1399999857,0.31000000238,4.2899999619,-99.0,2.3699998856,-99.0,-99.0,-99.0,-99.0,-99.0,-99.0,-99.0,-99.0,-99.0,-99.0,-99.0,-99.0,-99.0,-99.0,-99.0,-99.0,-99.0,-99.0,-99.0,-99.0,-99.0,-99.0,-99.0,-99.0,-99.0,-99.0,-99.0,-99.0,-99.0,-99.0,-99.0,-99.0,0.024831939489,-99.0,0.024831939489,0.044639885338,0.006870248698,0.035022218976,0.0080080887659,0.011738816819,0.0093989886155,3.6740140915,6.6645002365,0.29699999094,GAMA,5,True,True,13,-3.1699265839283988,0.09495713561868505,0.1361862218082365,0.7552648526824087,0.0864556935135563,9.5900001526,UNC,74.809006,8.563439,0.0,12.926157,12.733054,10.743002,48.98798,11.10861,29.977415,7.036758,4.1743374,7.6831856,1.5759305,0.18398443
26,622848,0,,J090210.6+004805,135.5442,0.801648,135.5449,0.8019256,0.199343,6.63658,E,10.880000114,10.699999809,8.1000003815,-2.5999994278,0.80000001192,-9.8900003433,9.2700004578,9.4600000381,18.299999237,0.46000000834,1.5099999905,0.31999999285,2.9400000572,-99.0,9.970000267,-99.0,-99.0,-99.0,-99.0,-99.0,-99.0,-99.0,-99.0,-99.0,-99.0,-99.0,-99.0,-99.0,-99.0,-99.0,-99.0,-99.0,-99.0,-99.0,-99.0,-99.0,-99.0,-99.0,-99.0,-99.0,-99.0,-99.0,-99.0,-99.0,-99.0,-99.0,-99.0,0.024104401469,-99.0,0.024104401469,0.04595328448,0.0066820227063,0.034595253989,0.0079116057687,0.012309939544,0.0092726525099,2.9310278893,2.4326000214,0.064099997282,SDSS,1,True,True,10,-3.353523165525089,0.09022695202047837,0.126598978317094,1.8880062016772317,0.12015871902039535,9.2700004578,NOEL,288.22598,18.343618,-11.697546,21.57339,11.208417,9.480898,31.587767,17.510263,64.72488,17.189764,31.372911,12.669852,8.0032425,0.5254302
27,372105,0,,J085727.4+010847,134.36443,1.14642,134.3645,1.1455509,0.0699309,9.78617,E,9.8400001526,10.300000191,7.0900001526,-3.2100000381,-0.66000002623,-10.899999619,9.6300001144,9.4799995422,20.100000381,0.77999997139,1.5099999905,0.31000000238,4.2300000191,2.7999999523,5.1900000572,-99.0,-99.0,-99.0,-99.0,-99.0,-99.0,-99.0,-99.0,-99.0,-99.0,-99.0,-99.0,-99.0,-99.0,-99.0,-99.0,-99.0,-99.0,-99.0,-99.0,-99.0,-99.0,-99.0,-99.0,-99.0,-99.0,-99.0,-99.0,-99.0,-99.0,-99.0,-99.0,0.026287019253,-99.0,0.026287019253,0.049047485,0.011451097,0.023667168308,0.0081012447631,-0.0073462879248,0.0095493390222,3.5186505318,1.1633000374,0.012600000016,SDSS,1,True,True,10,-3.311687820310154,0.09676574797958054,0.1399689744714272,0.1518723264305314,0.012222182789390676,9.6300001144,NOEL,198.3808,15.965031,-127.978096,29.531973,-1.8071393,12.832505,40.9361,27.809622,50.833084,14.052716,58.737038,12.022274,2.9815989,0.24529853
28,210477,0,,J091359.4+000909,138.49779,0.152756,138.49823,0.15172666,0.16825,5.13716,E,10.409999847,10.579999924,8.0500001907,-2.529999733,-0.55000001192,-11.170000076,9.3800001144,8.9099998474,17.5,0.92000001669,1.9500000477,0.55000001192,4.7800002098,6.0199999809,1.2999999523,-99.0,-99.0,-99.0,-99.0,-99.0,-99.0,-99.0,-99.0,-99.0,-99.0,-99.0,-99.0,-99.0,-99.0,-99.0,-99.0,-99.0,-99.0,-99.0,-99.0,-99.0,-99.0,-99.0,-99.0,-99.0,-99.0,-99.0,-99.0,-99.0,-99.0,-99.0,-99.0,0.024104401469,-99.0,0.024104401469,0.044639885338,0.0067803185019,0.031854915069,0.0081134437628,0.012706697562,0.0094177824163,1.4859726429,2.3849999905,0.10059999675,GAMA,5,True,True,13,-3.595611400670248,0.09743024903575968,0.1413756961647689,0.6208174420451116,0.023795643884618807,9.3800001144,UNC,134.20862,5.144154,-16.840845,12.0323925,8.755249,4.3962784,26.452965,8.834588,14.044,4.514338,17.777992,4.636273,6.0431795,0.2571055
29,301937,0,,J090236.7+011909,135.65304,1.319363,135.65325,1.3202191,0.0934658,12.9628,E,10.140000343,11.029999733,7.4899997711,-3.5399999619,-1.3700000048,-12.369999886,9.7700004578,9.470000267,19.700000763,0.94999998808,1.5800000429,0.18999999762,5.3600001335,0.17000000179,0.37999999523,-99.0,-99.0,-99.0,-99.0,-99.0,-99.0,-99.0,-99.0,-99.0,-99.0,-99.0,-99.0,-99.0,-99.0,-99.0,-99.0,-99.0,-99.0,-99.0,-99.0,-99.0,-99.0,-99.0,-99.0,-99.0,-99.0,-99.0,-99.0,-99.0,-99.0,-99.0,-99.0,0.02913925983,-99.0,0.02913925983,0.055313468,0.01235581,0.038897432,0.01253475,0.0091912127063,0.0096453962264,5.4387464523,6.0861001015,0.10230000317,SDSS,1,True,True,0,-99.9,-99.9,-99.9,-99.9,-99.9,9.7700004578,UNC,-121.20925,14.967602,0.0,26.389662,12.5075035,13.224696,157.32878,25.251234,26.692724,12.6376,5.075199,13.707618,-1.0652137,0.13214198
30,204240,0,,J090849.5-001846,137.20662,-0.312799,137.20752,-0.3127353,0.2186,7.25425,E,10.760000229,11.069999695,8.0799999237,-2.9899997711,0.40000000596,-10.649999619,9.5,9.3900003433,19.100000381,0.72000002861,1.6200000048,0.31999999285,4.0,-99.0,2.4600000381,-99.0,-99.0,-99.0,-99.0,-99.0,-99.0,-99.0,-99.0,-99.0,-99.0,-99.0,-99.0,-99.0,-99.0,-99.0,-99.0,-99.0,-99.0,-99.0,-99.0,-99.0,-99.0,-99.0,-99.0,-99.0,-99.0,-99.0,-99.0,-99.0,-99.0,-99.0,-99.0,0.024104401469,-99.0,0.024104401469,0.043084929506,0.0068566545986,0.026875505214,0.0081921827605,0.0092486382089,0.0094000327156,3.0889341831,6.3298997879,0.29469999671,SDSS,1,True,True,10,-2.71594755400139,0.12307673458173064,0.2038866661236835,0.3337877884382361,0.10848456422570027,9.5,NOEL,42.16063,13.702651,-121.727974,20.533539,15.721802,9.10799,30.226952,17.301552,70.735344,10.563016,26.694023,10.14245,1.221813,0.40128157
31,198246,0,,J091435.2-003919,138.64705,-0.655507,138.64754,-0.65506102,0.31742,8.28856,E,11.239999771,11.18999958,8.1700000763,-3.0199995041,1.0900000334,-10.090000153,9.3599996567,9.4099998474,21.5,0.54000002146,1.7200000286,0.43000000715,3.0,-99.0,6.2100000381,-99.0,-99.0,-99.0,-99.0,-99.0,-99.0,-99.0,-99.0,-99.0,-99.0,-99.0,-99.0,-99.0,-99.0,-99.0,-99.0,-99.0,-99.0,-99.0,-99.0,-99.0,-99.0,-99.0,-99.0,-99.0,-99.0,-99.0,-99.0,-99.0,-99.0,-99.0,-99.0,0.024104401469,-99.0,0.024104401469,0.044152589159,0.0068461975991,0.020384528404,0.0079714917669,0.0075906073356,0.0097592031314,4.4771728516,2.2153999805,0.088200002909,GAMA,5,True,True,10,-3.233615887445091,0.14362489982498236,0.2698352963538668,2.2694217680741824,0.3707659922588537,9.3599996567,NOEL,132.39847,21.630554,-17.782654,17.408073,-10.81212,22.49771,1.0351578,15.283311,43.398792,17.78003,-99999.0,-99999.0,5.939723,1.0043774
32,210486,0,,J091409.6+000439,138.54029,0.077577,138.54071,0.07766581,0.16458,6.40927,E,10.489999771,10.68999958,8.0600004196,-2.6299991608,0.1099999994,-10.550000191,9.4499998093,9.1499996185,17.399999619,0.74000000954,2.2000000477,0.50999999046,4.1500000954,6.9899997711,3.9900000095,-99.0,-99.0,-99.0,-99.0,-99.0,-99.0,-99.0,-99.0,-99.0,-99.0,-99.0,-99.0,-99.0,-99.0,-99.0,-99.0,-99.0,-99.0,-99.0,-99.0,-99.0,-99.0,-99.0,-99.0,-99.0,-99.0,-99.0,-99.0,-99.0,-99.0,-99.0,-99.0,0.024104401469,-99.0,0.024104401469,0.042682335024,0.0067907755015,0.036746713926,0.0081212067626,0.015337829678,0.0092653438096,2.116038084,2.9042000771,0.12150000036,GAMA,5,True,True,10,-3.4544289403297816,0.1256825976819023,0.2113118729977408,0.4527931238780452,0.031064567353199856,9.4499998093,NOEL,102.57876,7.0375733,-7.946872,13.634705,9.924105,6.150986,8.66738,10.476774,16.755928,7.0023665,4.113337,5.9281845,4.830969,0.35177776
33,3631168,0,,J090938.9-005753,137.41229,-0.96496,137.41234,-0.96554143,0.13371,5.88916,E,10.220000267,10.56000042,7.6700000763,-2.8900003433,-1.1000000238,-11.680000305,9.4799995422,9.1000003815,18.799999237,0.93999999762,2.1600000858,0.5,-4.9600000381,0.039999999106,-99.0,-99.0,-99.0,-99.0,-99.0,-99.0,-99.0,-99.0,-99.0,-99.0,-99.0,-99.0,-99.0,-99.0,-99.0,-99.0,-99.0,-99.0,-99.0,-99.0,-99.0,-99.0,-99.0,-99.0,-99.0,-99.0,-99.0,-99.0,-99.0,-99.0,-99.0,-99.0,-99.0,0.024104401469,-99.0,0.024104401469,0.037436058354,0.0067677701025,0.027739416189,0.0080446857648,0.0029297447295,0.0091337872038,2.0707476139,4.5886998177,0.20739999413,GAMA,5,True,True,0,-99.9,-99.9,-99.9,0.0139749527238171,-,9.4799995422,NOEL,-8.565748,6.7044296,-55.860653,14.839429,-3.0477855,5.9602985,-21.161022,15.370859,1.1943481,5.4256663,11.842111,6.944907,-0.3582896,0.28031674
34,623320,0,,J091315.8+004445,138.31594,0.745881,138.31531,0.74566679,0.225024,7.71402,E,10.680000305,11.050000191,8.3100004196,-2.7399997711,0.37999999523,-10.68999958,9.3000001907,8.9499998093,16.899999619,0.70999997854,1.5599999428,0.21999999881,4.2399997711,-99.0,19.5,-99.0,-99.0,-99.0,-99.0,-99.0,-99.0,-99.0,-99.0,-99.0,-99.0,-99.0,-99.0,-99.0,-99.0,-99.0,-99.0,-99.0,-99.0,-99.0,-99.0,-99.0,-99.0,-99.0,-99.0,-99.0,-99.0,-99.0,-99.0,-99.0,-99.0,-99.0,-1.0,-1.0,-1.0,-1.0,0.037354493758,0.0066820227063,0.035400387965,0.0080069797659,0.01899844444,0.0094846048193,3.0727977753,2.654900074,0.0015999999596,SDSS,1,True,True,40,-3.4219033163449217,0.029923336760586006,0.0330448298823492,76.08960937423858,1.7836853132495647,9.3000001907,UNC,9025.927438744491,211.5849239251784,1402.8228289058256,365.8561234218393,508.1396276472936,150.67379274856864,6902.736510385692,278.2101435352499,1633.6481592804396,123.40715019193688,1438.134036984479,102.50346629452268,18.146994,0.45829713
35,418687,0,,J090936.0+023324,137.4001,2.556752,137.39929,2.556904,0.164597,6.25751,E,10.479999542,10.579999924,7.6700000763,-2.9099998474,0.18999999762,-10.350000381,9.4099998474,9.279999733,19.899999619,0.66000002623,1.3799999952,0.31000000238,3.4800000191,7.4400000572,15.180000305,-99.0,-99.0,-99.0,-99.0,-99.0,-99.0,-99.0,-99.0,-99.0,-99.0,-99.0,-99.0,-99.0,-99.0,-99.0,-99.0,-99.0,-99.0,-99.0,-99.0,-99.0,-99.0,-99.0,-99.0,-99.0,-99.0,-99.0,-99.0,-99.0,-99.0,-99.0,-1.0,-1.0,-1.0,-1.0,0.037900349134,0.0068273749999,0.015538198546,0.0079836907666,-4.5940402031e-05,0.0094929576197,1.2810132504,4.7930998802,0.32460001111,SDSS,1,True,True,10,-3.6003587214295574,0.09228635580344849,0.1307198978361773,2.1208331021026505,0.07041678854499822,9.4099998474,NOEL,481.26,15.978996,2.5363493,24.092297,38.334095,15.51304,32.818237,24.858593,49.61203,15.116056,66.388306,16.643206,12.749019,0.45145622
36,279506,0,,J091054.2+005454,137.72596,0.915208,137.72617,0.91620418,0.162767,6.36808,E,10.479999542,10.800000191,7.9499998093,-2.8500003815,0.1400000006,-10.649999619,9.5500001907,9.4799995422,17.600000381,0.68999999762,1.6799999475,0.33000001311,3.8599998951,0.21999999881,3.5499999523,-99.0,-99.0,-99.0,-99.0,-99.0,-99.0,-99.0,-99.0,-99.0,-99.0,-99.0,-99.0,-99.0,-99.0,-99.0,-99.0,-99.0,-99.0,-99.0,-99.0,-99.0,-99.0,-99.0,-99.0,-99.0,-99.0,-99.0,-99.0,-99.0,-99.0,-99.0,-99.0,0.024104401469,-99.0,0.024104401469,0.037395276056,0.0067886841016,0.028780767159,0.0080413587649,0.019715741172,0.0093509600134,1.7225267887,3.8519001007,0.11680000275,SDSS,1,True,True,13,-3.0202686289292884,0.1858367143890025,0.5056750373390196,0.1526906381370542,0.05137906035063794,9.5500001907,UNC,35.395416,11.910247,0.0,16.317299,-11.483729,8.296189,36.566723,17.341125,22.740406,10.4742985,29.363739,8.03231,1.1223097,0.38052016
37,302462,0,,J091143.5+012053,137.93162,1.348299,137.93232,1.3491081,0.0705799,10.2611,E,9.8299999237,10.489999771,6.9800000191,-3.509999752,-0.69999998808,-11.199999809,9.6199998856,9.3800001144,20.899999619,0.81999999285,1.8099999428,0.25999999046,4.7699999809,0.039999999106,2.7000000477,-99.0,-99.0,-99.0,-99.0,-99.0,-99.0,-99.0,-99.0,-99.0,-99.0,-99.0,-99.0,-99.0,-99.0,-99.0,-99.0,-99.0,-99.0,-99.0,-99.0,-99.0,-99.0,-99.0,-99.0,-99.0,-99.0,-99.0,-99.0,-99.0,-99.0,-99.0,-99.0,0.024104401469,-99.0,0.024104401469,0.036906934178,0.0068179637003,0.020925720388,0.008002543766,-0.010902492682,0.0093540923135,2.1668202877,3.0074999332,0.052700001746,SDSS,1,True,True,13,-2.920929336326384,0.06882731433983326,0.0880358215754749,0.0713586603421997,0.008898327575575404,9.6199998856,YES,91.351585,11.391418,0.0,20.501228,25.454102,9.683401,101.66395,20.011248,80.287605,9.45514,50.71779,9.334142,1.1884004,0.14991836
38,324410,0,,J090310.3+014233,135.79298,1.709358,135.79334,1.709034,0.161646,5.06387,E,10.479999542,10.569999695,7.9299998283,-2.6399998665,0.31000000238,-10.25,9.470000267,9.4499998093,17.299999237,0.56999999285,1.7100000381,0.28000000119,3.1600000858,0.1099999994,8.7399997711,-99.0,-99.0,-99.0,-99.0,-99.0,-99.0,-99.0,-99.0,-99.0,-99.0,-99.0,-99.0,-99.0,-99.0,-99.0,-99.0,-99.0,-99.0,-99.0,-99.0,-99.0,-99.0,-99.0,-99.0,-99.0,-99.0,-99.0,-99.0,-99.0,-99.0,-99.0,-99.0,0.024104401469,-99.0,0.024104401469,0.035683465231,0.0067845013018,0.027164954206,0.0080768467638,0.019582096366,0.0096694105275,1.4288511276,2.0160000324,0.051100000739,SDSS,1,True,True,10,-3.474251751977725,0.14021842087012845,0.2575906930957801,0.7085850783784059,0.04630875552871601,9.470000267,NOEL,166.6518,10.891335,-32.728287,15.608916,10.2599,7.641511,14.426479,16.371386,25.572107,12.55331,32.689632,7.440481,6.365323,0.42402434
39,279005,0,,J085916.4+005218,134.81853,0.871818,134.81873,0.87263271,0.24368,5.77997,E,10.800000191,10.659999847,8.1000003815,-2.5599994659,0.62999999523,-10.050000191,9.0900001526,8.779999733,18.600000381,0.58999997377,1.6799999475,0.31999999285,3.2699999809,-99.0,8.75,-99.0,-99.0,-99.0,-99.0,-99.0,-99.0,-99.0,-99.0,-99.0,-99.0,-99.0,-99.0,-99.0,-99.0,-99.0,-99.0,-99.0,-99.0,-99.0,-99.0,-99.0,-99.0,-99.0,-99.0,-99.0,-99.0,-99.0,-99.0,-99.0,-99.0,-99.0,-99.0,0.024104401469,-99.0,0.024104401469,0.035456548341,0.0067719529023,0.023276800319,0.0080823917637,0.0082588313651,0.009635999326,2.0038967133,2.5780000687,0.10719999671,GAMA,5,True,True,13,-3.4277676888503086,0.041702463041379874,0.0480308983571953,2.068417187639522,0.054437740688503926,9.0900001526,UNC,208.94054,5.499012,-9.940555,7.857389,-0.23020153,4.238626,20.869572,6.3751884,37.124107,4.241943,10.493984,6.7880874,10.030508,0.28740296
40,203709,0,,J085947.9-002143,134.94988,-0.362092,134.9505,-0.36295986,0.120964,9.55319,E,10.159999847,11.0,7.3400001526,-3.6599998474,-0.56000000238,-11.539999962,9.6499996185,9.470000267,21.200000763,0.87000000477,1.6499999762,0.18000000715,4.7699999809,0.0099999997765,12.039999962,-99.0,-99.0,-99.0,-99.0,-99.0,-99.0,-99.0,-99.0,-99.0,-99.0,-99.0,-99.0,-99.0,-99.0,-99.0,-99.0,-99.0,-99.0,-99.0,-99.0,-99.0,-99.0,-99.0,-99.0,-99.0,-99.0,-99.0,-99.0,-99.0,-99.0,-99.0,-99.0,0.025559481233,-99.0,0.025559481233,0.045014214,0.011406496,0.0087477917442,0.0079326767681,0.0035342786562,0.0094209147165,2.7809185982,3.1470000744,0.036299999803,SDSS,1,True,True,13,-3.1851032531461554,0.02176234913493338,0.0233670162745561,2.136393208661391,0.04941819450225839,9.6499996185,YES,911.5032,21.084528,29.350147,29.991135,102.92354,13.315023,656.87524,44.48555,348.18378,16.685862,253.40504,15.345687,11.886839,0.2865987
41,197613,0,,J090413.9-004405,136.05826,-0.734888,136.0585,-0.73408376,0.19805,10.0065,E,10.520000458,11.100000381,7.8200001717,-3.2800002098,-0.89999997616,-12.029999733,9.6300001144,9.3299999237,20.0,0.93999999762,1.9700000286,0.37000000477,-5.0500001907,-99.0,2.5999999046,-99.0,-99.0,-99.0,-99.0,-99.0,-99.0,-99.0,-99.0,-99.0,-99.0,-99.0,-99.0,-99.0,-99.0,-99.0,-99.0,-99.0,-99.0,-99.0,-99.0,-99.0,-99.0,-99.0,-99.0,-99.0,-99.0,-99.0,-99.0,-99.0,-99.0,-99.0,-99.0,0.024104401469,-99.0,0.024104401469,0.037739918,0.011494101,0.018723246453,0.0080136337657,0.004274545589,0.0093436513131,3.6638782024,4.218100071,0.133100003,GAMA,5,True,True,1,-3.192121184445087,-,0.0,0.1644887640428372,0.03213513595743647,9.6300001144,NOEL,25.502054,4.982176,-16.649258,9.473045,3.3158748,3.2545414,3.6014216,7.5020957,2.5327916,3.4977155,2.5683832,2.9973397,1.141356,0.2256715
42,622694,3,3.0,J085828.5+003814,134.61892,0.637438,134.61917,0.63711334,0.0523611,14.7359,S,10.390000343,10.840000153,7.5,-3.3400001526,-0.30000001192,-11.170000076,9.7700004578,9.5699996948,21.700000763,0.87000000477,4.2199997902,0.44999998808,4.7300000191,0.38999998569,14.770000458,3897266944.0,708267648.0,-1.2492399216,0.072520256042,2.090760231,0.072520256042,3.0,235.48199463,16.168920517,6.1677222252,1.1208875179,-172184848.0,136523984.0,3897266944.0,708267648.0,1.0,320.05413818,153.3316803,9.4841346741,3.749325037,-119636496.0,110734952.0,2996422656.0,1184563840.0,0.0,6583918080.0,705476096.0,-99.0,-99.0,-99.0,-99.0,0.36184096336,0.024104401469,0.3887834549,0.024104401469,0.27707148,0.012998685,0.1129085,0.012865722,0.032261647326,0.0094386644173,5.1618852615,2.4058001041,0.010300000198,SDSS,1,True,True,40,-3.445614986959964,0.01581792895865807,0.0166487729880684,14.823844045859808,0.2150926852578488,9.7700004578,NO,34820.3830592705,505.2407237120923,5470.659886672959,684.8105632633211,1702.7489128508205,216.1834896735712,8285.542228748442,592.3675960299053,5848.149871842181,214.3291102043268,4558.990977843288,183.53442825934735,13.194181,0.19849639
43,376802,6,6.0,J090038.0+012810,135.15841,1.469615,135.15834,1.4699678,0.0522101,20.0031,S,10.039999962,10.859999657,7.6399998665,-3.2199997902,-0.31000000238,-11.140000343,9.8299999237,9.3900003433,17.5,0.79000002146,1.4400000572,0.17000000179,4.3299999237,0.18999999762,1.0,2721130496.0,304070112.0,-1.4252500534,0.046004295349,1.7947497368,0.046004295349,6.0,235.48199463,4.5433955193,4.3316602707,0.48403719068,-70733256.0,53209180.0,2721130496.0,304070112.0,1.0,225.42298889,28.4590168,4.8354067802,0.73265761137,-26406540.0,20619278.0,1518791040.0,230126208.0,1.0,5870692864.0,529923296.0,-99.0,-99.0,-99.0,-99.0,-99.0,0.036481261253,-99.0,0.036481261253,0.19266082,0.015030942,0.092778698,0.014824146,0.029474944303,0.0091724189055,14.052193642,3.7070999146,0.022700000554,SDSS,1,True,True,0,-99.9,-99.9,-99.9,-99.9,-99.9,9.8299999237,UNC,-132.03535,31.865696,0.0,48.975616,29.500212,26.145933,193.16335,45.68789,41.460003,27.60075,-10.260816,26.571165,-0.61093706,0.1483601
44,574285,0,,J085946.7-000020,134.94489,-0.00566,134.94533,-0.00561173,0.0527758,22.5549,S,10.149999619,10.779999733,7.4499998093,-3.3299999237,-0.47999998927,-11.220000267,9.6499996185,9.4099998474,19.5,0.85000002384,1.7999999523,0.25999999046,4.6900000572,0.38999998569,0.56999999285,383420128.0,486490400.0,-2.1963243484,0.35579967499,1.1336755753,0.35579967499,4.0,512.89129639,204.52844238,0.59717303514,0.75770390034,140483168.0,87112856.0,383420128.0,486490400.0,0.0,144.15530396,39.085361481,0.87131458521,1.2545241117,-4387851.0,32771158.0,279717568.0,402739072.0,0.0,17964382208.0,569430016.0,-99.0,-99.0,-99.0,-99.0,-99.0,0.024104401469,0.2142188102,0.024104401469,0.14721447,0.016151661,0.08445435,0.015438421,0.028005895538,0.0093018873112,6.5752100945,4.4812998772,0.030999999493,SDSS,1,True,True,0,-99.9,-99.9,-99.9,-99.9,-99.9,9.6499996185,UNC,-226.8574,36.655724,0.0,47.2411,12.3023615,31.027615,290.55762,46.083374,131.91788,32.40516,25.362215,29.274773,-0.7391659,0.12011483
45,210256,0,,J090911.8+000029,137.29941,0.008152,137.29948,0.00799842,0.0755512,14.8909,S,10.159999847,10.529999733,7.6599998474,-2.8699998856,-0.72000002861,-11.25,9.529999733,9.1800003052,18.299999237,0.89999997616,2.0399999619,0.51999998093,5.1100001335,0.18000000715,2.4500000477,-99.0,-99.0,-99.0,-99.0,-99.0,-99.0,-99.0,-99.0,-99.0,-99.0,-99.0,-99.0,-99.0,-99.0,-99.0,-99.0,-99.0,-99.0,-99.0,-99.0,-99.0,-99.0,-99.0,-99.0,-99.0,-99.0,-99.0,-99.0,-99.0,-99.0,-99.0,-99.0,0.024104401469,-99.0,0.024104401469,0.11574055,0.013236017,0.052519102,0.012896234,0.017989843795,0.0094313557169,4.5141239166,1.3342000246,0.01610000059,SDSS,1,True,True,10,-2.844074619302387,0.14144810429211166,0.261941365022976,0.0391378035882236,0.012371479256516785,9.529999733,NOEL,43.69144,13.810886,-125.234406,26.79159,-4.0113006,11.934885,34.514717,25.719446,48.93383,12.047501,38.30638,10.971957,0.7795722,0.24879165
46,3630108,0,,J090648.9-005059,136.704,-0.849925,136.70406,-0.84978909,0.15521,8.54234,S,10.729999542,11.020000458,8.0500001907,-2.970000267,-0.56000000238,-11.630000114,9.4499998093,9.0799999237,19.899999619,0.93999999762,2.0499999523,0.56000000238,5.4499998093,0.079999998212,6.0599999428,-99.0,-99.0,-99.0,-99.0,-99.0,-99.0,-99.0,-99.0,-99.0,-99.0,-99.0,-99.0,-99.0,-99.0,-99.0,-99.0,-99.0,-99.0,-99.0,-99.0,-99.0,-99.0,-99.0,-99.0,-99.0,-99.0,-99.0,-99.0,-99.0,-99.0,-99.0,-99.0,0.024104401469,-99.0,0.024104401469,0.085358395848,0.0068054153008,0.041498778787,0.0082387607591,0.016906067947,0.0095806620235,2.8619735241,3.5504999161,0.079300001264,GAMA,5,True,True,10,-3.3671265444974927,0.08511431973026698,0.1167049100881715,0.5105921621881292,0.032653043514914215,9.4499998093,NOEL,130.72052,8.35975,-117.17547,27.663046,3.4602966,9.699349,13.38644,19.638056,28.12206,6.8620687,18.108946,7.331122,4.071408,0.27249953
47,197555,0,,J090312.4-004509,135.80192,-0.752558,135.80276,-0.75293044,0.0483384,20.8563,S,9.8800001144,10.68999958,7.2300000191,-3.4599995613,-0.40000000596,-11.109999657,9.7299995422,9.5600004196,18.5,0.67000001669,1.6200000048,0.12999999523,4.3000001907,-99.0,0.62000000477,213531776.0,205523680.0,-2.360537529,0.29280948639,1.0994620323,0.29280948639,7.0,222.68963623,187.20985413,0.39729440212,0.38239467144,-14202080.0,37079376.0,213531776.0,205523680.0,0.0,537.99945068,422.37237549,0.38828873634,0.44680586457,-5592290.0,11257466.0,104345768.0,120071216.0,0.0,4243456512.0,324515040.0,-99.0,-99.0,-99.0,-99.0,-99.0,0.024104401469,-99.0,0.024104401469,0.092333153,0.015459768,0.056302898,0.01502407,0.018965033238,0.0093248575122,13.515625,6.6008000374,0.0625,SDSS,1,True,True,0,-99.9,-99.9,-99.9,-99.9,-99.9,9.7299995422,UNC,-208.34836,39.96862,0.0,60.823753,38.28629,35.820675,215.37686,57.700596,81.45803,34.685696,-15.138127,31.983027,-0.71394247,0.1376991
48,387675,0,,J090944.5+022100,137.43542,2.350108,137.4349,2.3503729,0.054571,15.5062,S,9.779999733,10.5,6.7600002289,-3.7399997711,-1.5700000525,-12.100000381,9.6199998856,8.9300003052,22.700000763,0.93999999762,1.5700000525,0.25,4.6999998093,0.56000000238,1.6299999952,-99.0,-99.0,-99.0,-99.0,-99.0,-99.0,-99.0,-99.0,-99.0,-99.0,-99.0,-99.0,-99.0,-99.0,-99.0,-99.0,-99.0,-99.0,-99.0,-99.0,-99.0,-99.0,-99.0,-99.0,-99.0,-99.0,-99.0,-99.0,-99.0,-99.0,-99.0,-99.0,0.024104401469,-99.0,0.024104401469,0.057906285,0.013394928,0.013583031603,0.0079104967687,-0.0022531678996,0.0091724189055,4.6396217346,3.5683999062,0.11529999971,SDSS,1,True,True,3,-2.6602378516599736,+,0.0,0.0177974513959627,-,9.6199998856,YES,2.7596202,17.868034,0.0,30.174995,14.94581,15.089078,59.05871,27.43798,76.993866,14.78236,29.672617,13.198661,0.019626068,0.12814409
49,279319,0,,J090622.3+010014,136.59293,1.00404,136.59266,1.004194,0.0711735,14.1974,S,9.8699998856,10.5,7.1500000954,-3.3499999046,-0.75999999046,-11.289999962,9.7299995422,9.4200000763,19.799999237,0.85000002384,1.1299999952,0.18999999762,-99.0,0.079999998212,1.0099999905,-99.0,-99.0,-99.0,-99.0,-99.0,-99.0,-99.0,-99.0,-99.0,-99.0,-99.0,-99.0,-99.0,-99.0,-99.0,-99.0,-99.0,-99.0,-99.0,-99.0,-99.0,-99.0,-99.0,-99.0,-99.0,-99.0,-99.0,-99.0,-99.0,-99.0,-99.0,-99.0,0.024104401469,-99.0,0.024104401469,0.057690214,0.012862366,0.018757625452,0.0079570747674,0.0093467836132,0.0098343783348,11.39290905,3.5550000668,0.2161000073,SDSS,1,True,True,0,-99.9,-99.9,-99.9,-99.9,-99.9,9.7299995422,NOEL,-46.359486,15.544189,-123.267,32.117413,4.7825065,13.682793,8.720921,29.779999,26.674702,13.086028,-15.643059,12.780676,-0.6701273,0.22617543
50,372190,0,,J085827.1+010426,134.6131,1.073912,134.61349,1.0738089,0.0715136,10.5214,S,9.6099996567,10.340000153,6.9800000191,-3.3600001335,-1.9099999666,-12.18999958,9.7100000381,9.4399995804,19.799999237,0.94999998808,1.6599999666,0.27000001073,5.2899999619,6.7800002098,2.0099999905,-99.0,-99.0,-99.0,-99.0,-99.0,-99.0,-99.0,-99.0,-99.0,-99.0,-99.0,-99.0,-99.0,-99.0,-99.0,-99.0,-99.0,-99.0,-99.0,-99.0,-99.0,-99.0,-99.0,-99.0,-99.0,-99.0,-99.0,-99.0,-99.0,-99.0,-99.0,-99.0,0.027014560997,-99.0,0.027014560997,0.045878489,0.01159767,0.012012687649,0.0079992167661,-0.0065485954895,0.0093582687137,3.1923630238,1.033100009,0.012299999595,SDSS,1,True,True,1,-2.8077417505697686,+,0.0,0.0284542834435911,-,9.7100000381,NOEL,11.7592325,11.874084,-139.03482,19.797344,-1.1360104,10.129796,22.455643,18.474144,44.596706,10.9490385,7.9873433,9.700454,0.1900345,0.19373217
51,372568,0,,J090543.6+010754,136.4319,1.131715,136.4317,1.1318932,0.0507015,12.1978,S,9.4499998093,9.9399995804,6.7399997711,-3.1999998093,-1.5599999428,-11.529999733,9.5600004196,9.1899995804,20.299999237,0.92000001669,2.0,0.40000000596,5.0799999237,0.21999999881,4.25,-99.0,-99.0,-99.0,-99.0,-99.0,-99.0,-99.0,-99.0,-99.0,-99.0,-99.0,-99.0,-99.0,-99.0,-99.0,-99.0,-99.0,-99.0,-99.0,-99.0,-99.0,-99.0,-99.0,-99.0,-99.0,-99.0,-99.0,-99.0,-99.0,-99.0,-99.0,-99.0,0.024104401469,-99.0,0.024104401469,0.05308076,0.012178296,0.013286928612,0.0080457947648,-0.0070466312115,0.0096516608267,4.4651722908,0.8831999898,0.014800000004,SDSS,1,True,True,10,-3.2050877855681423,0.10358355259407481,0.1548547909617989,0.0441471989767929,0.005288521308027115,9.5600004196,NOEL,110.91933,13.287349,-59.459785,24.399221,0.6744057,10.710143,22.208084,22.75342,39.781532,10.606893,43.080315,9.598772,2.7988813,0.3410277
52,210052,0,,J090547.8+001136,136.44923,0.193495,136.44964,0.19340402,0.15902,7.77047,S,10.479999542,10.949999809,7.7800002098,-3.1699995995,-0.57999998331,-11.550000191,9.6300001144,9.3599996567,20.0,0.92000001669,2.2400000095,0.56000000238,-4.5700001717,0.1400000006,1.6399999857,-99.0,-99.0,-99.0,-99.0,-99.0,-99.0,-99.0,-99.0,-99.0,-99.0,-99.0,-99.0,-99.0,-99.0,-99.0,-99.0,-99.0,-99.0,-99.0,-99.0,-99.0,-99.0,-99.0,-99.0,-99.0,-99.0,-99.0,-99.0,-99.0,-99.0,-99.0,-99.0,0.024104401469,-99.0,0.024104401469,0.043433147591,0.0067479018034,0.026156873235,0.0079859087665,0.0073024357228,0.009342607213,2.9362485409,1.717599988,0.037099998444,GAMA,5,True,True,1,-3.004322851846492,+,0.0,0.0822781627896944,-,9.6300001144,NOEL,5.18317,7.427346,-28.492994,9.85475,-8.4729,4.119785,-16.96359,8.104365,13.537738,3.8628407,3.429842,3.483579,0.22234955,0.31889662
53,601015,0,,J091311.5+001619,138.29826,0.272162,138.29865,0.27351397,0.16509,6.14029,S,10.270000458,10.710000038,7.7199997902,-2.990000248,-1.0700000525,-11.720000267,9.6899995804,9.3599996567,18.899999619,0.93999999762,2.4400000572,0.46000000834,-4.7300000191,0.28000000119,69.029998779,-99.0,-99.0,-99.0,-99.0,-99.0,-99.0,-99.0,-99.0,-99.0,-99.0,-99.0,-99.0,-99.0,-99.0,-99.0,-99.0,-99.0,-99.0,-99.0,-99.0,-99.0,-99.0,-99.0,-99.0,-99.0,-99.0,-99.0,-99.0,-99.0,-99.0,-99.0,-99.0,0.024104401469,-99.0,0.024104401469,0.040623351814,0.006733262004,0.012414145637,0.0079714917669,-0.0022270653985,0.0092131388073,2.1477005482,3.9203000069,0.20399999619,GAMA,5,True,True,4,-2.8981241680199035,-,0.0,0.0432191974579899,0.02098267406565951,9.6899995804,UNC,9.782569,4.7493815,0.0,8.576715,-3.3224304,4.290286,15.59567,7.177812,-0.42689508,4.832951,8.898055,4.3600903,0.5133115,0.25178012
54,372130,0,,J085738.2+010740,134.40951,1.128034,134.41047,1.1281509,0.0719096,11.5133,S,9.720000267,10.359999657,6.9600000381,-3.3999996185,-1.2100000381,-11.56000042,9.5799999237,9.1999998093,20.600000381,0.91000002623,1.7200000286,0.28000000119,4.9699997902,4.3699998856,4.6500000954,-99.0,-99.0,-99.0,-99.0,-99.0,-99.0,-99.0,-99.0,-99.0,-99.0,-99.0,-99.0,-99.0,-99.0,-99.0,-99.0,-99.0,-99.0,-99.0,-99.0,-99.0,-99.0,-99.0,-99.0,-99.0,-99.0,-99.0,-99.0,-99.0,-99.0,-99.0,-99.0,0.027742099017,-99.0,0.027742099017,0.03810003,0.012026577,0.014851727566,0.0079792547667,0.0041461212833,0.0092204475076,3.5381429195,1.8717999458,0.019799999893,SDSS,1,True,True,4,-3.405016667968334,-,0.0,0.1686150152184213,0.01124946411676581,9.5799999237,UNC,208.27412,13.895395,0.0,21.084635,10.243667,11.043153,43.97861,20.345064,17.889137,10.934883,39.264675,10.7103195,3.2251298,0.21925397
55,197721,0,,J090646.2-004453,136.69266,-0.748302,136.69264,-0.74850165,0.15595,8.47822,S,10.479999542,10.989999771,7.5700001717,-3.4199995995,-0.17000000179,-11.210000038,9.7299995422,9.4799995422,21.200000763,0.85000002384,1.5099999905,0.30000001192,-99.0,0.17000000179,-99.0,-99.0,-99.0,-99.0,-99.0,-99.0,-99.0,-99.0,-99.0,-99.0,-99.0,-99.0,-99.0,-99.0,-99.0,-99.0,-99.0,-99.0,-99.0,-99.0,-99.0,-99.0,-99.0,-99.0,-99.0,-99.0,-99.0,-99.0,-99.0,-99.0,-99.0,-99.0,-99.0,0.024104401469,-99.0,0.024104401469,0.039427071067,0.0067803185019,0.012580495632,0.0079847997665,0.0047151558084,0.0093436513131,3.7813415527,1.6014000177,0.020999999717,GAMA,5,True,True,0,-99.9,-99.9,-99.9,-99.9,-99.9,9.7299995422,UNC,-23.044447,8.846211,0.0,24.652569,-84.68593,10.125376,275.9652,22.178019,-4.351004,7.9239817,26.77099,7.686709,-0.6816183,0.26155183
56,377527,0,,J091144.5+012952,137.93545,1.497843,137.93626,1.498997,0.17276,6.52935,S,10.590000153,10.850000381,7.6999998093,-3.1500005722,-0.20999999344,-11.039999962,9.5900001526,9.3199996948,21.399999619,0.87999999523,2.5699999332,0.79000002146,-4.2899999619,2.2200000286,2.0499999523,-99.0,-99.0,-99.0,-99.0,-99.0,-99.0,-99.0,-99.0,-99.0,-99.0,-99.0,-99.0,-99.0,-99.0,-99.0,-99.0,-99.0,-99.0,-99.0,-99.0,-99.0,-99.0,-99.0,-99.0,-99.0,-99.0,-99.0,-99.0,-99.0,-99.0,-99.0,-1.0,-1.0,-1.0,-1.0,0.038358365714,0.0068524717988,0.019887696419,0.0080646477642,0.0045627172017,0.0096098968248,2.9512662888,1.9484000206,0.072300001979,GAMA,5,True,True,0,-99.9,-99.9,-99.9,-99.9,-99.9,9.5900001526,NOEL,-10.644885,4.633205,1.1803248,11.297679,1.0788356,4.2930655,-1.5569088,8.939051,-2.049398,3.5319135,-15.398029,4.906257,-0.690501,0.29952064
57,622778,0,,J090013.7+004139,135.05724,0.694268,135.05661,0.69289946,0.24372,4.58826,S,10.479999542,10.489999771,8.1499996185,-2.3400001526,-0.93000000715,-11.409999847,9.0500001907,8.6999998093,17.600000381,0.93999999762,2.3299999237,0.47999998927,4.2600002289,-99.0,9.6000003815,-99.0,-99.0,-99.0,-99.0,-99.0,-99.0,-99.0,-99.0,-99.0,-99.0,-99.0,-99.0,-99.0,-99.0,-99.0,-99.0,-99.0,-99.0,-99.0,-99.0,-99.0,-99.0,-99.0,-99.0,-99.0,-99.0,-99.0,-99.0,-99.0,-99.0,-99.0,-99.0,0.024104401469,-99.0,0.024104401469,0.038640704701,0.0067698615024,0.017238295496,0.0079459847677,0.0081700828612,0.0094501495178,2.0308811665,1.8314000368,-9999.0,GAMA,5,True,True,10,-3.3528373266608367,0.095373702702014,0.1370515833998174,0.8105238260417046,0.06108067323318692,9.0500001907,NOEL,81.75647,6.161127,-14.042685,10.237085,-6.099621,5.6359825,1.0255752,8.590021,18.399235,5.0712056,0.5695406,8.221372,7.16345,0.57688385
58,210136,0,,J090707.3+000805,136.78071,0.134828,136.78041,0.13459785,0.10123,5.95525,S,9.8800001144,10.210000038,7.4099998474,-2.8000001907,-0.89999997616,-11.130000114,9.5200004578,9.1300001144,18.100000381,0.87999999523,2.0,0.46999999881,4.5900001526,0.090000003576,17.530000687,-99.0,-99.0,-99.0,-99.0,-99.0,-99.0,-99.0,-99.0,-99.0,-99.0,-99.0,-99.0,-99.0,-99.0,-99.0,-99.0,-99.0,-99.0,-99.0,-99.0,-99.0,-99.0,-99.0,-99.0,-99.0,-99.0,-99.0,-99.0,-99.0,-99.0,-99.0,-99.0,0.024104401469,-99.0,0.024104401469,0.037808327538,0.006734307704,0.016987661503,0.0079969987662,0.0023962096059,0.0094605905182,1.7815128565,1.4366999865,0.078199997544,GAMA,5,True,True,13,-3.23610262985458,0.014878245920875546,0.0156110011870308,0.4676958574122979,0.006988408096085386,9.5200004578,YES,287.1328,4.2903976,-8.437407,6.613538,22.583546,3.237667,61.93037,7.4824696,93.38368,3.0915375,82.67477,3.376967,15.338351,0.2648374
59,3632364,0,,J091230.6-005442,138.12777,-0.911675,138.12807,-0.9132501,0.16058,7.54113,S,10.399999619,10.75,7.7899999619,-2.9600000381,-0.5,-11.260000229,9.4899997711,9.1000003815,19.299999237,0.91000002623,2.0699999332,0.43999999762,4.8499999046,3.1199998856,1.2999999523,-99.0,-99.0,-99.0,-99.0,-99.0,-99.0,-99.0,-99.0,-99.0,-99.0,-99.0,-99.0,-99.0,-99.0,-99.0,-99.0,-99.0,-99.0,-99.0,-99.0,-99.0,-99.0,-99.0,-99.0,-99.0,-99.0,-99.0,-99.0,-99.0,-99.0,-99.0,-99.0,0.024104401469,-99.0,0.024104401469,0.037722580142,0.0067395362037,0.027971197182,0.0080003257661,0.0035656016576,0.009250726409,2.0299658775,3.4035999775,0.12160000205,GAMA,5,True,True,3,-2.1679547508103827,+,0.0,0.0158188292977867,-,9.4899997711,YES,-13.186466,8.496751,0.0,12.501619,21.174805,5.7710247,37.20588,10.382913,35.974224,7.3889313,-0.25838932,4.853939,-0.5184134,0.33415076
60,574263,0,,J085934.4-000456,134.89351,-0.082253,134.89502,-0.08209159,0.17386,7.85731,S,10.279999733,10.729999542,7.6500000954,-3.0799994469,-0.75,-11.5,9.5600004196,9.2399997711,19.600000381,0.92000001669,1.9700000286,0.43000000715,-4.7199997902,2.1199998856,2.5499999523,-99.0,-99.0,-99.0,-99.0,-99.0,-99.0,-99.0,-99.0,-99.0,-99.0,-99.0,-99.0,-99.0,-99.0,-99.0,-99.0,-99.0,-99.0,-99.0,-99.0,-99.0,-99.0,-99.0,-99.0,-99.0,-99.0,-99.0,-99.0,-99.0,-99.0,-99.0,-99.0,0.024104401469,-99.0,0.024104401469,0.034044853403,0.0066558802074,0.0094586607234,0.0080435767648,-0.0083715941701,0.0095253247211,2.580637455,3.7367999554,0.18780000508,GAMA,5,True,True,10,-3.5969506069768857,0.12614468555813305,0.2126533891156536,0.2726260779363357,0.022943892539131865,9.5600004196,NOEL,55.40124,4.6625037,-33.857525,8.895816,9.273042,3.7245786,5.0254164,6.385379,5.7729177,2.3352592,10.345013,3.80364,2.5897977,0.22544682
