SPECID,CATAID_1,BPT,WHAN,bayes.agn.fracAGN,bayes.agn.fracAGN_err,bayes.sfh.age,bayes.sfh.age_err,bayes.sfh.age_main,bayes.sfh.age_main_err,bayes.stellar.age_m_star,bayes.stellar.age_m_star_err,bayes.dust.mass,bayes.dust.mass_err,bayes.sfh.sfr,bayes.sfh.sfr_err,bayes.sfh.sfr100Myrs,bayes.sfh.sfr100Myrs_err,bayes.stellar.m_gas,bayes.stellar.m_gas_err,bayes.stellar.m_star,bayes.stellar.m_star_err,best.chi_square,best.reduced_chi_square,best.agn.EBV,best.agn.beta,best.agn.delta,best.agn.disk_type,best.agn.emissivity,best.agn.fracAGN,best.agn.gamma,best.agn.law,best.agn.opening_angle,best.agn.psy,best.agn.r_ratio,best.agn.tau,best.agn.temperature,best.attenuation.B_B90,best.attenuation.E_BV_factor,best.attenuation.E_BV_lines,best.attenuation.E_BVs,best.attenuation.FUV,best.attenuation.V_B90,best.attenuation.powerlaw_slope,best.attenuation.uv_bump_amplitude,best.attenuation.uv_bump_wavelength,best.attenuation.uv_bump_width,best.dust.alpha,best.dust.gamma,best.dust.qhac,best.dust.umin,best.nebular.f_dust,best.nebular.f_esc,best.nebular.lines_width,best.nebular.logU,best.nebular.ne,best.nebular.zgas,best.sfh.age,best.sfh.age_burst,best.sfh.age_main,best.sfh.f_burst,best.sfh.tau_burst,best.sfh.tau_main,best.stellar.age_m_star,best.stellar.imf,best.stellar.metallicity,best.stellar.old_young_separation_age,best.universe.age,best.universe.luminosity_distance,best.universe.redshift,best.agn.accretion_power,best.agn.disk_luminosity,best.agn.intrin_Lnu_2500A_30deg,best.agn.luminosity,best.agn.polar_dust_luminosity,best.agn.torus_dust_luminosity,best.agn.total_dust_luminosity,best.dust.luminosity,best.dust.mass,best.sfh.integrated,best.sfh.sfr,best.sfh.sfr100Myrs,best.sfh.sfr10Myrs,best.stellar.lum,best.stellar.lum_ly,best.stellar.lum_ly_old,best.stellar.lum_ly_young,best.stellar.lum_old,best.stellar.lum_young,best.stellar.m_gas,best.stellar.m_gas_old,best.stellar.m_gas_young,best.stellar.m_star,best.stellar.m_star_old,best.stellar.m_star_young,best.stellar.n_ly,best.stellar.n_ly_old,best.stellar.n_ly_young,best.galex.FUV,best.galex.NUV,best.sdss.up,best.sdss.gp,best.sdss.rp,best.sdss.ip,best.sdss.zp,best.vista.vircam.Z,best.vista.vircam.Y,best.vista.vircam.J,best.vista.vircam.H,best.vista.vircam.Ks,best.WISE1,best.WISE2,best.WISE3,best.WISE4,best.herschel.pacs.100,best.herschel.pacs.160,best.PSW_ext,best.PMW_ext,best.PLW_ext,CIGALE_AGN
1034794413781444608,492762,UNCXY,sAGN,0.3791111144274215,0.0606441034705791,5517.105313358927,3737.195395614661,5517.105313358927,3737.195395614661,3513.891316339134,2115.7932398730763,3.6987966992851214e+37,2.07369614783102e+37,0.8356409585491541,0.7756632180294162,0.9237825126895436,0.8458163445044689,41801473293.25128,17030309666.332512,53034092457.95082,16815652050.553062,32.213736263804655,1.6106868131902328,0.03,-0.5,0.36,1.0,1.6,0.3,2.0,0.0,60.0,50.1,60.0,1.0,100.0,0.6292499958603497,0.25,0.6,0.15,1.6755638810091986,0.4771312182885711,-0.25,0.0,217.5,35.0,3.0,0.1,0.06,10.0,0.0,0.0,300.0,-3.0,100.0,0.019,3500.0,250.0,3500.0,0.01,100.0,500.0,2473.623900804368,1.0,0.02,10.0,12538.46136917422,1.314269688973213e+25,0.0933,2.6369971143373406e+37,2.227739283865685e+37,4.598287618338431e+21,2.772025596192296e+37,2.038536095085222e+36,3.404327028180888e+36,5.44286312326611e+36,1.270001395428759e+37,2.9345546072110744e+37,90726144459.94817,1.972468277302173,2.6549875204025497,2.019323819569177,4.1394336316458375e+37,1.0208397207836976e+36,6.422067266137138e+34,9.56619048122326e+35,3.643113492218972e+37,4.963201394268657e+36,39408463884.47044,39407253322.76165,1210561.7087981035,51317680569.44253,51298697898.990685,18982670.451839965,3.038356568785173e+53,1.4171107381157264e+52,2.8966454949736008e+53,0.1247094853414151,0.2059648517431808,0.3924748404925416,0.8627377250718566,1.5476451675507927,2.092136346554351,2.696783253765976,2.613985592446296,3.310735194377645,3.994346203359671,5.023244472301245,5.510468376690413,4.929446344538525,4.781007506191167,8.178495072384518,8.627767830180082,141.34459988264663,122.80529792544333,57.82838835491432,25.24261050194959,9.192316579163602,True
318692373649451008,559141,AGNXY,sAGN,0.361932245638,0.0761308837819035,5793.196342236594,2631.4109976109075,5793.196342236594,2631.4109976109075,2717.9160980876545,2039.7289835623048,8.262735410182369e+37,4.206021847057798e+37,9.81737343744746,2.3707050094461377,9.93164622146323,2.3349719080760782,24497412361.714226,19587764057.32981,32117063619.3694,19777054421.25278,57.75045415022496,2.887522707511248,0.03,-0.5,0.36,1.0,1.6,0.4,2.0,0.0,60.0,50.1,60.0,1.0,100.0,0.5374147594960234,0.25,0.4,0.1,1.0605416089950286,0.4197739720460546,0.0,0.0,217.5,35.0,2.0,0.1,0.06,2.5,0.0,0.0,300.0,-3.0,100.0,0.019,11000.0,250.0,11000.0,0.01,800.0,1.0,10843.55694876986,1.0,0.02,10.0,11631.776134971196,2.5458002736941126e+25,0.1716,7.133871078082874e+37,6.026705437132083e+37,1.2439752349677649e+22,7.499163772635014e+37,5.514853850725936e+36,9.20972950430337e+36,1.4724583355029307e+37,2.208687503254396e+37,9.281952427221492e+37,229545771200.47467,7.8266610171494335,8.331653003388423,7.870860768010881,5.816869678233678e+37,3.891243315732876e+36,1.1805591438459429e+35,3.773187401348282e+36,3.8713328469472595e+37,1.9455368312864176e+37,111906781697.66998,111902102973.79892,4678723.871056945,117638989479.24356,117564959618.99562,74029860.24791561,1.1712431037086802e+54,2.843792520731124e+52,1.1428051785013687e+54,0.1191098847807236,0.1742887667909113,0.2536782584589498,0.373753441817738,0.5702249211871313,0.7539897241005393,0.9292725343077656,0.9025512076218392,1.1179328446415076,1.4831107695788692,1.8955577113170103,2.438046233299228,2.646331436822229,3.088191398132324,6.812894045813694,9.653815335775526,40.253722600095095,47.15229934270948,30.751763686401905,15.972522641257967,6.483589274688387,True
318699525491419136,30518,UNCXY,sAGN,0.108132025546778,0.0273578360136475,4136.09385231243,1416.201973459628,4136.09385231243,1416.201973459628,1638.5889617782195,787.9603451900687,8.565843082645797e+37,6.578944967401152e+36,14.10758830242204,1.2705004719629815,14.278547806524552,1.2429329559171856,17248803062.38005,4176729488.829845,25801926976.67201,4823083311.949277,49.28358234583482,2.593872755043938,0.03,-0.5,0.36,1.0,1.6,0.1,2.0,0.0,60.0,50.1,60.0,1.0,100.0,0.540641057763134,0.25,0.4,0.1,1.060229628737975,0.4251301140659231,0.0,0.0,217.5,35.0,3.0,0.1,0.06,10.0,0.0,0.0,300.0,-3.0,100.0,0.019,5000.0,250.0,5000.0,0.01,800.0,5000.0,1847.7041254900464,1.0,0.02,10.0,11086.191414692568,3.413120938130974e+25,0.223,2.052905311151933e+37,1.7342976155887515e+37,3.579772242664478e+21,2.1580251408436998e+37,1.587002713739039e+36,2.6502725388104373e+36,4.237275252549476e+36,3.813547727294527e+37,8.811851776881958e+37,47338485346.47548,14.665107463223965,14.768358502469242,14.67421283675798,8.491409655319952e+37,7.111028961137285e+36,5.302331779454412e+34,7.058005643342741e+36,4.858455996902537e+37,3.632953658417415e+37,19250860601.989414,19242158519.88996,8702082.099455899,28087624700.541336,27949584698.217957,138040002.32338583,2.1528245655660743e+54,1.4979478604768038e+52,2.1378450869613067e+54,0.0640987536756433,0.0866824798596442,0.108953205179842,0.1714256443704644,0.2707440732542849,0.3377978314741198,0.3822170832967814,0.3745176615479225,0.4294532021964583,0.5422409183277399,0.6315821883770953,0.7708963478312915,0.6530630925867382,0.7073900645849672,1.8809754185453544,1.9289317379409137,61.13886695809119,65.8752742883246,35.33906469717316,16.659504481274823,6.243462744285631,True
320958471644145664,692601,AGNXY,sAGN,0.2873549196245205,0.0349397226689964,939.755219942078,316.17223397007234,939.755219942078,316.17223397007234,322.9642603249095,155.225077265669,1.0400089648502662e+38,1.096744879492955e+37,39.64581486185919,4.291482059018834,38.56189651046123,4.191863996985268,6949452109.310845,1776762241.801524,15007060068.939444,3113270157.973559,155.12038960486728,8.16423103183512,0.03,-0.5,0.36,1.0,1.6,0.3,2.0,0.0,60.0,50.1,60.0,1.0,100.0,0.5527283368987091,0.25,0.4,0.1,1.0592190418272502,0.4360419731239404,0.0,0.0,217.5,35.0,2.0,0.1,0.06,10.0,0.0,0.0,300.0,-3.0,100.0,0.019,901.0,250.0,901.0,0.25,100.0,5000.0,262.7933972540493,1.0,0.02,10.0,10718.641146448228,4.059232505754377e+25,0.2597,1.8546026897546405e+38,1.5667712510817868e+38,3.233980249302982e+22,1.949568355162514e+38,1.4337044604832771e+37,2.394266580323991e+37,3.827971040807268e+37,8.931932428550292e+37,9.950713246207174e+37,20463622685.81153,36.65509624099083,38.45099820386813,36.737091239416856,1.7580928924970134e+38,1.7714110564111655e+37,6.371215864717191e+34,1.7650398405464485e+37,8.490631583535113e+37,9.09029734143502e+37,6293256693.650091,6271453376.489448,21803317.16064438,14170365882.16561,13824798396.92792,345567485.23768944,5.369166906452939e+54,2.3038967655255926e+52,5.3461279387976834e+54,0.1580515006257092,0.2377755892868211,0.323000985020606,0.4360294220524761,0.5931571449123827,0.67299788094796,0.7848693414978163,0.7713222601172456,0.8483185726158489,1.044544427727121,1.3322872167257664,1.773145360984487,2.41901169193468,3.146979688009479,8.800667218102433,12.561020389473256,66.7908092002506,63.55790483472302,33.30022577078988,15.725110489681724,5.887371162351759,True
320971116027865088,22727,SFGXY,sAGN,0.273397886043445,0.0570926376201679,3400.9715287821477,1554.9803701723872,3400.9715287821477,1554.9803701723872,1311.365756115918,789.6369318810906,1.0937679668912514e+38,5.760883031500553e+37,9.162278039635588,1.4834911371201012,9.157595518785,1.4108767334428185,8258327731.174542,3394897180.979748,12881003066.75166,4385288732.054562,33.603458239612,1.7686030652427367,0.03,-0.5,0.36,1.0,1.6,0.2,2.0,0.0,60.0,50.1,60.0,1.0,100.0,0.540641057763134,0.25,0.4,0.1,1.060229628737975,0.4251301140659231,0.0,0.0,217.5,35.0,2.0,0.1,0.06,2.5,0.0,0.0,300.0,-3.0,100.0,0.019,5000.0,250.0,5000.0,0.01,800.0,5000.0,1847.7041254900464,1.0,0.02,10.0,11358.58564602349,2.9670994088422125e+25,0.1969,3.2620158613402827e+37,2.7557560982492147e+37,5.688169723232297e+21,3.4290486757293305e+37,2.5217081353362463e+36,4.211217639464913e+36,6.73292577480116e+36,2.693170309920464e+37,1.1317978961828654e+38,33430970940.589043,10.356663882575155,10.429580928131864,10.363094199806282,5.996729032496899e+37,5.021888656079856e+36,3.7445663573496654e+34,4.984442992506359e+36,3.431096285818791e+37,2.565632746678108e+37,13595174341.8921,13589028833.609352,6145508.282748431,19835796567.66268,19738311164.98164,97485402.68104596,1.5203489288865506e+54,1.0578676319614446e+52,1.5097702525669364e+54,0.0729212394359062,0.1007268145983435,0.1350555856933064,0.209293779634165,0.3104371063918186,0.386083496361307,0.4389958230778334,0.4316900942449847,0.4981750680174061,0.6201605535463531,0.756493678997245,0.9518323616694322,0.9948583250316952,1.1759077668290718,3.606745323882782,6.360271842234467,32.16312268970517,41.45087026633868,28.36973666093102,15.095925783243844,6.195611193614902,True
321040660138321920,23104,AGNXY,sAGN,0.2296065313441858,0.0849592243679116,4311.994943303388,2883.619570138653,4311.994943303388,2883.619570138653,2787.7802484690083,1455.9417019815878,8.790256708157222e+36,2.470774526733828e+36,0.5333810947087205,0.3556704579769564,0.606275505608489,0.4067836023533367,25375047620.964542,6218926371.684053,33167160618.23292,6357919812.383768,43.022012157182445,2.264316429325392,0.03,-0.5,0.36,1.0,1.6,0.1,2.0,0.0,60.0,50.1,60.0,1.0,100.0,0.4184072170226274,0.25,0.4,0.1,1.124272509587633,0.3176303670108751,-0.25,0.0,217.5,35.0,2.0,0.1,0.06,10.0,0.0,0.0,300.0,-3.0,100.0,0.019,3500.0,250.0,3500.0,0.01,50.0,500.0,2474.5481340476376,1.0,0.02,10.0,12727.157465904858,1.086954725367358e+25,0.078,3.1416310917516903e+36,2.6540548567372303e+36,5.478247690164446e+20,3.3024995563249475e+36,2.4286444392212307e+35,4.055802556655935e+35,6.484446995877166e+35,5.836002296289446e+36,6.501659726954337e+36,65399983913.86009,0.9237015725735498,1.1923757230192038,0.9387717737198632,2.774333277273203e+37,4.925326414291449e+35,4.566723326300087e+34,4.46865408166144e+35,2.543071414808552e+37,2.312618624646512e+36,28416365493.10832,28415804611.5119,560881.5964167599,36983618417.944405,36974791584.6109,8826833.333501715,1.452578643305243e+53,9.932982979400423e+51,1.3532488135112388e+53,0.0555040788365027,0.08630389339073,0.2231080155834779,0.7369645121036806,1.4204173438586445,1.927929118800078,2.464440172752231,2.375179318015727,3.0279732419565084,3.504406966698162,4.214949880364423,4.111306380732221,2.676102009964722,2.046094900296863,4.433408633935422,9.751429279531516,51.28135293669072,40.50697477284989,18.31226001667934,7.861053073856789,2.8437768163349264,True
323152548657653760,55958,AGNXY,sAGN,0.0995644437887226,0.0068707649982065,10486.054301043074,2181.4807779836515,10486.054301043074,2181.4807779836515,3689.850876328316,700.2712609208616,3.913498270093003e+38,2.950197340352337e+37,8.481442315986436,1.3378183730765587,8.633420505911868,1.236886242062672,65104889362.598,8446986662.7201185,85972147127.44821,8563156060.521439,8.10450060102856,0.405225030051428,0.03,-0.5,0.36,1.0,1.6,0.1,2.0,0.0,60.0,20.1,60.0,1.0,100.0,0.6411422543525386,0.25,0.6,0.15,1.688928945998586,0.4836972793599572,-0.25,1.0,217.5,35.0,2.0,0.1,0.06,1.0,0.0,0.0,300.0,-3.0,100.0,0.019,11000.0,750.0,11000.0,0.25,50.0,5000.0,3800.4702850116255,1.0,0.02,10.0,11791.431983537534,2.3109880689656133e+25,0.1572,2.7451787228988496e+37,5.620905242987954e+36,4.786930278762932e+21,9.965717034373574e+36,2.1221661122278216e+36,2.2226456791578e+36,4.344811791385621e+36,3.9103306122470577e+37,3.955435828755707e+38,155838508375.07443,8.83013633117222,8.878386443793268,8.83449424296664,9.98252007969901e+37,4.347786526795094e+36,9.821042271941212e+34,4.2495761040756817e+36,7.795240440129508e+37,2.187279639569501e+37,67389525137.89895,67384286438.106575,5238699.792376926,88448983210.71892,88365876994.5385,83106216.18041997,1.3100886785061404e+54,2.290474270506312e+52,1.2871839358010772e+54,0.0367429346583145,0.0606026111837073,0.1275392356655137,0.401958074872713,0.7941457355577152,1.0647492577502446,1.3176500642580893,1.2866471653964722,1.5622411028787249,1.9065501545721817,2.231695013961849,2.560925143726742,1.950292263819536,2.006170248548954,6.382208285693455,13.63744554445667,65.71321424118746,103.24384819772044,86.18048659364047,50.32803791511707,22.211054974656054,True
323243533244852224,751044,AGNXY,sAGN,0.2365523833414534,0.0484208414559258,1291.4692726695112,1038.0952210929672,1291.4692726695112,1038.0952210929672,503.6757577240924,580.5597535314921,1.3210452412338383e+38,1.7536463437319216e+37,25.28720520559889,4.639202802732336,22.76499219033124,4.595494643104748,4696221646.033622,2240366598.728871,9442162784.869991,2857223742.693959,34.77969106990859,2.045864180582858,0.03,-0.5,0.36,1.0,1.6,0.2,2.0,0.0,60.0,50.1,60.0,1.0,100.0,0.559882303778831,0.25,0.4,0.1,1.0599630386723973,0.4405036727577663,0.0,0.0,217.5,35.0,3.0,0.1,0.06,10.0,0.0,0.0,300.0,-3.0,100.0,0.019,5000.0,250.0,5000.0,0.25,800.0,1.0,3479.478164129549,1.0,0.02,10.0,10397.213250891846,4.669484931482184e+25,0.2933,7.641892127797498e+37,6.455882413976956e+37,1.3325618659525728e+22,8.033198241446825e+37,5.907580578137085e+36,9.865577696561606e+36,1.577315827469869e+37,6.309263309879476e+37,1.4578627850927593e+38,31238208587.649025,26.62768171679889,28.345753554794936,26.778057067835764,1.2252847760807042e+38,1.288632607717325e+37,4.927679641489329e+34,1.2837049280758355e+37,5.633788190156024e+37,6.6190595706510185e+37,13017037370.911428,13001119526.787825,15917844.12360667,18221171136.578457,17969308490.18285,251862646.39560825,3.9055856627737184e+54,1.7560808909909106e+52,3.8880248538638085e+54,0.0714601028939753,0.1032092782207106,0.1312586635983844,0.1675937990449823,0.2304325241315803,0.2561379599481928,0.313924982354063,0.3145032470472275,0.3267149470010577,0.4061273951939965,0.5030477130555892,0.6552813003048105,0.8146797290121095,1.0452711964224377,2.570720002807852,2.495094089998677,54.61593892991206,64.26391382018642,36.84924163899198,18.06840932483473,6.873612645733373,True
345696929033775104,594304,UNCXY,sAGN,0.3635725187337267,0.067606906252031,4701.883298533622,3394.234789811874,4701.883298533622,3394.234789811874,3105.924281668843,1898.7915113245704,6.886509555425027e+37,2.8490147123191483e+37,0.5371804161814766,0.4073504656991593,0.5905353756281109,0.4381574406581725,24468692978.431103,9959740725.663612,31283944834.35244,9823997188.025246,8.50344453693562,0.4251722268467809,0.03,-0.5,0.36,1.0,1.6,0.3,2.0,0.0,60.0,50.1,60.0,1.0,100.0,0.5087108112600148,0.25,0.4,0.1,1.0572316106029545,0.4082377379605839,0.0,1.0,217.5,35.0,3.0,0.1,0.06,2.5,0.0,0.0,300.0,-3.0,100.0,0.019,11000.0,750.0,11000.0,0.25,100.0,2000.0,5310.019803400386,1.0,0.02,10.0,12408.82074606768,1.4758932883329386e+25,0.104,1.251026800127217e+37,1.056869396124664e+37,2.1814893213033025e+21,1.3150861230072466e+37,9.671088656534847e+35,1.615058403172341e+36,2.5821672688258252e+36,6.025056960593593e+36,5.595257427342911e+37,62129400388.08982,0.6245864426206496,0.6969349824547624,0.6295918522655771,2.4183866305370195e+37,3.3403600015619246e+35,3.269596238328849e+34,3.0134003777290392e+35,2.2628816079547263e+37,1.555050225822932e+36,27745405341.20694,27745030659.221603,374681.9853341576,34383995044.99878,34378073810.34565,5921234.653123963,9.833926759131815e+52,7.073738402117959e+51,9.126552918920021e+52,0.0492445077329279,0.0851060862716515,0.182162742055994,0.4863284751305394,0.8105214026833099,1.0272583445520571,1.2643877395810013,1.2364724332113368,1.5036233502190708,1.762686519065246,2.1473073606987745,2.3704763383830474,1.9988902990139723,1.913381238914926,3.1260828037896555,3.1561177195554717,48.83369532624778,66.90428925950395,43.8797380286112,22.23660482327402,8.942838207536962,True
346920960336619520,107713,AGNXY,sAGN,0.2604103366667877,0.0560225859916793,3740.549535656019,1433.9183987978918,3740.549535656019,1433.9183987978918,1760.6520594397948,585.1585446139017,4.793846646279854e+38,1.608601356766929e+38,10.59886378719615,2.419814133575699,11.026627039970162,2.2497123922027966,27319306921.085777,6625695196.924912,39375513305.482056,7496923879.67754,19.08022363716004,1.0600124242866689,0.03,-0.5,0.36,1.0,1.6,0.3,2.0,0.0,60.0,50.1,60.0,1.0,100.0,0.4373155462241442,0.25,0.4,0.1,1.1292181361720923,0.3271340393911901,-0.25,0.0,217.5,35.0,3.0,0.1,0.06,1.0,0.0,0.0,300.0,-3.0,100.0,0.019,5000.0,900.0,5000.0,0.25,500.0,500.0,3020.3060803590124,1.0,0.02,10.0,10368.256512643808,4.726664263390935e+25,0.2964,5.436291446793402e+37,4.592587511271512e+37,9.479582481739254e+21,5.714658903849213e+37,4.202536391654818e+36,7.018177534122187e+36,1.1220713925777006e+37,2.618166582681301e+37,6.04837725597795e+38,86475233897.08035,8.630095461696005,9.54341613028845,8.708206764167578,7.179929478284288e+37,4.223552323443972e+36,5.82846491264836e+34,4.165267674317488e+36,5.029712644576526e+37,2.1502168337077608e+37,37238016560.05319,37232831777.48679,5184782.566385448,49237217310.96706,49155320051.952126,81897259.01493666,1.2760712812478084e+54,1.4574187914081328e+52,1.2614970933337271e+54,0.0275159356175859,0.0470652945825015,0.070720809707703,0.1108938280126315,0.2000461069565403,0.249635327179875,0.3058584354495602,0.3013081722221251,0.3437526772208034,0.4352579776916754,0.5297646034689841,0.676050827889974,0.6912007112236591,0.7815091039340315,1.5307283579472803,1.3307291324587325,13.148026386149512,33.26930142959655,36.45595151909525,24.57124134015709,11.622336242601223,True
372819143939876864,185507,UNCXY,UNC,0.1000168607581966,0.0012996450069977,1432.3418470279298,1789.0765985925302,1432.3418470279298,1789.0765985925302,586.550992401963,1169.1970442989114,1.096628332613941e+39,5.483141663069706e+37,175.0692781749593,19.51063262735168,90.50748764195926,13.858344782660042,18443776777.48359,10078047884.927156,37069595645.997215,11248259134.451357,129.48989125243807,6.474494562621904,0.03,-0.5,0.36,1.0,1.6,0.1,2.0,0.0,60.0,20.1,60.0,1.0,100.0,1.5397491361694158,0.75,0.4,0.3,3.076177425074617,1.2284081781851268,0.0,0.0,217.5,35.0,3.0,0.1,0.06,10.0,0.0,0.0,300.0,-3.0,100.0,0.019,901.0,5.0,901.0,0.01,5.0,5000.0,290.2468410120057,1.0,0.02,10.0,11867.901583822497,2.201381650843276e+25,0.1504,3.3474832413794104e+38,6.85415705190031e+37,5.837204241802298e+22,1.2152240028171039e+38,2.5877788709524705e+37,2.7103041053182607e+37,5.298082976270731e+37,4.7682746786436546e+38,1.1017911064528883e+39,46105116548.84691,154.74510074697818,95.585051990314,141.0517631837337,5.883027897025294e+38,8.308365671484965e+37,1.5449104386718134e+35,8.292916567098246e+37,1.908185625603296e+38,3.974842271422e+38,14203327159.87726,14136014157.196829,67313002.68042918,31901788854.275604,30558584759.812737,1343204094.4628675,2.4989118062698033e+55,5.719698399717889e+52,2.493192107870085e+55,0.1686273106558388,0.2695189209588589,0.4284581714945054,0.7622180403690628,1.0779399292203318,1.7238648251563815,1.5537141566879655,1.5300242982898364,1.862774740436316,2.4708975787221763,3.351399250358333,5.606812384804866,10.82118992590268,14.488378334641968,52.634272214778136,64.55372758343593,1853.7313224126804,1782.0133834591682,890.4006317841402,401.999591944534,148.37271836244943,True
4528527844787617792,594479,SFGX,wAGN,0.1743857169157291,0.0463581809860271,5243.758490384865,3366.626778622845,5243.758490384865,3366.626778622845,3812.12995523248,2189.5150030435298,7.183141680834604e+37,2.6530108403423585e+37,0.878250502168255,0.5352485081981474,0.9603273909895405,0.567897543400435,42214005631.354034,15585652965.734669,51422159909.71039,14669805784.54685,42.69351783276189,2.2470272543558885,0.03,-0.5,0.36,1.0,1.6,0.2,2.0,0.0,60.0,20.1,60.0,1.0,100.0,0.7583020565233588,0.25,0.6,0.15,1.5647030285344556,0.6093346860823231,0.0,0.0,217.5,35.0,3.0,0.1,0.06,2.5,0.0,0.0,300.0,-3.0,100.0,0.019,3500.0,250.0,3500.0,0.01,100.0,1.0,3455.234443374741,1.0,0.02,10.0,11983.923072508182,2.0385259202164146e+25,0.1402,1.436736633282532e+37,2.9417977079039924e+36,2.5053225260341207e+21,5.215729897939997e+36,1.1106722378092775e+36,1.1632599522267272e+36,2.273932190036005e+36,9.09572876014402e+36,8.446881786372082e+37,94856105285.65907,0.8525108177338455,1.457541784538488,0.8921179580360336,2.94021011772914e+37,4.704181025567165e+35,5.3876858597062575e+34,4.165412439596539e+35,2.722444386975653e+37,2.17765730753487e+36,42790229811.07679,42789689557.61221,540253.46457149,52065875471.92131,52057494548.46652,8380923.4547931645,1.3786507962640809e+53,1.1774841295364733e+52,1.260902383310434e+53,0.0072584612725817,0.0109359147130955,0.0275692001326559,0.1050005029862656,0.2675084068768551,0.4093010140363214,0.5755491609113401,0.5555478946279284,0.7471240267552199,0.9920957469801284,1.245863928078727,1.4498867736996124,1.1387004700504115,1.1202581477397018,1.816644152692854,1.9781626447962013,37.01780498336012,54.66289878269612,37.548794901512,19.545978366928505,7.953521425129321,True
525806833261111296,743886,AGNXY,UNC,0.4438106540337192,0.0580590273446722,1863.9455741961704,1304.4689260173768,1863.9455741961704,1304.4689260173768,801.1499484040139,746.8692274861388,1.0260589482470751e+38,7.689534999168498e+37,24.30641622755091,8.75951340882056,14.33656374443822,7.048829730460246,5293795763.436473,3063711545.2014327,9478796680.806416,4520381722.845415,17.803551488896666,0.9370290257314036,0.03,-0.5,0.36,1.0,1.6,0.4,2.0,0.0,60.0,50.1,60.0,1.0,100.0,0.6431553216276676,0.25,0.4,0.1,1.1124053489995414,0.4883300271911477,0.0,1.0,217.5,35.0,2.0,0.1,0.06,10.0,0.0,0.0,300.0,-3.0,100.0,0.019,901.0,5.0,901.0,0.01,100.0,1.0,884.639076305176,1.0,0.02,10.0,10639.866439264297,4.204738353327809e+25,0.2678,1.8002514340359037e+38,1.5208552252986169e+38,3.1392047545351703e+22,1.89243402186409e+38,1.391688109387006e+37,2.3240998562677296e+37,3.715787965654736e+37,5.573681948482102e+37,6.209418985036871e+37,23293314849.59042,45.65958653694598,2.3293314849590425,23.293314849590427,1.0052159733043202e+38,2.1376573778195783e+37,1.693604186180881e+34,2.1359637736333976e+37,1.568086653639805e+37,8.484073079403397e+37,8869943805.924881,8865583607.796452,4360198.128429434,14423370950.309048,14194798093.298063,228572857.0109832,6.47027145600973e+54,3.4327517874364794e+51,6.466838704222293e+54,0.1116725324561952,0.1553842439474649,0.217629701339494,0.2858818545388811,0.3906207104974817,0.4595042761776196,0.5704330357980663,0.5754052141159118,0.6061790674693468,0.7534290058989344,1.0027914557639142,1.3816808845420427,2.060922059291338,2.685672935424313,6.803390358163943,8.639524056855166,42.32850970410067,38.95941124971171,20.323022361380268,9.57791080113803,3.590684226031451,True
526952249683896320,278841,AGNXY,sAGN,0.3412808748282325,0.0700954560071048,6262.657799938542,3569.472428282428,6262.657799938542,3569.472428282428,5439.485440156663,3110.080268446372,2.128168845979155e+37,9.362011976886628e+36,0.1864318355964286,0.3549106073712608,0.2049835931712275,0.3796042392621847,32589641386.867764,14439163508.01707,37275336083.04277,13536206152.732944,19.689377498790986,0.9844688749395492,0.03,-0.5,0.36,1.0,1.6,0.4,2.0,0.0,60.0,50.1,60.0,1.0,100.0,0.7513963111521872,0.25,0.6,0.15,1.5668552939961236,0.606621266690239,0.0,0.0,217.5,35.0,3.0,0.1,0.06,2.5,0.0,0.0,300.0,-3.0,100.0,0.019,11000.0,500.0,11000.0,0.01,100.0,1.0,10861.980250640598,1.0,0.02,10.0,13050.59467291858,7.181925469317425e+24,0.0525,1.0836885573517742e+37,9.155017870753132e+36,1.8896917438068275e+21,1.1391792592214155e+37,8.377476895903109e+35,1.399027031870711e+36,2.2367747214610215e+36,3.355162082191532e+36,3.1158204284382315e+37,112468450169.36256,0.0766774637203854,0.1310958230441922,0.0802398526079097,1.3295022286192423e+37,9.053511751851751e+34,5.307010774109075e+34,3.746500977742675e+34,1.3099157042349775e+37,1.958652438426508e+35,54909993057.5807,54909944465.51059,48592.07011543867,57558457111.54251,57557703305.32589,753806.2166254638,2.3248828106917173e+52,1.1907881488991933e+52,1.134094661792524e+52,0.1384135804400313,0.2292322182393543,0.4298048697362229,0.9250960485868156,1.7208645764913202,2.407670999653873,3.3269945884739425,3.1792522887866133,4.305400781154755,5.342329937659302,7.100598410605301,7.487826662285881,6.633555042102011,6.454873818519183,9.663080917821034,10.31455904477928,121.5361756551304,149.343555411944,91.62250456713444,44.70626656215701,17.67912454139388,True
528174356874946560,376679,AGNXY,sAGN,0.0998463452320931,0.0048523000935624,10829.984468609317,1090.9017684075152,10829.984468609317,1090.9017684075152,5782.184143116143,722.8584708442811,3.6502104582573264e+38,3.3295097511097827e+37,9.899800941557196,0.9204549028010042,10.077007353557304,0.947716476670993,121381064947.8242,16775566858.51579,141708324748.78836,16616309252.092655,29.84825473003392,1.492412736501696,0.03,-0.5,0.36,1.0,1.6,0.1,2.0,0.0,60.0,50.1,60.0,1.0,100.0,0.6482681416210969,0.25,0.6,0.15,1.6901866954194575,0.4857673805057402,-0.25,1.0,217.5,35.0,3.0,0.1,0.06,2.5,0.0,0.0,300.0,-3.0,100.0,0.019,11000.0,900.0,11000.0,0.01,500.0,3000.0,5973.89768805538,1.0,0.02,10.0,12375.20674618154,1.51854397801153e+25,0.1068,2.146486751248585e+37,1.8133553624518628e+37,3.7429557270009217e+21,2.2563984556516845e+37,1.6593460403319542e+36,2.771084891666266e+36,4.43043093199822e+36,3.987387838798396e+37,3.7029461408669366e+38,261123568108.94772,10.207955862207008,10.428428877689496,10.227345330541889,9.922317685668248e+37,5.053665072816523e+36,1.3867449502103036e+35,4.9149905777954936e+36,7.391315646805482e+37,2.531002038862767e+37,120737848712.0463,120731780004.90804,6068707.138227107,140385719366.27606,140289514650.7334,96204715.54264848,1.5211608768284567e+54,3.245406739831843e+52,1.4887068094301384e+54,0.1593057658955698,0.2424908726716765,0.4315890767809439,1.0145238887734975,1.846180687121344,2.535307995814104,3.286480200179534,3.198625585383112,4.109333745082166,4.9817478182108665,6.086468831471562,6.495625410946577,4.907573323727979,4.1312308546283525,9.182497242467718,10.432699482057812,292.7511901539993,413.0121530324751,273.81205279360364,139.29621625425992,56.14571550970998,True
528184252479596544,719471,UNCXY,sAGN,0.4926956537648883,0.0260407681999139,2905.626099916888,1557.2121785892857,2905.626099916888,1557.2121785892857,1102.2670479415688,846.5703088053123,4.52465396589307e+38,1.10591675915917e+38,38.64522204958772,7.26844880357246,2.7912341715458537,1.563831949542568,380250888.4964871,904242630.3737423,794850195.9802003,1193117111.0427055,174.38588014271596,8.719294007135797,0.03,-0.5,0.36,1.0,1.6,0.5,2.0,0.0,60.0,50.1,60.0,1.0,100.0,0.7138021918212595,0.25,0.4,0.1,1.09682636873552,0.5830326301216542,0.0,0.0,217.5,35.0,2.0,0.1,0.06,1.0,0.0,0.0,300.0,-3.0,100.0,0.019,5000.0,5.0,5000.0,0.25,5.0,1.0,3110.001005766311,1.0,0.02,10.0,10502.80347662896,4.4641244174673135e+25,0.2821,2.41848751934976e+38,2.0431420364857848e+38,4.217259531634578e+22,2.542327130833377e+38,1.86961679893477e+37,3.122234144541153e+37,4.991850943475923e+37,4.991850943475923e+37,5.049431373345253e+38,934156908.8567256,30.0918209035502,2.335392272141814,23.353922721418137,8.221772251571933e+37,1.8801963095199489e+37,2.6522836696769995e+32,1.880169786683252e+37,1.242978152630733e+35,8.209342470045626e+37,331226449.5877969,325585894.8070646,5640554.780732359,602930332.5089515,375031786.8354795,227898545.67347208,5.599822018406752e+54,5.684236266723306e+49,5.599765176044084e+54,0.1146131262632514,0.1694438879594044,0.2422236670998251,0.3065876193019602,0.3884187881231863,0.448254959896157,0.5547705279522654,0.5567807397410147,0.589288696410426,0.7322294123261606,1.0062520753214597,1.4246567209362002,2.3111034540864543,3.0487821115893534,7.1884294039591,8.106459542489782,29.58722788218306,41.53775435954682,37.54846253819544,23.88737473897753,11.00166683651009,True
529278266817669120,600408,AGNXY,sAGN,0.2000038833987423,0.0016089589212143,2297.2884811029703,1841.6488810477813,2297.2884811029703,1841.6488810477813,899.6818484393397,957.8921951607124,1.9749360560974474e+38,9.874680280487238e+36,22.03779723127901,4.278370575845504,21.169708291541244,2.952541992841077,10585667271.011814,5777154907.464832,18182384095.638294,7424282407.440502,33.81630958317788,1.779805767535678,0.03,-0.5,0.36,1.0,1.6,0.2,2.0,0.0,60.0,80.1,60.0,1.0,100.0,1.5341343934763776,0.75,0.4,0.3,3.089411954746005,1.2254297272692969,0.0,1.0,217.5,35.0,3.0,0.1,0.06,10.0,0.0,0.0,300.0,-3.0,100.0,0.019,901.0,250.0,901.0,0.25,800.0,1.0,680.7687873185334,1.0,0.02,10.0,11364.95876569249,2.9569809230316857e+25,0.1963,1.0161502391860949e+38,8.590086425431657e+37,1.771921189377272e+22,1.0713950658055629e+38,7.855370524858834e+36,1.3383271801380878e+37,2.123864232623971e+37,8.495456930495884e+37,1.9630200695435715e+38,25694414208.90593,21.90211008850406,23.315278494824927,22.025798569087375,1.1046866829542022e+38,1.0606268291384876e+37,4.738939426542e+34,1.0558878897119456e+37,5.602481060603473e+37,5.444385768938548e+37,9160215187.968544,9147122257.908962,13092930.059582846,16534198955.003954,16327033965.306091,207164989.69786173,3.213772852643772e+54,1.5749484261618534e+52,3.198023368382153e+54,0.082650608225715,0.1388199430536017,0.2329168846852762,0.3402701375020185,0.4838865661224741,0.6228023754060917,0.7235973225524334,0.7085637197412246,0.8370148978033545,1.0824761335557234,1.45714111149434,1.984025500171409,2.566609801206844,3.141648777122241,8.084872637859018,7.958244833392682,185.1917736061483,190.24699749851908,99.14349541161457,45.9643772138729,17.113329265143268,True
530323352535984128,600710,AGNXY,sAGN,0.1834322529502899,0.048997203011202,8152.472816088956,3730.5195720364695,8152.472816088956,3730.5195720364695,5611.273864865067,2375.9074072657163,1.0548967386071328e+38,4.225805855886133e+37,3.1987234312439674,0.8150262224397826,3.5335102650035237,0.9596285321674592,97404420436.34486,34602431590.22662,111818378379.64069,33575043607.88912,22.40772708785463,1.1203863543927317,0.03,-0.5,0.36,1.0,1.6,0.2,2.0,0.0,60.0,50.1,60.0,1.0,100.0,0.4225810952325559,0.25,0.4,0.1,1.1264666156453838,0.318966109232722,-0.25,0.0,217.5,35.0,3.0,0.1,0.06,2.5,0.0,0.0,300.0,-3.0,100.0,0.019,11000.0,250.0,11000.0,0.01,10.0,2000.0,7083.874164252915,1.0,0.02,10.0,11731.200490902704,2.398614020903217e+25,0.1626,1.531254896238714e+37,1.2936065297211663e+37,2.6701396037226883e+21,1.6096634097891886e+37,1.1837397772591086e+36,1.976829023421112e+36,3.1605688006802205e+36,1.2642275202720882e+37,1.1740434105301484e+38,235673847960.0174,2.694836462226468,2.750123114164007,2.69980342728274,5.456484212374351e+37,1.4092081545130766e+36,1.117051087449515e+35,1.2975030457681251e+36,4.788340831827421e+37,6.681433805469299e+36,111073452096.41904,111071850129.97836,1601966.44069816,124600395855.51424,124574999795.76636,25396059.747848697,4.179004654210424e+53,2.4898064839332964e+52,3.930024005817094e+53,0.0363785749467008,0.0585171545746225,0.1038767627396038,0.2497833017986992,0.5183170698494458,0.7369657870443399,0.9556204024846716,0.9239152364540524,1.1756887773492903,1.5324919588296249,1.8152431465303696,2.074238343159286,1.3991072527704935,1.2661266337575,1.9074867635449264,1.82483334563652,36.212022507791104,55.81737569628454,39.4545038635488,20.88689631164789,8.562999469043037,True
530346167402260480,377246,AGNXY,sAGN,0.276791978710905,0.0749877645002579,3501.572686808947,3601.239247523164,3501.572686808947,3601.239247523164,2468.1963137454145,2239.066962834295,1.706298442356602e+38,7.219073853426224e+37,0.2436634643578369,0.5328013601028437,0.2993037375817812,0.6529898292823162,47832974252.56089,21609841260.039387,65887864335.68479,21478554929.128555,17.02462662487215,0.8512313312436074,0.03,-0.5,0.36,1.0,1.6,0.3,2.0,0.0,60.0,50.1,60.0,1.0,100.0,0.4164502012946019,0.25,0.4,0.1,1.0851769792261703,0.3171796618676328,-0.25,1.0,217.5,35.0,3.0,0.1,0.06,1.0,0.0,0.0,300.0,-3.0,100.0,0.019,2000.0,500.0,2000.0,0.25,50.0,1.0,1572.0488431310534,1.0,0.02,10.0,11713.437543554854,2.424676312371559e+25,0.1642,2.072657918846456e+37,1.7509846494427627e+37,3.614216031357984e+21,2.178789188639983e+37,1.6022725081344953e+36,2.6757728838377075e+36,4.278045391972203e+36,9.982105914601806e+36,2.30602371827728e+38,95783068037.94662,0.0219626039270492,0.0694608913976321,0.0240705867996271,5.512059601232568e+37,8.209734509917717e+34,7.11981130003784e+34,1.0899232098798767e+34,5.506268687101815e+37,5.7909141307530165e+34,39276823334.27042,39276808451.24674,14883.023674830169,56506244703.60473,56506018880.83186,225822.7728702885,1.788789687000486e+52,1.4590719597708481e+52,3.29717727229638e+51,0.0227050084737682,0.0518746195708038,0.127757359362346,0.3846661449901017,0.7282111437753355,0.9438673984979694,1.1433508813166062,1.1190500688729774,1.324241177884819,1.593851216265842,1.8494216824353256,2.0857616601717623,1.5457113936748506,1.4349430839972226,2.0865669613855764,1.8732252264274245,22.42837787222525,47.402056934226565,43.54009639038473,26.172447316392777,11.715470642344938,True
531566625829185536,747874,SFGXY,SFG,0.3640730110568787,0.085072925681907,1203.699040792681,794.9339445955487,1203.699040792681,794.9339445955487,440.3326770453346,378.41345365028167,1.8328207045923508e+38,1.056377569681712e+38,12.187450327279556,3.8870891436562847,11.029862096373096,3.082223901835287,2513149022.801406,1190459541.7665367,5090165031.390305,1905691997.591316,19.071939000656425,1.0037862631924437,0.03,-0.5,0.36,1.0,1.6,0.3,2.0,0.0,60.0,50.1,60.0,1.0,100.0,0.7246253628081599,0.25,0.6,0.15,1.695040943436117,0.5444006904594749,-0.25,0.0,217.5,35.0,3.0,0.1,0.06,10.0,0.0,0.0,300.0,-3.0,100.0,0.019,901.0,5.0,901.0,0.01,5.0,5000.0,290.2468410120057,1.0,0.02,10.0,10263.679430181031,4.936322270679073e+25,0.3077,8.506384903581578e+37,7.186207262176966e+37,1.4833085772560431e+22,8.941957712273548e+37,6.575878513616289e+36,1.0981625987349525e+37,1.755750450096581e+37,4.096751050225356e+37,9.466241306748242e+37,4876766970.294833,16.36815721609283,10.11050528212874,14.919744949944931,6.222770547199403e+37,8.788170666676839e+36,1.6341284359179938e+34,8.77182938231766e+36,2.018382628373656e+37,4.2043879188257473e+37,1502356396.5659966,1495236366.2371397,7120030.328857169,3374410517.171594,3232333154.558244,142077362.61335015,2.6432230239750184e+54,6.050008832802752e+51,2.6371730151422155e+54,0.0299141299791722,0.0532513050715668,0.0811642153115973,0.1069816820332089,0.1465405671915652,0.1687128558791964,0.203904819700323,0.2021642028194558,0.2191558328558534,0.2705268896393188,0.3540617443422096,0.4830431815207499,0.7123365038894458,0.9348193115472222,2.167657884670109,1.9656477306224167,32.708480349318265,38.54797126302479,22.31586988278839,11.006578159515668,4.1979249997536,True
600121726231144448,238492,UNCXY,sAGN,0.2856350167158969,0.0530608179139197,3567.0374248967646,1347.081308882881,3567.0374248967646,1347.081308882881,2440.354907978733,1465.3080352982993,9.031494294032034e+37,4.750530533605494e+37,34.35234898743253,6.801255556381907,1.957697417119491,0.4697439335774865,4703893568.401073,4341781120.782142,5945505654.887892,5311753307.6631775,46.61640490258969,2.4534949948731417,0.03,-0.5,0.36,1.0,1.6,0.2,2.0,0.0,60.0,80.1,60.0,1.0,100.0,0.7200445825457875,0.25,0.4,0.1,1.1129731194815522,0.5552112222150613,0.0,1.0,217.5,35.0,2.0,0.1,0.06,10.0,0.0,0.0,300.0,-3.0,100.0,0.019,3500.0,5.0,3500.0,0.01,800.0,1.0,3435.6572031638743,1.0,0.02,10.0,10791.33857477175,3.927208709010631e+25,0.2523,6.578206745115213e+37,5.560926158926837e+37,1.1470807632846e+22,6.935842729526325e+37,5.085296384262539e+36,8.663869321732346e+36,1.374916570599489e+37,5.499666282397955e+37,6.126961053920398e+37,23959656062.28384,47.7995887805042,2.3959656062283843,23.95965606228384,9.330461788741364e+37,2.2110198439665584e+37,1.305773619858644e+34,2.2097140703466995e+37,5.905091656228528e+36,8.739952623118513e+37,10741547697.207756,10737121048.936483,4426648.271269104,13218108270.490088,12982938452.724512,235169817.7655755,6.697113604883608e+54,2.795923936188473e+51,6.694317680947421e+54,0.0891257014305284,0.1058862147365147,0.1263215814659198,0.1509058361985812,0.1892934531494632,0.2227182408100423,0.2686015942741858,0.2549633099828313,0.2765400176476492,0.357713207719872,0.4696810041082199,0.6369889979511253,0.9106810318041564,1.2636353022260465,4.403488248039305,7.35645104336742,42.66194009836949,40.46343746835775,21.18326501160629,9.963885746694883,3.737739909623521,True
603490630361966592,240161,SFGXY,sAGN,0.3178531795825027,0.05018637970488,3210.6510808429844,1448.663201891708,3210.6510808429844,1448.663201891708,1927.9803621081655,1161.1010781844784,8.684843107962781e+38,2.3612621327860115e+38,60.191695697657366,13.504754259184208,7.631094374997319,6.612298486810713,10975199938.660486,5823102860.998683,15437943713.41258,7272041939.857141,15.660511740706053,0.7830255870353027,0.03,-0.5,0.36,1.0,1.6,0.3,2.0,0.0,60.0,80.1,60.0,1.0,100.0,0.9989981714931416,0.25,0.6,0.15,1.6354452359873783,0.7676393047949499,0.0,1.0,217.5,35.0,2.0,0.1,0.06,1.0,0.0,0.0,300.0,-3.0,100.0,0.019,2000.0,5.0,2000.0,0.01,800.0,1.0,1963.7430258669497,1.0,0.02,10.0,10375.718126429276,4.711894331284864e+25,0.2956,2.1023140598671677e+38,1.777203682215716e+38,3.665929196048917e+22,2.21661012678544e+38,1.6251982495329074e+37,2.7688661961643355e+37,4.394064445697243e+37,1.0252817039960232e+38,1.0371082112218463e+39,37059678222.10941,73.93417396100065,3.7059678222109422,37.05967822210943,1.4898349636185858e+38,3.420564309045132e+37,2.681673458148022e+34,3.4178826355869835e+37,1.379798658356045e+37,1.3518550977829814e+38,15775769119.342182,15768922186.30987,6846933.032312177,21283908956.466022,20920159253.57845,363749702.8875795,1.0360039787385546e+55,5.581504362879107e+51,1.0354458283022668e+55,0.0912316175506496,0.1378100485872651,0.1983428653623811,0.2540347840501273,0.3370614340893367,0.3981593456837214,0.5101672744385636,0.5098402087768006,0.5399189720231685,0.6869279900776482,0.9250211439127688,1.2860661152927044,1.9404644791404984,2.610258980104436,7.433653895238666,10.321019634359557,44.65735841038897,71.68403940287682,68.5752484818073,44.5413520299577,20.7214322877723,True
603567046420097024,239599,AGNXY,sAGN,0.1784564375674501,0.0515028647268582,10591.088063745185,1763.473028997243,10591.088063745185,1763.473028997243,4515.041601997838,1173.4223492644558,6.363523798045663e+37,2.8555516654577606e+37,7.193411295800751,1.111490141461781,7.302612606400762,1.1282185628662829,70265955507.59467,23181423694.74064,86722433649.52963,23323714111.60421,32.874432933165124,1.6437216466582565,0.03,-0.5,0.36,1.0,1.6,0.2,2.0,0.0,60.0,80.1,60.0,1.0,100.0,0.4316583799022357,0.25,0.4,0.1,1.1373686688873148,0.3241155389330855,-0.25,1.0,217.5,35.0,3.0,0.1,0.06,10.0,0.0,0.0,300.0,-3.0,100.0,0.019,11000.0,900.0,11000.0,0.25,10.0,5000.0,3868.7724454927543,1.0,0.02,10.0,11209.22289812206,3.208347616711384e+25,0.2111,2.7846916367739466e+37,2.354055621462504e+37,4.85583128045477e+21,2.936086382087869e+37,2.1527116523493613e+36,3.667595953904285e+36,5.820307606253646e+36,2.3281230425014586e+37,5.379524955734713e+37,123214825239.76392,6.981419749668535,7.0191573640617495,6.984847093177224,7.457152352154766e+37,3.4391001521760536e+36,7.923704171926938e+34,3.3598631104567845e+36,5.727814336818163e+37,1.729338015336604e+37,53649910637.76535,53645768751.502975,4141886.262381234,69564914581.08102,69499208017.32932,65706563.75169821,1.0361743653773276e+54,1.8481807376917964e+52,1.0176925580004095e+54,0.0413731080352078,0.0640009450892052,0.1046187513822186,0.2129243704913638,0.4133532346283533,0.5485038510775448,0.6586398880988014,0.6467271341160187,0.7609814308127544,0.9557650114839248,1.1195390236103795,1.3506746245239492,1.068805590650997,1.0670708681427736,1.9770753013979567,1.859442136482552,43.14654938093632,45.251600960497385,23.91872122080595,11.184852570452923,4.17785155239218,True
604616530319140864,240500,AGNXY,sAGN,0.0977577762590766,0.015838263893244,4499.126259180506,4007.013560200566,4499.126259180506,4007.013560200566,3212.0832564969155,2637.9378234160044,3.5365454411085656e+37,9.634308540598692e+36,0.0216826310218805,0.0687161912815124,0.0246979788743857,0.0751129926628687,11925535299.586905,5148472449.770851,15726663781.8952,4983721242.075914,22.61491937441625,1.1307459687208123,0.03,-0.5,0.36,1.0,1.6,0.1,2.0,0.0,60.0,20.1,60.0,1.0,100.0,0.6254947485224724,0.25,0.6,0.15,1.668040683223181,0.4760717030705202,-0.25,0.0,217.5,35.0,3.0,0.1,0.06,2.5,0.0,0.0,300.0,-3.0,100.0,0.019,11000.0,750.0,11000.0,0.25,100.0,2000.0,5310.019803400386,1.0,0.02,10.0,12759.61839075833,1.0487740905595136e+25,0.0754,2.5548192581387275e+36,5.23113371205001e+35,4.454989236779666e+20,9.274662370139938e+35,1.9750083327047567e+35,2.0685203253851716e+35,4.043528658089928e+35,3.639175792280934e+36,3.379573921764273e+37,33129715183.03949,0.3330528030522675,0.3716317448035294,0.3357218742951099,1.289574014422986e+37,1.781204627266584e+35,1.7434707475486454e+34,1.6068575525117191e+35,1.2066529323667826e+37,8.292108205620317e+35,14794885687.781048,14794685893.361967,199794.41908014947,18334829494.25376,18331672070.934616,3157423.3191464366,5.243816786027803e+52,3.771981333758725e+51,4.86661865265193e+52,0.0081124312801572,0.0207155411290604,0.0811565457010556,0.3651947799142374,0.6573293692217074,0.8618152329845714,1.0793308294688473,1.0425100800471665,1.3099756460347995,1.4902217457498,1.789654851597448,1.804124982347203,1.2714167389692903,1.0188257229657938,1.733457452713362,2.101722635504792,57.10152108238529,76.27892112418334,48.67397263570894,24.21017280573549,9.66052965894275,True
604704766127269888,251811,AGNXY,sAGN,0.1934907524132645,0.0267628683351079,6845.763660822898,3627.344813954613,6845.763660822898,3627.344813954613,3758.4679564314265,1881.0360132793417,7.595963764418796e+37,2.3625183463960114e+37,1.3101300939392888,0.7089219153503631,1.7985839800205403,0.953830303719558,30770490403.181545,6856659656.001892,40689246647.32689,6633622035.775296,40.14623005317614,2.112959476482955,0.03,-0.5,0.36,1.0,1.6,0.2,2.0,0.0,60.0,20.1,60.0,1.0,100.0,0.7655876082763291,0.25,0.6,0.15,1.5583934532065171,0.6131339145092054,0.0,1.0,217.5,35.0,2.0,0.1,0.06,2.5,0.0,0.0,300.0,-3.0,100.0,0.019,5000.0,500.0,5000.0,0.25,100.0,1.0,3664.594379541997,1.0,0.02,10.0,11987.359621092908,2.033764452200016e+25,0.1399,2.5949535717082566e+37,5.313310938503401e+36,4.524973809820677e+21,9.420360429456232e+36,2.006034247150444e+36,2.101015243802388e+36,4.107049490952832e+36,1.6428197963811327e+37,6.903907942630781e+37,79507686236.52872,1.3551462027156904,2.316899883883275,1.4181054809611124,4.313082265819716e+37,7.03202104996639e+35,4.107058327954553e+34,6.621315217170936e+35,3.966923135667391e+37,3.461591301523251e+36,34545739328.29908,34544880544.55606,858783.7430194574,44961946903.999725,44948624637.16303,13322266.836688517,2.093292701300592e+53,8.896965789288036e+51,2.004323043407712e+53,0.0136366873828408,0.0292360650030885,0.0725194576055258,0.2698417359702104,0.4790713661372962,0.6140290323555397,0.7589305616362981,0.7429652334848821,0.906317653501919,1.1046586576145967,1.3263678185644323,1.5656497971639984,1.5298636174169788,1.73488556121499,4.513209739698518,8.69886411397719,42.24076676029115,50.929562374049645,32.741019263539286,16.73071920587607,6.741079655098041,True
604760566342379520,262966,AGNXY,sAGN,0.3157274470519143,0.0623581953005729,8329.419459393492,3951.504790976724,8329.419459393492,3951.504790976724,4482.623631273569,2399.103341145599,2.1616990026775903e+38,6.892170527244598e+37,5.02513726814605,2.5870469541091525,5.225821130881399,2.625408095596786,46572081322.02886,23364385691.83919,56680935469.863,22949105912.73801,22.479051551191905,1.2488361972884392,0.03,-0.5,0.36,1.0,1.6,0.3,2.0,0.0,60.0,50.1,60.0,1.0,100.0,0.7949399101886606,0.25,0.6,0.15,1.5752206743247643,0.6248860307144831,0.0,0.0,217.5,35.0,2.0,0.1,0.06,1.0,0.0,0.0,300.0,-3.0,100.0,0.019,11000.0,250.0,11000.0,0.01,800.0,500.0,9857.287611143653,1.0,0.02,10.0,11208.180956192336,3.210058574151937e+25,0.2112,5.499669372024547e+37,4.646129281567611e+37,9.590098313281823e+21,5.781282120848236e+37,4.251530828361954e+36,7.099997564444305e+36,1.135152839280626e+37,2.64868995832146e+37,2.6792422941419143e+38,215461418201.6953,7.346439343368408,7.820446551764911,7.387927131006458,5.641308929315975e+37,3.653554625303341e+36,1.1187927685345732e+35,3.541675348449884e+36,3.815144706742633e+37,1.8261642225733427e+37,104470013527.25424,104465621876.57436,4391650.679865684,110991404652.32544,110921917053.81071,69487598.51470694,1.0993741773942059e+54,2.6688276006743345e+52,1.0726859013874627e+54,0.0488611205039305,0.0784133743658356,0.1187197753903909,0.1742478718021408,0.2788947101734159,0.3782903219044983,0.4756702724565514,0.4638388214916213,0.5788915992711736,0.7994163527859515,1.0294681241919952,1.3652701944501937,1.397166863900582,1.642936901519092,3.9935720118398894,5.910901000359563,24.81815533901787,38.50141194890317,33.59260193918067,20.41760726903077,9.18295409619685,True
605832865090922496,252182,AGNXY,sAGN,0.1692101428187447,0.0461667506628637,8407.634719365202,4362.755099459223,8407.634719365202,4362.755099459223,3670.451959003848,1649.4139229485106,3.528324151649619e+37,1.1290027371999805e+37,1.318764974796674,0.6743679733997976,1.3610219110129522,0.6707167481328714,25056372530.488308,5936844404.115519,32955819215.111927,5276461669.671089,27.643604549477374,1.3821802274738686,0.03,-0.5,0.36,1.0,1.6,0.2,2.0,0.0,60.0,20.1,60.0,1.0,100.0,0.6332590874708989,0.25,0.6,0.15,1.6884637841390562,0.4799350973869437,-0.25,1.0,217.5,35.0,2.0,0.1,0.06,2.5,0.0,0.0,300.0,-3.0,100.0,0.019,11000.0,750.0,11000.0,0.25,10.0,3000.0,4557.25990629124,1.0,0.02,10.0,12834.971984694515,9.611658314949072e+24,0.0694,1.5330394905423677e+37,3.1389831336728907e+36,2.673251506214213e+21,5.565334467233664e+36,1.1851193615913408e+36,1.2412319719694328e+36,2.4263513335607736e+36,9.705405334243094e+36,4.078671630396332e+37,62987662068.23303,1.676225668061327,1.6964791213773076,1.6780554221599924,2.9286377005739103e+37,8.422616969656564e+35,3.5401354813740726e+34,8.068603421519157e+35,2.513256469534437e+37,4.1538123103947344e+36,27797583956.17312,27796588614.849743,995341.3233727256,35190078107.03479,35174292899.16163,15785207.873158077,2.522954840126581e+53,7.90193280294923e+51,2.443935512097089e+53,0.0422238841648786,0.0725480068079311,0.2232229547023107,0.8878001022628531,1.5975483017620826,2.116326850239767,2.647446844713629,2.558324227754631,3.2067585954779148,3.6591648682587623,4.529209269578695,4.839559788281546,4.563974692639383,4.728301743389156,11.448357641143197,23.362674145780044,113.02289832757054,123.1264217842992,73.27885713662603,35.667603308191495,14.076844438284493,True
G09_Y1_BX1_038,346073,SFGX,wAGN,0.205658499225861,0.0530930032953655,1724.8766182170195,1393.9684774539105,1724.8766182170195,1393.9684774539105,1339.1218004733694,816.7775451880404,6.6543659944837305e+38,1.7635647474611682e+38,1.026538751820157,1.6884082380579957,1.3619915735312724,2.220113648676957,68818964767.6066,18825127783.8448,104056023903.23132,19156212984.544987,29.22154504738958,1.623419169299421,0.03,-0.5,0.36,1.0,1.6,0.2,2.0,0.0,60.0,20.1,60.0,1.0,100.0,0.7568293072440225,0.25,0.6,0.15,1.5159787172558217,0.6097688956850371,0.0,0.0,217.5,35.0,3.0,0.1,0.06,1.0,0.0,0.0,300.0,-3.0,100.0,0.019,901.0,500.0,901.0,0.25,50.0,1.0,782.1066953174917,1.0,0.02,10.0,10248.994699264613,4.966163423446437e+25,0.3093,5.83230171619443e+37,1.1941960289065246e+37,1.017012897821474e+22,2.117278123928789e+37,4.508672952748963e+36,4.722147997473684e+36,9.230820950222648e+36,3.692328380089059e+37,8.52986022488357e+38,145713343971.9329,0.0334113797573659,0.1056698116707896,0.0366182224665303,1.1706724896732998e+38,1.2527627419449665e+35,1.0869543596938349e+35,1.658083822511313e+34,1.16979152659712e+38,8.809630761796494e+34,54795395013.37684,54795372372.056274,22641.32056423362,90917948958.44733,90917605417.65192,343540.79540350294,2.6855164932487624e+52,2.183921862949153e+52,5.0159463029960956e+51,0.0001349987441058,0.0040185440081226,0.0158789112912904,0.0722784350572367,0.2451192440126531,0.3354367775278739,0.4161480320765328,0.4076393183558958,0.4854035042895018,0.6062355880282497,0.7108287514325845,0.8945509949332106,0.7994575308965762,0.8203287884621929,1.379359200371653,1.2477150910391903,15.6315496873854,42.07567124571889,47.16608244970307,32.19395980298999,15.318573309449082,True
G09_Y1_CN2_229,323414,UNCX,NER,0.369818100843665,0.1233819354299508,1667.585454281349,2469.262396785658,1667.585454281349,2469.262396785658,1274.4651034747844,1285.5924010866054,1.5708319480238214e+38,8.463713299082136e+37,0.7574032312200893,1.318389773515901,0.8727732880838179,1.5001500037872326,45769887179.97328,14296574647.481812,70580915898.16496,13970572251.916178,33.92361998358658,1.7854536833466623,0.03,-0.5,0.36,1.0,1.6,0.4,2.0,0.0,60.0,20.1,60.0,1.0,100.0,1.2442877424083445,0.75,0.4,0.3,3.2887347310919046,0.9505369646630728,-0.25,1.0,217.5,35.0,2.0,0.1,0.2,2.5,0.0,0.0,300.0,-3.0,100.0,0.019,901.0,250.0,901.0,0.01,500.0,1.0,889.8133219601982,1.0,0.02,10.0,11126.300330483136,3.3457513015512058e+25,0.2191,1.5921276331923567e+38,3.259969373311607e+37,2.776286990500792e+22,5.779839885341624e+37,1.230797572966182e+37,1.2890729390638352e+37,2.5198705120300173e+37,3.779805768045025e+37,1.4069424707551875e+38,101246979310.90572,3.1245559040352067,3.455468702394709,3.152855853692164,8.241757957872955e+37,1.586546114017976e+36,7.849340336612357e+34,1.5080527106518525e+36,7.463261227275451e+37,7.784967305975034e+36,38813975901.67371,38812098716.11891,1877185.554801208,62433003399.79671,62403352036.24988,29651363.546825863,4.735249857360186e+53,1.6794687524650566e+52,4.567302982113681e+53,0.0012157763727229,0.0032736672287577,0.0159406111735306,0.0796801714258328,0.2406788540786768,0.3701233207767817,0.4954332962973569,0.4816008418036813,0.6014551333063172,0.8063768137312046,1.064821442122564,1.5584042680969217,2.289372103227296,3.282279058935225,8.354936581195975,9.081295993031777,33.616277684984155,38.95160814771257,26.04248758693461,13.892607094845555,5.695141297533551,True
G09_Y1_DS2_116,3903268,UNCXY,sAGN,0.1054194796959131,0.0251551155867355,3784.555033423316,1420.7161628652536,3784.555033423316,1420.7161628652536,1921.097208183708,922.606612670905,4.810945908986566e+38,1.5371210391825163e+38,6.002568122065858,2.907872900077417,8.550454121659328,1.9628730902547944,25369362491.05095,6489784844.464461,37392664654.27483,6936553160.933699,14.4473201934595,0.7603852733399737,0.03,-0.5,0.36,1.0,1.6,0.1,2.0,0.0,60.0,50.1,60.0,1.0,100.0,1.2565765505569666,0.75,0.4,0.3,3.26636414510534,0.9518063966087954,-0.25,0.0,217.5,35.0,3.0,0.1,0.06,2.5,0.0,0.0,300.0,-3.0,100.0,0.019,5000.0,250.0,5000.0,0.25,50.0,1.0,3557.2661676021094,1.0,0.02,10.0,10282.9990903715,4.897213922447637e+25,0.3056,2.3537434772909123e+37,1.9884461685583785e+37,4.10436152149201e+21,2.474267844453317e+37,1.819566282777174e+36,3.0386504761722163e+36,4.85821675894939e+36,4.372395083054449e+37,4.060488759483488e+38,81035447816.18166,2.776252550181081,8.780424102764215,3.0427188055108862,7.4516310335763585e+37,1.4279485880887605e+36,5.019661433311679e+34,1.377751973755644e+36,6.719612181131356e+37,7.320188524450032e+36,34538643749.93872,34536762414.16593,1881335.7727934944,46496804057.21092,46468258213.96061,28545843.25030592,4.280513979358379e+53,1.1261255882688217e+52,4.167901420531496e+53,0.0059016823921127,0.0136972636994458,0.0268921113957231,0.0524943558748495,0.111398969101595,0.1467096697989908,0.1856981476994981,0.1816510242812391,0.2178536966350267,0.289121433382011,0.3599164474840731,0.4583044460292838,0.40336942102744,0.4498550581824431,1.0588423691473614,0.982289281439002,24.841365665856237,50.03066960917212,42.31454332568741,24.96959893246481,10.733363737704291,True
G09_Y2_004_139,383149,SFGX,sAGN,0.0990200622887501,0.0098508193303433,3111.4028646257034,1462.491241006495,3111.4028646257034,1462.491241006495,1260.8100595784233,674.7620715782615,8.215436951667071e+38,4.296553219175379e+37,8.070119919774354,1.9955438523309903,8.024776343697042,1.391278150168655,9690319127.892933,6181272372.193198,14839858601.164013,8282357717.474586,18.344908783123813,0.9172454391561906,0.03,-0.5,0.36,1.0,1.6,0.1,2.0,0.0,60.0,80.1,60.0,1.0,100.0,1.2636589975515,0.75,0.4,0.3,3.287793650417189,0.9562976594576564,-0.25,1.0,217.5,35.0,3.0,0.1,0.06,1.0,0.0,0.0,300.0,-3.0,100.0,0.019,5000.0,250.0,5000.0,0.25,50.0,2000.0,1743.3847441522194,1.0,0.02,10.0,10936.846476254454,3.669300096594926e+25,0.2377,1.8054906376189644e+37,1.5262822385277499e+37,3.148340663268236e+21,1.9036493678852928e+37,1.3957382865963386e+36,2.377933006979085e+36,3.773671293575424e+36,3.3963041642178803e+37,7.845997652372885e+38,34644250353.873024,4.9290381851041145,7.551806104721273,5.048011628899869,5.373010291268569e+37,2.4243659382905343e+36,3.389502771577183e+34,2.3904709105747624e+36,4.132564625175208e+37,1.2404456660933606e+37,13693871018.15084,13690843784.312311,3027233.838528904,20950379320.639866,20902926453.27177,47452867.36808824,7.322143520274706e+53,8.379597541914168e+51,7.238347544855564e+53,0.009381247711985,0.0189341674645906,0.0369877652669338,0.0727962768085867,0.1334686687709155,0.1771212323934108,0.2181284341140733,0.2122142481556035,0.2532540585446866,0.3360022338837873,0.4135377828359866,0.5207230635495209,0.4729234089554808,0.5317367443424957,1.4278455000622203,1.3663073353630266,27.70072779112076,70.12669970007009,71.98653062932773,46.26051763409839,21.36819554835232,True
G09_Y4_203_202,3575961,AGNXY,sAGN,0.2319871959343529,0.0498641088881323,1897.7728705978711,1347.2524702675255,1897.7728705978711,1347.2524702675255,819.8728274879917,828.1177102705915,1.4571966185920775e+38,4.744927771822747e+37,18.78773555453936,6.949917961429125,12.017424940481575,5.686270514584213,4271455791.533754,2814382480.0148687,7654514694.344614,4098140669.393919,25.432172602775054,1.4128984779319476,0.03,-0.5,0.36,1.0,1.6,0.2,2.0,0.0,60.0,80.1,60.0,1.0,100.0,1.535402659035769,0.75,0.4,0.3,3.073270792793564,1.2251943423452505,0.0,0.0,217.5,35.0,3.0,0.1,0.06,10.0,0.0,0.0,300.0,-3.0,100.0,0.019,3500.0,250.0,3500.0,0.25,800.0,1.0,2463.110362726612,1.0,0.02,10.0,10620.54335998726,4.2408244662789386e+25,0.2698,7.514189595779874e+37,6.352164823238058e+37,1.3102936211898302e+22,7.922711963237239e+37,5.80885987058063e+36,9.896611529411184e+36,1.570547139999181e+37,6.282188559996725e+37,1.45160670283226e+38,20068129693.201687,17.106223252933077,18.209951348300688,17.202827769763847,7.979177546421483e+37,8.281054221337849e+36,3.424425714111035e+34,8.246809964196739e+36,3.726944402573032e+37,4.252233143848452e+37,8181032176.680038,8170806194.629486,10225982.05055228,11887097465.025612,11725295220.874569,161802244.15104514,2.509589286256001e+54,1.1834435852057777e+52,2.497754850403943e+54,0.0280638181616753,0.0507208153302778,0.0834934306273042,0.1171300283878705,0.1650571097770109,0.1991408206674492,0.2532388543229389,0.2540874297562052,0.2784458177820498,0.3625994091429234,0.4903967442843444,0.6752264627072494,0.9165254252158792,1.2045612287129162,3.04548075620662,2.783240591874916,65.97569069489369,75.39478868909114,42.22893914815469,20.44575139804042,7.7340019659042865,True
G09_Y4_203_291,3576875,UNCXY,sAGN,0.2041433901533015,0.0439451070024225,4241.133866005918,1343.8017749110993,4241.133866005918,1343.8017749110993,1679.67194545222,705.607930054771,1.2832713689566509e+38,7.021409294959306e+37,10.500737073672695,1.622063872653164,10.584914836058504,1.62330480716659,13965299257.47678,4323962082.33543,20650760354.152813,5431583101.333088,30.65002801469715,1.5325014007348574,0.03,-0.5,0.36,1.0,1.6,0.2,2.0,0.0,60.0,80.1,60.0,1.0,100.0,0.5394568015085531,0.25,0.4,0.1,1.0655148459572483,0.4239846213652343,0.0,1.0,217.5,35.0,2.0,0.1,0.06,2.5,0.0,0.0,300.0,-3.0,100.0,0.019,5000.0,250.0,5000.0,0.01,800.0,3000.0,2058.025457872809,1.0,0.02,10.0,11299.34678628828,3.0618331926272865e+25,0.2025,3.213932090133641e+37,2.7169165892072526e+37,5.604323211387296e+21,3.388663261016789e+37,2.4845368761567703e+36,4.2329298419386e+36,6.717466718095369e+36,2.686986687238148e+37,1.1291992446542731e+38,41218449064.3753,10.034426535370027,10.18171430675371,10.047536395722217,6.111159359112659e+37,4.87229340499376e+36,4.181891675102329e+34,4.830474488242736e+36,3.624189159591446e+37,2.4869701995212144e+37,17053131615.03902,17047171289.637266,5960325.401753983,24165317419.24872,24070802410.780853,94515008.46787024,1.4745483217475651e+54,1.1428594528369429e+52,1.4631197272191958e+54,0.0664015614055003,0.0905885207988459,0.1247986185139168,0.1963392414780783,0.3004561100049576,0.3777665625948593,0.4340508431711739,0.4265405242463946,0.4951925739526349,0.6217963943072697,0.7570619390146345,0.9509655735861984,0.9609952707008742,1.1224439492524885,3.382583120074439,5.9088636887152655,30.037151569585674,39.0188648151122,26.874692899098445,14.358624573745605,5.903080233442731,True
G09_Y4_218_081,3588816,AGNXY,sAGN,0.4116622924837941,0.0849249197956744,1383.6776488850578,1212.9985019336973,1383.6776488850578,1212.9985019336973,1108.7019652858262,734.0933059872202,2.332007684830369e+38,8.933910903100989e+37,0.3363907838403954,1.0038041812849472,0.4776455568973018,1.2596684874083706,22922663464.81309,5892568769.358929,36079640005.64912,6198369560.197935,132.69233843920952,7.371796579956085,0.03,-0.5,0.36,1.0,1.6,0.4,2.0,0.0,60.0,80.1,60.0,1.0,100.0,0.7585076535223152,0.25,0.6,0.15,1.5258147242539823,0.6106371294621358,0.0,1.0,217.5,35.0,3.0,0.1,0.06,1.0,0.0,0.0,300.0,-3.0,100.0,0.019,901.0,500.0,901.0,0.25,50.0,1.0,782.1066953174917,1.0,0.02,10.0,10171.48659853516,5.125334152522035e+25,0.3178,4.416634815804284e+37,3.733628484673432e+37,7.70154698987556e+21,4.656753073155725e+37,3.41428871570442e+36,5.816957169118517e+36,9.231245884822936e+36,1.3846868827234403e+37,3.1988448342115798e+38,54471293049.19759,0.0124900095511641,0.0395020189714526,0.0136888075761907,4.376266614395382e+37,4.683140512563131e+34,4.063307302136333e+34,6.198332104267977e+33,4.372973354040493e+37,3.293260354888808e+34,20483889382.80844,20483880918.916428,8463.892007809183,33987403666.348503,33987275242.205387,128424.1431202288,1.0039132443517576e+52,8.164046239729901e+51,1.8750862037876765e+51,0.0088924715827567,0.0176997370418025,0.032543168200889,0.0607175521829252,0.1333468994397348,0.1749940646608645,0.2141541111966754,0.2099524501938934,0.2482098238042506,0.3091866967634055,0.3811337648824178,0.4906630520961859,0.5195608825537303,0.5544170992566725,0.9846349915368966,0.7703136447527187,6.092001424606836,15.161045148129611,16.91799712008291,11.591744274680927,5.528954812105947,True
G09_Y4_226_085,3588342,AGNXY,sAGN,0.0998592878838235,0.0037744119990274,1462.9775827781089,1322.0962439200653,1462.9775827781089,1322.0962439200653,1199.1530254170923,830.1087729672603,8.833772207717968e+38,5.287677101422268e+37,0.3163028073765886,0.6717015659630623,0.4211316975318299,0.8803280211878152,56061297771.14154,15728693092.355398,86563619101.78732,15491848860.13719,10.583418431259396,0.5291709215629699,0.03,-0.5,0.36,1.0,1.6,0.1,2.0,0.0,60.0,80.1,60.0,1.0,100.0,1.2411496283764512,0.75,0.4,0.3,3.2011953090755068,0.9480840734791764,-0.25,0.0,217.5,35.0,3.0,0.1,0.06,1.0,0.0,0.0,300.0,-3.0,100.0,0.019,901.0,500.0,901.0,0.25,50.0,1.0,782.1066953174917,1.0,0.02,10.0,10434.748558519985,4.595921386037352e+25,0.2893,2.099493378682064e+37,1.7748192026157262e+37,3.661010607667372e+21,2.2136360942188077e+37,1.6230177160854872e+36,2.765151199945319e+36,4.388168916030806e+36,3.949352024427724e+37,9.123625333242139e+38,117836300715.37154,0.0270193057484344,0.0854536679013713,0.0296126336587237,9.46706127058116e+37,1.0130913419520108e+35,8.790044707054282e+34,1.3408687124658265e+34,9.459937047971603e+37,7.124222609553148e+34,44312253556.253296,44312235246.54064,18309.712658259075,73524047159.03032,73523769342.4943,277816.5360268076,2.1717388431872485e+52,1.7661064276372678e+52,4.05632415549981e+51,0.0053909761240013,0.0108190928979653,0.0231207215038797,0.0640070723373541,0.1867956763966782,0.2750734470431538,0.362994592623204,0.3520131249747202,0.4387387740153164,0.575931923147564,0.7087774957222434,0.8962337675772857,0.7093308990460209,0.6377779213354555,1.1253032222789587,0.980021350154686,18.651747499047097,51.85404801658797,57.1559094051525,38.43270397011323,18.144240096624877,True
G09_Y5_040_236,3911140,NOEL,NER,0.0964756657395496,0.0184463108980519,4477.783441167371,2049.6166792162026,4477.783441167371,2049.6166792162026,1850.0142267627316,1212.0547205739133,9.946048389439795e+37,1.337835081085507e+37,1.0808457429217275,0.2580027314265806,1.1139653838365688,0.240290967819952,1527570111.1678703,414594981.9094767,2253138513.35648,427936351.732457,7.3015418876792015,0.4563463679799501,0.03,-0.5,0.36,1.0,1.6,0.1,2.0,0.0,60.0,20.1,60.0,1.0,100.0,1.2642067310249754,0.75,0.4,0.3,3.2744234786736843,0.956842220375426,-0.25,0.0,217.5,35.0,3.0,0.1,0.06,1.0,0.0,0.0,300.0,-3.0,100.0,0.019,11000.0,750.0,11000.0,0.25,500.0,1.0,7830.80479132322,1.0,0.02,10.0,12094.584576927602,1.8869698606935723e+25,0.1306,2.967609677549223e+36,6.076344923023374e+35,5.174796271919709e+20,1.0773199598346831e+36,2.29411682360848e+35,2.4027378517149782e+35,4.696854675323458e+35,4.227169207791111e+36,9.765426792435049e+37,6634205733.514596,0.9536814215893508,1.054683099157045,0.9623191726966034,6.320007974029816e+36,4.651264809250148e+35,4.836475849808228e+33,4.602900050752066e+35,3.943869119288674e+36,2.3761388547411416e+36,3004810337.307585,3004237380.047906,572957.2596789862,3629395393.3271575,3620345161.7397246,9050231.587432949,1.406996304434679e+53,1.2957556340518927e+51,1.39403874809416e+53,0.0013198662723863,0.0031085097733765,0.0072026339679784,0.0204880083109707,0.0361880701533792,0.0516202321666035,0.062780819154995,0.0612864849776608,0.0777734138091485,0.0978541918545081,0.1229798220658626,0.1546092060626394,0.1833546048227297,0.2047542751818079,0.6225084011746411,0.7379346679499286,15.702855098632709,32.30704581438772,28.557149083681374,16.705668338002187,7.384156336968536,True
G09_Y6_068_089,801286,SFGX,SFG,0.0983855057664574,0.0126186937031751,4792.488485567395,3783.383738017319,4792.488485567395,3783.383738017319,2350.7493214926963,2602.277716810879,1.217615015593474e+38,1.355681411432664e+37,2.8524912010823065,0.5047023308260603,0.2305852886706512,0.2456722923488159,122821972.53564636,234667849.2338771,168996287.7023149,270701497.5721586,35.63300302478067,1.7816501512390337,0.03,-0.5,0.36,1.0,1.6,0.1,2.0,0.0,60.0,50.1,60.0,1.0,100.0,2.004784802602425,0.75,0.6,0.4499999999999999,4.909368083915779,1.5298387011613817,-0.25,0.0,217.5,35.0,3.0,0.1,0.06,1.0,0.0,0.0,300.0,-3.0,100.0,0.019,901.0,5.0,901.0,0.25,5.0,5000.0,201.03683244561225,1.0,0.02,10.0,12139.951820403352,1.8258807091471944e+25,0.1267,2.888390699145707e+36,2.440116977244448e+36,5.036657460333694e+20,3.0362918890973794e+36,2.2328764278517618e+35,3.728872690677553e+35,5.9617491185293146e+35,5.365574206676382e+36,1.2395321677235588e+38,63474513.96256079,2.144128379566384,0.2535709870400576,1.6858903819465594,6.022675526068655e+36,1.3254873661186073e+36,1.6113119808692524e+32,1.32532623492052e+36,1.990201039032682e+35,5.823655422165388e+36,15185450.839229615,14743591.8633645,441858.9758651168,48289054.21351597,31872018.279730704,16417035.933785256,3.950283724796013e+53,5.965535818598933e+49,3.949687171214153e+53,0.0056339535766856,0.0098978950337385,0.0170650789241089,0.023646694504009,0.0308473831745982,0.0436203342278539,0.043051455127205,0.0424524176986401,0.0503579745557029,0.0634183661878888,0.0845817069659238,0.1228129448897784,0.1971140472458564,0.2213223334371048,0.8451606341236662,0.9923488957199248,21.662864303131435,43.728718234893904,38.431843591612086,22.40585208627544,9.89083690991978,True
G12_Y1_AS1_127,136305,UNCXY,sAGN,0.0959113203848806,0.0220566315904264,3716.4231163889785,1044.7421128892138,3716.4231163889785,1044.7421128892138,1389.730995913469,414.51019869969,5.089440326770082e+38,1.7925778346925118e+38,9.034799059384936,1.4979150171244,9.300398696513987,1.3665791166262955,12693857420.468204,2633281659.3425417,19527273467.697563,3007237435.0009093,12.90414544099198,0.7168969689439989,0.03,-0.5,0.36,1.0,1.6,0.1,2.0,0.0,60.0,20.1,60.0,1.0,100.0,0.6566610401372885,0.25,0.6,0.15,1.6874301794999658,0.4928787950436041,-0.25,1.0,217.5,35.0,3.0,0.1,0.06,1.0,0.0,0.0,300.0,-3.0,100.0,0.019,901.0,500.0,901.0,0.25,500.0,1.0,732.6893392220705,1.0,0.02,10.0,10795.28819902748,3.920097123175683e+25,0.2519,1.935104095235005e+37,3.962232645875961e+36,3.3743553047274256e+21,7.024934181627827e+36,1.4959362391547727e+36,1.5667652965970936e+36,3.062701535751866e+36,2.756431382176678e+37,6.3677907242049204e+38,26449771218.733616,7.704277084655304,8.52021508279699,7.7740568102660434,5.433260484531303e+37,3.748625151168936e+36,3.019082067008644e+34,3.7184343304988494e+36,3.5137062482714804e+37,1.9195542362598225e+37,9725857947.10466,9721229334.880177,4628612.224483963,16723913248.364164,16650801315.750776,73111932.6133907,1.134443725840461e+54,8.275118700706392e+51,1.1261686071397546e+54,0.0102144514973148,0.0184923579569676,0.0292212380814361,0.0606339529298571,0.1216111426458376,0.1513291580045844,0.1792776965834238,0.1748414178410213,0.1979488790125664,0.2442273959230479,0.2767880981321985,0.3404674672503425,0.3194698540649635,0.3947008133934923,1.0278651108019827,1.0387759229198863,19.61046997675509,50.03254307903956,52.26591014231195,33.992364524902825,15.794214698959374,True
G12_Y1_EN1_192,70321,UNCXY,sAGN,0.3985705512473315,0.0326474220299395,10953.712410434136,551.8341171986484,10953.712410434136,551.8341171986484,10362.174861032672,719.9349204003221,1.7057246814590443e+38,1.0834519142871856e+37,1.426626630488491,0.1866884491476569,1.5582309143019566,0.1975473752355091,58336209732.049,4382654672.164347,61536649689.50768,4328824221.337379,106.60213501495775,5.610638684997777,0.03,-0.5,0.36,1.0,1.6,0.4,2.0,0.0,60.0,20.1,60.0,1.0,100.0,0.772964119597094,0.25,0.6,0.15,1.5739453277411943,0.6144318699053504,0.0,0.0,217.5,35.0,3.0,0.1,0.06,1.0,0.0,0.0,300.0,-3.0,100.0,0.019,11000.0,500.0,11000.0,0.01,500.0,1.0,10855.016773018802,1.0,0.02,10.0,11651.565510473862,2.516249252217495e+25,0.1698,3.1251536463705145e+37,6.398924911335982e+36,5.449514995439013e+21,1.1345125426216882e+37,2.4159065158531332e+36,2.530293999027766e+36,4.9462005148808994e+36,7.419300772321348e+36,1.7139753575424236e+38,123176763098.97713,1.4351548154538647,1.5871479660477237,1.4481534015808826,2.015196567828812e+37,7.525577722397108e+35,5.988682119185507e+34,6.926709510478558e+35,1.6576214864262968e+37,3.575750814025148e+36,60105603740.37814,60104741521.243256,862219.1348838266,63071159354.26522,63057540043.71806,13619310.547154428,2.2356451848736448e+53,1.3781526288310936e+52,2.0978299219905354e+53,0.0062530415739985,0.0087051424284649,0.0132548471821803,0.037324892127647,0.0943142970615834,0.1497448986447522,0.2097272260351656,0.200144852526719,0.2745221624426422,0.4001921889705972,0.5185673155198006,0.714455461570591,0.8424765044411074,1.098185419235245,1.946058918554355,2.0406211468188937,17.06214150684993,33.581700859226515,30.614396165220032,18.429862350047667,8.257083022293834,True
G12_Y1_GN1_084,561115,UNCXY,sAGN,0.3039289529771375,0.0663816734687355,7613.40993081815,3640.287935942359,7613.40993081815,3640.287935942359,3973.5687051817695,2363.2214370630045,1.3288120836643943e+38,5.052677364787325e+37,2.0871304580006065,1.0179071564657185,2.1471558002569235,1.0253629146723142,11138304770.403791,6124370558.441118,13799275857.606333,6156232292.718192,16.40935308151684,0.8636501621850968,0.03,-0.5,0.36,1.0,1.6,0.3,2.0,0.0,60.0,20.1,60.0,1.0,100.0,0.5365591614374817,0.25,0.4,0.1,1.0653973620559936,0.4213735312979602,0.0,1.0,217.5,35.0,3.0,0.1,0.06,2.5,0.0,0.0,300.0,-3.0,100.0,0.019,11000.0,250.0,11000.0,0.01,500.0,5000.0,4921.8739691036735,1.0,0.02,10.0,11524.863215217803,2.7076802206625776e+25,0.1814,2.869908210416376e+37,5.87629576619663e+36,5.004428453097364e+21,1.0418517709270796e+37,2.218588501559808e+36,2.3236334415143603e+36,4.542221943074168e+36,1.059851786717306e+37,9.842468909917854e+37,35977192496.83323,3.801086011732477,3.933217827415432,3.812463120109717,2.5674040758803115e+37,1.8544489646936724e+36,2.360582785471121e+34,1.830843136838961e+36,1.624244769607509e+37,9.431593062728024e+36,16218309627.98651,16216046206.72214,2263421.264368628,19758882857.43181,19723021658.910004,35861198.52181131,5.605691628188925e+53,6.031540639846775e+51,5.545376221790457e+53,0.0230265149910804,0.027124151347927,0.0338813666158247,0.0641101721129253,0.1113245564097886,0.1496135764183124,0.1771850913713672,0.1730264052941357,0.2096089098547343,0.2721411717643676,0.3365903605960494,0.4640626721335266,0.6178739377229536,0.8363719696904518,1.720345349639132,1.8361326356630407,24.906207451018684,38.01623364641706,27.22377700878617,14.576761180980046,6.005133284698947,True
G12_Y4_206_292,172219,UNCXY,sAGN,0.1674042168972165,0.0525479593764249,4313.249972599008,1011.7773305252924,4313.249972599008,1011.7773305252924,1813.69580908228,471.3054125130943,5.372708243241024e+38,1.82305227826349e+38,15.950173596449932,3.921361873396464,16.23332204643523,3.829091106460567,29494618817.675224,7315829862.595669,42617759608.25719,8927827865.100739,13.18088912346003,0.7753464190270606,0.03,-0.5,0.36,1.0,1.6,0.2,2.0,0.0,60.0,20.1,60.0,1.0,100.0,0.4478413514544188,0.25,0.4,0.1,1.1318514421094674,0.3329998308830478,-0.25,0.0,217.5,35.0,3.0,0.1,0.06,2.5,0.0,0.0,300.0,-3.0,100.0,0.019,5000.0,750.0,5000.0,0.0,500.0,3000.0,2082.281212198094,1.0,0.02,10.0,10244.41191701517,4.975496630916484e+25,0.3098,7.5942764140217e+37,1.554970091972667e+37,1.3242588327067966e+22,2.756921040938221e+37,5.870771151726468e+36,6.14873833792907e+36,1.2019509489655538e+37,4.807803795862215e+37,4.4648374403675685e+38,86107025501.98259,18.20848134918429,18.32793386261399,18.21939736863501,1.1577079989624368e+38,8.847040240537423e+36,8.37435821085911e+34,8.763296658428832e+36,7.066398956263786e+37,4.510681033360582e+37,35747373412.40802,35736569084.79646,10804327.611551646,50359652035.01319,50188262443.5,171389591.5131946,2.67674437035436e+54,2.2371870347989202e+52,2.6543725000063708e+54,0.0264700657937451,0.0406805639518089,0.050903870111585,0.0796501028085426,0.1632859153515736,0.2014781079657364,0.2547084297472961,0.2526017059082331,0.2766152374421976,0.3509010091970508,0.4083178361372484,0.5271704984192878,0.5841183732577979,0.7819612372748855,1.7295946304208862,1.77676712090096,28.238330059719424,54.30946495414676,45.7626810041149,26.999121023110057,11.614141355016208,True
G12_Y6_057_159,71072,NOEL,LLR,0.1004298307351423,0.0179178286827504,2561.1006677055684,2573.1492588605342,2561.1006677055684,2573.1492588605342,1121.2573113544197,1540.80213650129,6.645495176906072e+37,1.6169843694339712e+37,1.0767752344499224,0.4266020354012634,0.7522809967284445,0.3297919180981361,340292437.04120994,290128779.27823114,579638518.1911669,396219084.087799,9.96711569640138,0.6229447310250863,0.03,-0.5,0.36,1.0,1.6,0.1,2.0,0.0,60.0,20.1,60.0,1.0,100.0,1.2733480898531244,0.75,0.4,0.3,3.275085699360911,0.9623255171454442,-0.25,0.0,217.5,35.0,3.0,0.1,0.06,1.0,0.0,0.0,300.0,-3.0,100.0,0.019,901.0,250.0,901.0,0.25,100.0,500.0,329.0623239720088,1.0,0.02,10.0,12196.117700570829,1.7510776917152816e+25,0.1219,2.4645904987736856e+36,5.046385337617142e+35,4.297652019855722e+20,8.947108365479339e+35,1.90525680291341e+35,1.9954662249487867e+35,3.900723027862196e+35,3.5106507250759755e+36,8.110156221414397e+37,814328334.1023414,0.8591858176090439,1.0181404055081975,0.8703868494602816,4.740246382211417e+36,4.170313709749719e+35,1.811737208523929e+33,4.15219633766448e+35,2.593829657767468e+36,2.146416724443949e+36,261815973.62442544,261296766.8812642,519206.7431612497,552512357.8742026,544327698.726475,8184659.147727563,1.263578606782081e+53,6.1082169845570994e+50,1.2574703897975235e+53,0.0014374259117499,0.0033126397220724,0.0071200939218023,0.0171527567408299,0.0258966143703606,0.0358358295524594,0.0393033231426475,0.0385720848791883,0.0474968032232583,0.0565652857433457,0.0713978603642344,0.0962656661967868,0.1505214085973375,0.1771058846776505,0.5918482722157244,0.7142989928068708,15.36647759542876,31.04308422407088,27.105650776677383,15.740067022335232,6.932805953835931,True
G12_Y6_057_175,71002,UNCXY,sAGN,0.0970533501397538,0.0227499588321012,4460.606308839781,3784.172005181251,4460.606308839781,3784.172005181251,3146.0412741005644,2457.9584357294902,8.426522286913769e+37,2.9926381895165954e+37,0.0429667579855192,0.1126170656814125,0.054247434128488,0.1294959214777344,17283375131.57463,6930029650.587375,22895872480.661232,6705575800.641872,17.636848643921162,0.9282551917853245,0.03,-0.5,0.36,1.0,1.6,0.1,2.0,0.0,60.0,80.1,60.0,1.0,100.0,0.7557951562129268,0.25,0.6,0.15,1.5115999391489534,0.6089193016291218,0.0,0.0,217.5,35.0,3.0,0.1,0.2,1.0,0.0,0.0,300.0,-3.0,100.0,0.019,2000.0,500.0,2000.0,0.25,5.0,1.0,1586.7674031284544,1.0,0.02,10.0,12118.98339542795,1.854041059283832e+25,0.1285,2.744153304843519e+36,2.319786301691037e+36,4.785142196735154e+20,2.893344111180137e+36,2.1213734106708185e+35,3.614204684220181e+35,5.735578094890999e+35,5.162020285401897e+36,1.0561001156013452e+38,31827520882.52604,6.553565690250037e-41,1.4360986279526309e-33,1.8911733164924543e-40,1.7466687274609772e+37,2.3270026853011395e+34,2.3270026853011395e+34,4.499551118706851e-05,1.7466687274609772e+37,0.000344177710676,13089406896.612114,13089406896.612114,1.5690668698000404e-34,18738113985.91392,18738113985.91392,1.7342661808947726e-33,4.771417577856029e+51,4.771417577856029e+51,13455528860911.578,0.0051782857549895,0.0130832213673332,0.0403403442521026,0.1488189327714098,0.2889979147919959,0.3860403810434595,0.4937676079910694,0.4829484496000568,0.5944444113310298,0.7196027563731272,0.8668172511168303,0.946126613207041,0.6920732963722853,0.5329397766843451,1.5518924488410384,1.0012927017284203,14.86776282159969,30.75462285602498,27.118127256175622,15.838350729349282,6.993453685733651,True
G12_Y6_061_144,85314,SFGX,wAGN,0.102516258243129,0.0203933199952768,2582.492442878553,2415.6380079803857,2582.492442878553,2415.6380079803857,1074.3277408769973,1339.8184958374022,2.4042091148008725e+38,4.969832291037726e+37,3.140716395416893,1.0445848933713495,2.7314153093051927,0.710744831798789,1551623461.9646769,1383108947.2592645,2553168781.186338,1807111949.4997928,28.82486500712879,1.5170981582699363,0.03,-0.5,0.36,1.0,1.6,0.1,2.0,0.0,60.0,80.1,60.0,1.0,100.0,1.2685739931896702,0.75,0.4,0.3,3.2735060557659583,0.9585260488067936,-0.25,0.0,217.5,35.0,3.0,0.1,0.06,1.0,0.0,0.0,300.0,-3.0,100.0,0.019,11000.0,250.0,11000.0,0.25,100.0,1.0,7591.543653746773,1.0,0.02,10.0,11646.06369201796,2.524452179377717e+25,0.1703,5.762984954123388e+36,4.8717735739582977e+36,1.0049257246106426e+21,6.07629994665457e+36,4.455087485890472e+35,7.59017624107225e+35,1.2045263726962722e+36,1.0840737354266446e+37,2.5043811071954687e+38,9184744545.15267,2.0636768870291102,3.5282781520906257,2.159554075098368,1.5290627600300674e+37,1.0168223495139614e+36,8.499030005936629e+33,1.0083233195080246e+36,1.0019162464672592e+37,5.2714651356280816e+36,4055965789.402733,4054657995.3375072,1307794.0652263477,5128778749.308453,5108491009.06418,20287740.244272742,3.0765825584198883e+53,2.4310316110305502e+51,3.052272242309583e+53,0.007182041837772,0.0139359739266518,0.0258012828592056,0.0469273854195677,0.0711464580845682,0.0921718194405164,0.1075712770973973,0.1053520061969123,0.1258625469381761,0.1604485737902174,0.1996853514465233,0.2481559444229226,0.2552079755842231,0.2832418319147969,0.9173549328740308,0.9654794490615536,20.92856161295277,46.825002704853006,43.79556599088964,26.519619729323583,11.914375797840176,True
G15_Y2_006_270,512585,AGNXY,sAGN,0.0974842160600173,0.0157188338400709,4642.107324601769,3092.2424675002867,4642.107324601769,3092.2424675002867,1964.4043235290608,1425.9666048231022,4.401108241003406e+37,2.704832454647967e+37,2.39416850449782,0.8754913090439698,2.9006039951851514,0.7365743355635604,8431917721.544539,2157638021.311352,12623294737.77597,2147519187.757094,11.868757823535526,0.6246714643966067,0.03,-0.5,0.36,1.0,1.6,0.1,2.0,0.0,60.0,20.1,60.0,1.0,100.0,1.2609945016289517,0.75,0.4,0.3,3.286226054344196,0.955208201579606,-0.25,1.0,217.5,35.0,2.0,0.1,0.06,2.5,0.0,0.0,300.0,-3.0,100.0,0.019,5000.0,250.0,5000.0,0.25,10.0,2000.0,1761.471970549586,1.0,0.02,10.0,11888.260582037916,2.1725064840413738e+25,0.1486,1.1071605810186447e+37,2.266972515401721e+36,1.9306212978127447e+21,4.019282595339788e+36,8.558927862267302e+35,8.964172937113365e+35,1.7523100799380667e+36,1.5770790719442592e+37,6.627634238969655e+37,20460270987.16274,2.210037926490653,2.243047195748942,2.213022656049892,2.635548952714527e+37,1.0826636268473469e+36,1.8756827129360367e+34,1.0639067997179864e+36,2.0877881607813177e+37,5.477607919332095e+36,8143096193.378081,8141783373.423231,1312819.9548498113,12317174787.15776,12296357387.179045,20817399.97871679,3.2669613278078568e+53,4.445791642792965e+51,3.2225034113799273e+53,0.0026619139489482,0.0073231974149222,0.0226115219907616,0.0801865298866226,0.1516003843467074,0.210126385041031,0.2620370704842972,0.2557924928655347,0.3176169628748759,0.3996234717122936,0.4906353368517416,0.5942851592712184,0.6140897168687783,0.7147426054224699,2.8856296661873677,6.35935916105604,33.92895349747175,42.44897928175902,27.789139706408072,14.321133316458823,5.794358960397027,True
G15_Y3_032_092,593449,SFGXY,SFG,0.3539586387001678,0.0830628713351886,4297.039740852758,1240.66782092856,4297.039740852758,1240.66782092856,2137.3460925859404,753.3316289863446,2.3611073159758157e+38,1.1207374279260703e+38,4.245673132876152,1.554030596511964,4.361452447082888,1.5401873148036218,13320203122.360144,5730612451.199003,18321315303.298046,6361520138.884836,11.103975307401408,0.5551987653700704,0.03,-0.5,0.36,1.0,1.6,0.5,2.0,0.0,60.0,80.1,60.0,1.0,100.0,0.526971081609676,0.25,0.4,0.1,1.065822057306962,0.4148080251863998,0.0,1.0,217.5,35.0,3.0,0.1,0.06,1.0,0.0,0.0,300.0,-3.0,100.0,0.019,5000.0,250.0,5000.0,0.01,800.0,1.0,4931.891001637656,1.0,0.02,10.0,10402.831184717776,4.658434844765986e+25,0.2927,4.026318265663865e+37,3.403672069796428e+37,7.020928967965332e+21,4.245216265116742e+37,3.1125536961079603e+36,5.302888257095177e+36,8.415441953203138e+36,8.415441953203138e+36,1.944099662926312e+38,76343672465.68028,2.6030366060253907,2.7709897884935284,2.617736817164911,2.49804848785277e+37,1.287470731321598e+36,3.256204093850587e+34,1.254908690383092e+36,1.850990492225706e+37,6.470579956270639e+36,35331258788.22819,35329702710.93301,1556077.2951786467,41012413669.616,40987792386.57563,24621283.04037024,3.877436476157748e+53,7.662830690616868e+51,3.800808169251579e+53,0.0151637725675713,0.0248024552476715,0.0379318450930987,0.0542457340689163,0.0884824454281414,0.1174686223009817,0.1495903150520773,0.1461430643252784,0.1759689916916196,0.235148558898444,0.3059455736026329,0.4103604906715671,0.4601454423671586,0.5380343071446451,0.9972866243435552,0.809739499697643,5.151201517419563,11.437301840997346,12.168780829025538,8.133634086285053,3.8326083059242273,True
G15_Y4_226_396,341744,AGNXY,wAGN,0.2940532716655477,0.079532302676879,4878.416490967767,3293.709620996405,4878.416490967767,3293.709620996405,3575.5098875398376,2066.75549061576,2.298998091586228e+38,7.780216970437909e+37,1.598691929790192,1.8832748769228889,1.7437525709376889,1.9805054253104464,91693678773.27692,35286928693.73207,113255921053.73192,34217543001.396744,9.965640873722592,0.5862141690425055,0.03,-0.5,0.36,1.0,1.6,0.3,2.0,0.0,60.0,50.1,60.0,1.0,100.0,0.5052418069894437,0.25,0.4,0.1,1.067720958685584,0.4066664771164351,0.0,1.0,217.5,35.0,3.0,0.1,0.06,1.0,0.0,0.0,300.0,-3.0,100.0,0.019,2000.0,750.0,2000.0,0.01,800.0,1.0,1979.5218909264872,1.0,0.02,10.0,11536.794229008548,2.6894269157975904e+25,0.1803,2.887999910275044e+37,2.439786838195702e+37,5.035976018698592e+21,3.0358810897277884e+37,2.232574327703805e+36,3.7283681876170535e+36,5.960942515320858e+36,1.3908865869082002e+37,3.2131671275419336e+38,155463690813.648,1.2516248687117495,1.332382234731808,1.2586932095083971,6.476343357482444e+37,7.187084011706319e+35,1.1530738821128869e+35,6.034010129593431e+35,6.165216776722515e+37,3.111265807599295e+36,66673515631.97764,66672767419.28029,748212.6973454903,88790175177.90253,88778336462.27263,11838715.629886009,2.0708563091445478e+53,2.4330382109027507e+52,1.8275524880542728e+53,0.0313159325248222,0.0504709347374113,0.1058215532121843,0.2533538698604567,0.5636643917658294,0.8119273971217941,1.0464995909378862,1.0172765892728048,1.262080794307751,1.6183181147563994,1.95526422514389,2.312375114269218,1.7395085214839836,1.6384885935032767,2.402678570171017,2.136235417759734,24.984042702466247,53.97157602156891,50.64886107046688,30.870362885455183,13.91008371826432,True
G15_Y4_244_055,250339,AGNXY,sAGN,0.2129873879332986,0.0802518755064543,3614.511841247638,1166.509813117794,3614.511841247638,1166.509813117794,2400.5272408535748,722.1337804040886,3.1972749314962105e+38,1.0919328776430668e+38,1.6144030185450062,0.3775266422655106,2.634994541057741,0.5823855521243327,37082381220.75403,5278948259.956627,51038135849.23208,5276467171.652884,6.997228768437855,0.3498614384218927,0.03,-0.5,0.36,1.0,1.6,0.3,2.0,0.0,60.0,20.1,60.0,1.0,100.0,0.6286348065017515,0.25,0.6,0.15,1.6540512730042942,0.4769852329504354,-0.25,0.0,217.5,35.0,3.0,0.1,0.06,1.0,0.0,0.0,300.0,-3.0,100.0,0.019,3500.0,500.0,3500.0,0.25,100.0,1.0,2613.8379818792814,1.0,0.02,10.0,10632.131177802969,4.219165280128716e+25,0.2686,4.577377996103961e+37,9.372434575140948e+36,7.981844367406096e+21,1.6617079787202198e+37,3.538551565025752e+36,3.706093647035501e+36,7.244645212061252e+36,1.6904172161476254e+37,3.9051300673122296e+38,88703918219.21378,1.5118887698878016,2.5848833936720124,1.582130213614494,5.287877953749349e+37,7.959758931105816e+35,5.7259133349406975e+34,7.387167597611747e+35,4.901680434675289e+37,3.861975190740581e+36,37739621042.39736,37738662927.69782,958114.699529384,50964297172.09728,50949433989.37981,14863182.717461964,2.359855069460518e+53,1.2370262001796952e+52,2.236152449442549e+53,0.0021651072358952,0.0075371219461128,0.0167821220907303,0.0559701722953206,0.1455693310239225,0.1947709697991567,0.2402410894210029,0.233429588995251,0.2802253349949307,0.3709094058705695,0.4373980330914604,0.5667020420361488,0.552898066069909,0.675824713334531,1.2193898390993412,1.1387572345989478,11.352298019935226,27.18556879788872,28.56598995268253,18.786907453848023,8.776080037034927,True
G15_Y5_029_255,748809,UNCXY,sAGN,0.1765827026721847,0.0466523236406595,4620.771269754711,809.3690603319666,4620.771269754711,809.3690603319666,2042.4731773175004,427.25121741039726,2.9367012404809417e+38,1.2808213807769628e+38,6.739693033540913,1.4411554952293253,6.851000696053629,1.422992626667284,15087999763.385317,3494453299.741332,21209369926.3429,4246703106.124232,15.559321190224695,0.8189116415907735,0.03,-0.5,0.36,1.0,1.6,0.2,2.0,0.0,60.0,20.1,60.0,1.0,100.0,0.5321203532682318,0.25,0.4,0.1,1.0591204529170115,0.4194637271936424,0.0,0.0,217.5,35.0,3.0,0.1,0.06,1.0,0.0,0.0,300.0,-3.0,100.0,0.019,5000.0,250.0,5000.0,0.01,100.0,2000.0,2331.410797334619,1.0,0.02,10.0,10533.254409357269,4.405804219149984e+25,0.2789,3.0250408808834014e+37,6.193938487784545e+36,5.274942453256807e+21,1.0981689893203706e+37,2.338514134604523e+36,2.4492372708146397e+36,4.787751405419163e+36,1.915100562167665e+37,4.424183991861557e+38,43924586687.56249,6.65758873548918,7.031255255627938,6.684387567819196,4.711066744004337e+37,3.246075366813576e+36,3.828322210628168e+34,3.207792144707294e+36,3.057978721372117e+37,1.6530880226322202e+37,18544565661.91768,18540595211.144577,3970450.773101307,25380021005.63301,25317147600.73958,62873404.89342988,9.814047871192472e+53,9.821557476221994e+51,9.715832296430254e+53,0.0147909181545638,0.0200500565326611,0.0238630304853951,0.0403969792948788,0.0817500846731071,0.1038857840239823,0.1312796454571392,0.1299837763100314,0.1461902334751275,0.1904256786489396,0.22547157679109,0.2951570534662737,0.3123688072571295,0.4079384176417741,0.8755807444544077,0.8790262361167421,10.994020434382382,27.844588777675654,29.93546915454157,19.89728330928468,9.344869504297112,True
G15_Y6_093_310,4318311,SFGX,SFG,0.1003657997524431,0.0084554657342258,3721.2968139147897,2113.096950978222,3721.2968139147897,2113.096950978222,1521.6249870419165,1155.9693939118904,8.496968752137778e+37,1.4327801236075717e+37,0.8898178078244087,0.1956821857481366,0.9035632676563252,0.1940966319572175,850715300.8569003,325919532.09262955,1306358346.0718734,354541406.52958554,21.83842612390647,1.1493908486266562,0.03,-0.5,0.36,1.0,1.6,0.1,2.0,0.0,60.0,20.1,60.0,1.0,100.0,1.5294616617339376,0.75,0.4,0.3,3.0724022350482856,1.2225707952199054,0.0,0.0,217.5,35.0,3.0,0.1,0.06,1.0,0.0,0.0,300.0,-3.0,100.0,0.019,3500.0,500.0,3500.0,0.25,800.0,1.0,2544.994914869331,1.0,0.02,10.0,12059.848872229404,1.934150878920539e+25,0.1336,2.821683568619953e+36,5.777553145305088e+35,4.920336296884664e+20,1.024344964167348e+36,2.181308342078379e+35,2.2845881542900133e+35,4.465896496368392e+35,4.019306846731552e+36,9.285231993019737e+37,2719009233.776346,0.9792405666975464,1.0424231470723502,0.9847706629910508,5.408699297869201e+36,4.750395358033041e+35,2.953398297626518e+33,4.720861375056775e+35,2.974521319513701e+36,2.434177978355499e+36,1135884625.486853,1135299242.2429795,585383.2438732366,1583124605.341618,1573862284.9034562,9262320.438162005,1.4386686149072582e+53,8.836419327955528e+50,1.4298321955793027e+53,0.0016705688003075,0.0028347971043595,0.0050533847825185,0.0115353199538675,0.0190353149148393,0.0285989896943765,0.0335198831436545,0.0326574091359718,0.0424293226602299,0.056033663056626,0.0752157856102489,0.1038520904924571,0.1483542121729877,0.1736647070374038,0.5627781960559557,0.6696654730298159,14.16126538734017,29.27718113002262,25.98550145152333,15.239774713136816,6.744554980332207,True
