SPECID_x,CATAID_1,SURVEY_x,Z,BPT,WHAN,SN,HA_CONT
1031419462319892480,491454,SDSS,0.029513683,UNCX,LLR,49.34554,665.7303
1031429357924542464,460399,SDSS,0.13890514,UNCX,NER,20.520334,50.0959
1031457395471050752,460542,SDSS,0.18464574,NOEL,NER,20.681007,35.279263
1032603086956292096,507985,SDSS,0.27854088,UNCX,NER,11.488317,26.608328
1032609958903965696,508073,SDSS,0.092063665,AGNX,LLR,37.09788,96.41231
1032614356950476800,485436,SDSS,0.091193676,UNCX,NER,25.36055,78.91865
1032619854508615680,492267,SDSS,0.05496422,AGNX,LLR,39.727337,121.378586
1033691328656992256,511892,SDSS,0.055218384,AGNX,LLR,45.51581,212.58144
1034813380357023744,545255,SDSS,0.2851106,NOEL,NER,9.559629,23.525198
1035977488326486016,505832,SDSS,0.05742167,UNCX,LLR,24.747732,135.62485
317515896174176256,534658,SDSS,0.14364846,AGNX,LLR,19.661058,42.1835
317659382441601024,21859,SDSS,0.110960506,NOEL,LLR,25.536572,55.726406
317673950970669056,6881,SDSS,0.106080815,AGNX,LLR,29.573444,66.73245
318697051590256640,534903,SDSS,0.106289156,NOEL,LLR,27.57765,31.782604
318734160107694080,21990,SDSS,0.07504777,UNCX,LLR,32.10085,52.782085
318761098142574592,69657,SDSS,0.1860627,AGNX,LLR,1.5813905,0.26933134
318784737642571776,7291,SDSS,0.12562001,UNCX,NER,16.021366,40.335987
319763852478670848,560111,SDSS,0.13164936,UNCX,NER,10.9017315,42.744896
319778421007738880,31079,SDSS,0.080785796,UNCX,NER,39.594658,151.89189
319796837827504128,559852,SDSS,0.105337515,UNCX,LLR,25.923155,33.376625
319847965118195712,7405,SDSS,0.26516873,NOEL,NER,18.210512,36.912376
319862258769356800,69986,SDSS,0.047383454,AGNX,LLR,51.827652,350.41443
319869130717030400,98351,SDSS,0.19533382,AGNX,LLR,19.197067,66.577644
319874078519355392,69997,SDSS,0.25353792,NOEL,NER,13.593585,35.382473
319885623391447040,584102,SDSS,0.12764908,NOEL,LLR,26.765673,88.325745
319894144606562304,84553,SDSS,0.22934622,NOEL,LLR,18.437353,49.336422
319900191920515072,98447,SDSS,0.22797611,UNCX,NER,8.91694,40.623787
319903490455398400,98470,SDSS,0.28351,UNCX,NER,14.203133,27.652092
319905414600747008,70163,SDSS,0.16221151,AGNX,LLR,16.89992,50.302155
319909262891444224,84610,SDSS,0.06074439,UNCX,LLR,47.59382,120.78003
319919983129815040,584385,SDSS,0.1051175,UNCX,LLR,33.25326,88.670074
319920532885628928,584375,SDSS,0.109407805,NOEL,NER,24.823551,53.808937
320891951190665216,584998,SDSS,0.1109152,UNCX,LLR,40.08655,79.44672
320904870452291584,535964,SDSS,0.12970681,UNCX,LLR,23.48339,35.048256
320910368010430464,560455,SDSS,0.11995598,UNCX,NER,28.62104,66.84662
320924936539498496,584682,SDSS,0.08133267,AGNX,LLR,42.153473,275.85886
320991182115072000,70331,SDSS,0.07671227,AGNX,LLR,32.17625,90.73779
321035712335996928,8046,SDSS,0.12530643,AGNX,LLR,22.577835,73.10808
322022800057460736,40613,SDSS,0.11298401,NOEL,NER,19.766157,50.050762
322027198103971840,560980,SDSS,0.18689294,NOEL,NER,12.86027,36.350784
322053036627224576,560728,SDSS,0.07793451,AGNX,NER,22.543097,76.18272
322058259307456512,560708,SDSS,0.17914306,NOEL,NER,17.767462,34.861214
322069254423734272,585041,SDSS,0.109694056,UNCX,NER,24.546139,81.81691
322111310743496704,23263,SDSS,0.111574024,AGNX,LLR,18.914362,80.327866
322131926586517504,99121,SDSS,0.0785245,UNCX,LLR,15.14368,39.364014
322148694138841088,70811,SDSS,0.13079375,NOEL,NER,20.41277,49.385975
322168485348141056,8419,SDSS,0.12843378,AGNX,LLR,17.585388,61.03348
323137705250678784,537084,SDSS,0.04003784,AGNX,LLR,58.987457,558.8554
323148425489049600,537035,SDSS,0.07489609,AGNX,LLR,15.2179985,32.454773
323149799878584320,537059,SDSS,0.15736195,NOEL,NER,22.274815,29.475546
323158321093699584,537027,SDSS,0.104384616,AGNX,LLR,30.930496,85.3928
323159970361141248,536964,SDSS,0.0828357,AGNX,LLR,28.599045,79.53399
323214121308809216,536395,SDSS,0.17911087,NOEL,NER,14.654892,33.958763
323215770576250880,536429,SDSS,0.11072429,AGNXY,LLR,27.604586,44.003628
323216320332064768,536467,SDSS,0.07940587,AGNX,LLR,35.841675,138.3855
323221543012296704,23619,SDSS,0.076476015,UNCX,NER,24.84256,134.14984
323234737151830016,23640,SDSS,0.3019447,NOEL,NER,6.4778996,24.825912
323258651529734144,99470,SDSS,0.27154624,UNCX,NER,15.193882,46.170357
323288888099497984,23905,SDSS,0.15353215,AGNX,LLR,36.66315,98.95329
324271026475132928,537475,SDSS,0.16386744,UNCX,NER,22.35188,45.90232
324273225498388480,41299,SDSS,0.15753752,UNCX,NER,18.740509,51.57713
324279822568155136,56378,SDSS,0.12624785,UNCX,LLR,24.581078,48.219093
324310608893732864,586376,SDSS,0.18588722,UNCX,NER,16.885439,30.468346
324338371562334208,32272,SDSS,0.19281714,UNCX,LLR,25.669113,39.390656
324352115457681408,24078,SDSS,0.108668044,UNCX,NER,0.028371401,0.30486658
324359262283261952,24134,SDSS,0.20168704,AGNX,LLR,12.190816,32.189644
324362011062331392,8983,SDSS,0.20033705,NOEL,NER,19.088762,37.080986
324405166893721600,9205,SDSS,0.21024695,NOEL,NER,11.243931,26.283127
324413688108836864,24390,SDSS,0.23563668,NOEL,NER,16.246914,37.18439
324418086155347968,100073,SDSS,0.17508733,UNCX,LLR,21.83929,46.777832
324421109812324352,71679,SDSS,0.16972739,UNCX,LLR,35.45455,64.846664
340063856506202112,62304,SDSS,0.2386051,NOEL,NER,13.7788,35.343037
340076226012014592,62239,SDSS,0.053064823,AGNX,LLR,55.223972,278.09717
340081723570153472,47192,SDSS,0.10969186,UNCX,NER,34.027008,93.21834
340160338651539456,617607,SDSS,0.13541052,UNCX,LLR,20.530457,72.7228
341156494961567744,568351,SDSS,0.13456084,UNCX,NER,14.093831,60.88149
341158419106916352,568328,SDSS,0.14720163,UNCX,NER,19.520596,55.805946
341172163002263552,37000,SDSS,0.12509026,AGNX,LLR,25.040276,138.7396
341219991758071808,567805,SDSS,0.22784667,NOEL,NER,18.2006,44.207962
341241981990627328,91589,SDSS,0.05298575,AGNX,NER,57.800938,469.29572
341279915141785600,618057,SDSS,0.084527716,AGNX,NER,28.88219,42.992195
341281289531320320,77614,SDSS,0.11642971,NOEL,NER,24.222584,44.70722
341309876833642496,618151,SDSS,0.050335586,AGNX,LLR,45.090298,144.06137
341317848292943872,92069,SDSS,0.100938745,AGNX,LLR,28.914797,77.94558
341321696583641088,618222,SDSS,0.12292012,NOEL,NER,21.407494,59.99768
342370080820062208,105842,SDSS,0.2671997,NOEL,LLR,12.5616455,35.68724
342381900570060800,15223,SDSS,0.11877919,NOEL,NER,8.234775,29.685501
342404990314244096,77881,SDSS,0.123279504,UNCX,NER,25.797762,57.732
342437151029356544,15410,SDSS,0.27867052,NOEL,NER,9.81985,21.254751
343408569619605504,48470,SDSS,0.079573505,AGNX,LLR,35.7233,191.93597
343459696910297088,593360,SDSS,0.31677967,UNCX,NER,5.1053243,15.63811
343511373956802560,15661,SDSS,0.1264967,AGNX,LLR,32.48223,120.633385
343512748346337280,618609,SDSS,0.13355719,UNCX,NER,21.810654,43.04356
343520719805638656,618749,SDSS,0.11539595,NOEL,NER,24.000664,34.535625
343550406619588608,106569,SDSS,0.14539799,AGNX,LLR,23.451603,49.713364
344547938946541568,512313,SDSS,0.081689745,AGNX,LLR,35.70952,119.739784
344570478934910976,593852,SDSS,0.13087155,AGNX,LLR,25.948551,84.99997
344588345998862336,48585,SDSS,0.13159157,AGNX,NER,16.839836,39.67298
344599066237233152,48551,SDSS,0.13157158,AGNX,LLR,23.871159,87.362076
344610336231417856,63708,SDSS,0.1646428,UNCX,NER,21.658756,33.63819
344616383545370624,106732,SDSS,0.12578137,AGNX,LLR,23.207308,54.064793
344620506713974784,78320,SDSS,0.08480986,UNCX,NER,23.271486,28.485926
344629852562810880,106839,SDSS,0.029757837,UNCX,LLR,51.281284,488.08398
344632326463973376,618896,SDSS,0.10547062,AGNX,LLR,27.952005,50.152378
344635075243042816,618869,SDSS,0.1294315,UNCX,LLR,32.824615,123.499695
344642771824437248,92773,SDSS,0.05431874,UNCX,LLR,40.66798,237.3483
344644421091878912,78515,SDSS,0.10330054,AGNX,LLR,25.628946,50.953545
344674107905828864,16327,SDSS,0.07824962,AGNX,LLR,24.482851,106.88407
344693624237221888,107141,SDSS,0.1376518,AGNX,LLR,14.925662,28.950235
344699396673267712,93068,SDSS,0.12347128,AGNX,LLR,19.511839,33.66382
345700502446565376,569636,SDSS,0.12902723,UNCX,NER,14.115944,43.691883
345757951929116672,93060,SDSS,0.21619701,NOEL,LLR,19.937986,63.819572
345772795336091648,107313,SDSS,0.13451721,NOEL,LLR,17.469042,35.197308
345810453609342976,107455,SDSS,0.116737254,AGNX,LLR,28.72405,62.830227
345818974824458240,107528,SDSS,0.03321746,AGNX,LLR,46.609295,614.4244
346780772604078080,546040,SDSS,0.026572706,AGNX,LLR,1.9927067,0.101466045
346809359906400256,594909,SDSS,0.112142935,NOEL,LLR,1.8112539,0.33136788
346815407220353024,545873,SDSS,0.137763,AGNX,NER,21.807915,51.481216
346816231854073856,49704,SDSS,0.14154302,AGNX,LLR,17.638845,39.123882
346819255511050240,65186,SDSS,0.08277286,NOEL,LLR,26.59634,52.278725
346834373795932160,512961,SDSS,0.14769302,UNCX,NER,19.279924,44.697124
346840146231977984,569958,SDSS,0.1023429,AGNX,LLR,29.604872,35.653675
346863785731975168,594497,SDSS,0.1788731,NOEL,NER,12.074932,34.318245
346884951330809856,619594,SDSS,0.17904311,UNCX,NER,17.95031,30.879568
346894846935459840,619604,SDSS,0.16906308,AGNX,LLR,19.345104,38.146404
346895946447087616,619637,SDSS,0.028962713,AGNX,LLR,62.401466,301.78256
346912164243597312,619862,SDSS,0.119882956,UNCX,NER,26.760511,99.31704
346912988877318144,93702,SDSS,0.17160308,AGNX,LLR,20.483185,27.424232
346931955452897280,107744,SDSS,0.15237305,UNCX,NER,29.47585,48.04611
346944050080802816,107796,SDSS,0.20245317,NOEL,NER,9.075624,30.497047
346950922028476416,79790,SDSS,0.18900314,AGNX,NER,26.993393,70.49785
347988041941411840,79733,SDSS,0.023219297,AGNX,LLR,1.6671841,0.085977845
348019927778617344,17390,SDSS,0.091863275,AGNX,LLR,44.319958,137.76666
368308946001225728,170338,SDSS,0.18953303,UNCX,LLR,14.818053,49.37302
368326813065177088,136238,SDSS,0.04732071,UNCX,NER,0.015182093,0.58325493
369428523514882048,177138,SDSS,0.10853477,AGNX,LLR,47.64101,90.03724
369431547171858432,130063,SDSS,0.09031304,UNCX,LLR,25.262016,30.949068
369434021073020928,177186,SDSS,0.04772902,AGNX,LLR,65.79099,119.7197
369440068386973696,136616,SDSS,0.043158587,NOEL,LLR,54.151215,240.60135
369461783741622272,136842,SDSS,0.027147073,AGNX,LLR,48.876842,631.0958
370523633304496128,143500,SDSS,0.10612955,AGNXY,NER,28.306162,70.72132
370543424513796096,143599,SDSS,0.08169177,UNCX,LLR,27.8095,49.36253
370546173292865536,137037,SDSS,0.09217082,AGNX,LLR,38.004032,199.63414
370551945728911360,136963,SDSS,0.115998656,UNCX,NER,20.9384,50.461983
370585205955651584,171236,SDSS,0.084281534,UNCX,LLR,29.052662,46.949554
370594826682394624,171321,SDSS,0.29266262,NOEL,LLR,6.88023,25.76057
371611605328226304,123994,SDSS,0.1551677,NOEL,NER,24.343376,55.040382
371630297025898496,123747,SDSS,0.31688318,NOEL,LLR,4.158252,18.202976
371632496049154048,123852,SDSS,0.1015592,UNCX,NER,46.81289,142.59203
371646239944501248,143889,SDSS,0.060460348,AGNXY,NER,39.88575,68.7451
371673452857288704,184932,SDSS,0.077029884,NOEL,LLR,19.203146,44.51094
371675926758451200,130586,SDSS,0.15006784,AGNX,NER,19.9765,66.78312
372681430108497920,124828,SDSS,0.09724672,NOEL,LLR,22.984127,44.38306
372787532980578304,185326,SDSS,0.15688546,UNCX,NER,18.762297,42.427177
372790556637554688,178234,SDSS,0.16696525,AGNX,LLR,18.53105,64.33765
372819693695690752,138040,SDSS,0.13169599,UNCX,NER,17.074362,71.5792
372821617841039360,178541,SDSS,0.070407294,AGNX,LLR,36.593735,189.26071
372828764666619904,144640,SDSS,0.08223704,AGNX,LLR,40.129185,185.61218
372833437591037952,178623,SDSS,0.15422551,AGNX,NER,20.35844,41.188282
373905736289249280,131586,SDSS,0.208481,UNCX,NER,13.017987,39.928135
373907935312504832,178708,SDSS,0.20328109,NOEL,NER,11.734813,32.038483
373940645783431168,172471,SDSS,0.110992536,UNCX,LLR,33.344563,82.812836
4292006403679715328,203093,SDSS,0.31073546,NOEL,NER,12.547748,9.091806
4295392350140104704,3626517,SDSS,0.2840788,NOEL,NER,16.777336,16.724789
4295395648674988032,203491,SDSS,0.2240837,UNCX,NER,14.052141,19.841318
4298858010706968576,622892,SDSS,0.29983717,NOEL,NER,13.126558,11.088867
4325838927094611968,69720,SDSS,0.3117877,NOEL,NER,15.730793,16.077188
4328200124221620224,8276,SDSS,0.25351608,UNCX,NER,20.091341,19.14756
4523974221911031808,343703,SDSS,0.03382453,AGNX,LLR,48.8558,294.9939
4527295846504988672,298576,SDSS,0.30055702,UNCX,NER,12.815272,13.448207
4527382158167769088,363354,SDSS,0.2845757,NOEL,LLR,15.363054,13.12875
4528643843264348160,79628,SDSS,0.31180924,NOEL,NER,1.9008499,0.38866737
4529682331594129408,509633,SDSS,0.3143284,AGNX,LLR,14.93943,14.235979
4530659253010563072,228776,SDSS,0.28852078,UNCX,NER,20.21422,17.161263
4531908293253660672,16251,SDSS,0.21874553,NOEL,LLR,23.741598,21.476252
4534038601713319936,228122,SDSS,0.3036733,NOEL,NER,15.638528,14.217105
4535163401974317056,544772,SDSS,0.31830457,NOEL,NER,14.725049,11.828466
4535264007288258560,618323,SDSS,0.27419108,AGNX,LLR,19.860556,13.220527
4537460556860751872,238213,SDSS,0.053373877,AGNX,LLR,36.642185,193.71625
4537477874168889344,14934,SDSS,0.2830178,UNCX,NER,19.867687,18.405449
4538700530595659776,63130,SDSS,0.25002524,NOEL,NER,15.933421,21.35518
4538704928642170880,592985,SDSS,0.31954166,NOEL,NER,16.527016,10.415212
4539815980595412992,507981,SDSS,0.2794854,NOEL,NER,14.960732,14.906158
4539857212281454592,48097,SDSS,0.27838543,NOEL,NER,14.425429,14.949254
4543225566992007168,491813,SDSS,0.29224923,AGNX,LLR,18.45265,13.645243
525834870807619584,209185,SDSS,0.05162856,UNCX,LLR,37.950897,226.35342
525878026639009792,599213,SDSS,0.07904035,UNCX,NER,31.663755,140.44618
525897817848309760,323331,SDSS,0.26859272,NOEL,NER,6.36522,26.126951
525900841505286144,375751,SDSS,0.07840031,AGNX,NER,32.35583,139.29292
525904140040169472,371264,SDSS,0.077060215,AGNX,LLR,28.030024,98.30369
525929153929701376,301006,SDSS,0.1335339,UNCX,NER,14.426864,44.084297
525971210249463808,301191,SDSS,0.042167943,AGNX,LLR,48.0886,303.15945
526942903835060224,215579,SDSS,0.053164713,AGNX,LLR,44.82269,255.71658
526947576759478272,547862,SDSS,0.15777014,NOEL,LLR,22.705587,68.19771
526999253805983744,536566,SDSS,0.19078186,NOEL,LLR,1.8714949,0.3972287
527001727707146240,209179,SDSS,0.19332199,NOEL,LLR,1.8146816,0.43343043
527027291352492032,376245,SDSS,0.042664167,AGNX,LLR,64.78404,443.65
527032788910630912,346255,SDSS,0.10759754,AGNX,LLR,38.62994,84.21626
527082541811787776,376633,SDSS,0.07190569,UNCX,LLR,27.89285,88.0521
527092987172251648,301603,SDSS,0.10666749,NOEL,NER,19.859308,53.869087
528071002781935616,209748,SDSS,0.16620125,UNCX,NER,1.8012228,0.30359802
528073751561005056,574285,SDSS,0.052765287,UNCX,LLR,45.97912,291.55856
528117182270302208,209581,SDSS,0.109478265,UNCX,NER,31.587818,87.66136
528121580316813312,278769,SDSS,0.10918825,UNCX,NER,23.812567,29.374662
528135873967974400,381770,SDSS,0.27491695,NOEL,NER,11.794312,25.683481
528136423723788288,346469,SDSS,0.19628282,UNCX,NER,14.009885,36.956314
529208722707212288,197596,SDSS,0.31445095,NOEL,LLR,7.8913717,12.655733
529231262695581696,197555,SDSS,0.048342656,UNCX,LLR,44.948185,278.3929
529333792154871808,216187,SDSS,0.09517412,UNCX,LLR,27.521406,37.896984
530320878634821632,377559,SDSS,0.17049652,AGNX,LLR,17.79222,30.855118
530330774239471616,377420,SDSS,0.13755521,NOEL,LLR,20.429276,27.620764
530350565448771584,377132,SDSS,0.2899913,NOEL,NER,7.538378,15.861831
530374479826675712,324416,SDSS,0.10354386,UNCX,NER,35.756638,101.30779
530385474942953472,301937,SDSS,0.093523465,AGNX,LLR,48.333584,104.055855
530406090785974272,346977,SDSS,0.1873172,UNCX,LLR,21.972258,33.699177
530434952966203392,382505,SDSS,0.05612198,UNCX,LLR,38.093555,123.99422
530447872227829760,382659,SDSS,0.05543195,AGNX,LLR,41.86449,155.4768
530467113681315840,347587,SDSS,0.2906713,NOEL,NER,10.71563,25.614231
531442106137339904,575339,SDSS,0.05756103,AGNX,LLR,34.749004,101.9991
531448153451292672,198277,SDSS,0.05391106,AGNX,LLR,36.17781,243.63815
531477015631521792,204490,SDSS,0.07022092,AGNX,LLR,42.453903,163.95164
531506152689657856,197865,SDSS,0.2263296,NOEL,NER,15.132895,45.688904
531558929247791104,601103,SDSS,0.16482012,NOEL,LLR,20.147524,73.032166
532562782927742976,218733,SDSS,0.14154151,NOEL,LLR,20.177528,32.39025
532569654875416576,373327,SDSS,0.20247373,NOEL,NER,19.080196,37.69088
532575427311462400,279905,SDSS,0.017677007,AGNXY,NER,60.929337,798.9923
532585872671926272,218702,SDSS,0.13684134,UNCX,LLR,20.619919,75.48459
532680980427728896,347955,SDSS,0.28253663,NOEL,NER,16.38661,34.201077
532687852375402496,348014,SDSS,0.14273155,AGNX,LLR,17.461988,38.01519
532703520416098304,348179,SDSS,0.13291119,UNCX,LLR,13.910159,27.375328
533780493246687232,216935,SDSS,0.2600008,UNCX,NER,17.101643,31.015215
5396479030185164800,599127,SDSS,0.13408232,AGNX,LLR,33.089886,48.416656
5397593385203138560,380617,SDSS,0.10479336,UNCX,LLR,34.99322,88.68725
5397595034470580224,380578,SDSS,0.01309055,UNCX,LLR,43.02393,382.35013
5397612626656624640,345337,SDSS,0.104103416,AGNX,LLR,42.354145,101.88779
577609775324358656,271537,SDSS,0.111708105,UNCX,NER,27.200724,51.423874
577610874835986432,271455,SDSS,0.076458484,AGNX,LLR,38.398193,125.72419
577624893609240576,271385,SDSS,0.0744685,AGNX,LLR,47.57839,163.15204
578762888227874816,402564,SDSS,0.07513335,AGNX,LLR,23.51064,80.96219
578783778948802560,396919,SDSS,0.13267246,NOEL,LLR,18.898321,52.666058
579905006887528448,397361,SDSS,0.15792967,NOEL,NER,15.663694,40.08103
579908855178225664,397367,SDSS,0.13295184,NOEL,LLR,21.528404,55.808678
582116124318001152,220543,SDSS,0.12362978,AGNX,LLR,18.658194,62.797764
582148010155206656,220468,SDSS,0.12305981,NOEL,LLR,29.094934,42.36261
582158455515670528,272941,SDSS,0.11264037,UNCX,LLR,34.301018,65.27749
583239554652203008,221055,SDSS,0.2012868,NOEL,LLR,15.496807,31.88536
598980158266828800,227266,SDSS,0.024981933,AGNX,LLR,47.76368,1058.9814
599006546545895424,318791,SDSS,0.16484766,UNCX,LLR,26.013918,79.378
599007371179616256,237905,SDSS,0.17725816,NOEL,NER,27.820652,64.74157
599032934824962048,318642,SDSS,0.18012828,AGNX,LLR,1.8660743,0.44388518
599041456040077312,237591,SDSS,0.044582736,AGNX,LLR,42.963108,150.54317
599132715505182720,260972,SDSS,0.11868577,NOEL,NER,15.554849,70.32482
599152506714482688,261017,SDSS,0.18718857,NOEL,NER,18.605328,56.60604
600126948911376384,296908,SDSS,0.2963449,NOEL,LLR,9.59145,22.674206
600130247446259712,296928,SDSS,0.19605064,UNCX,NER,17.98082,30.524921
600130522324166656,238350,SDSS,0.053844623,AGNX,LLR,42.486744,349.15756
600134645492770816,238412,SDSS,0.055344686,UNCX,LLR,47.398228,229.73602
600157185481140224,319196,SDSS,0.053154595,UNCX,NER,29.834436,78.2259
600179450591602688,238118,SDSS,0.04805438,UNCX,LLR,56.582855,384.31693
600187696928811008,237992,SDSS,0.17645982,AGNX,LLR,23.623478,52.29441
601235256682506240,228219,SDSS,0.05536248,UNCX,NER,0.046538413,0.33378255
601279237147617280,250712,SDSS,0.10152434,AGNX,NER,19.49735,36.214878
601280611537152000,250613,SDSS,0.15579653,NOEL,NER,13.056513,32.806313
601297653967382528,227844,SDSS,0.25244042,NOEL,LLR,14.584998,28.958447
601305900304590848,250473,SDSS,0.08462366,AGNX,LLR,36.78722,143.15952
601362800031328256,250704,SDSS,0.1104647,NOEL,LLR,31.013363,59.533432
601383690752256000,342485,SDSS,0.05378242,AGNX,LLR,42.612587,143.66464
602358407843833856,298086,SDSS,0.113084696,UNCX,LLR,30.90326,80.404396
602364180279879680,320514,SDSS,0.1358256,NOEL,NER,13.126489,30.10141
602366654181042176,320598,SDSS,0.051542226,AGNX,LLR,52.463795,266.49918
602388919291504640,251352,SDSS,0.11288469,AGNX,LLR,16.392467,47.765133
602391942948481024,228515,SDSS,0.13165544,NOEL,NER,14.005575,33.866375
602417506593826816,239329,SDSS,0.19160785,NOEL,NER,15.19405,35.694595
602517562151954432,363292,SDSS,0.03817169,UNCX,LLR,23.627066,42.90169
603541207896844288,228890,SDSS,0.030514054,AGNX,LLR,49.559464,357.60825
603553302524749824,298224,SDSS,0.15078452,UNCX,NER,22.703568,39.98458
603559624716609536,228795,SDSS,0.22240481,NOEL,NER,11.184526,43.38756
603562373495678976,298144,SDSS,0.1182744,AGNX,LLR,20.967316,36.606827
604650065423788032,252057,SDSS,0.03269265,UNCX,LLR,40.52798,97.24999
604656662493554688,251999,SDSS,0.03361265,AGNX,LLR,58.07657,457.50867
604668482243553280,107616,SDSS,0.2960233,NOEL,NER,7.232204,18.304543
604694045888899072,320965,SDSS,0.12316288,AGNX,LLR,18.955774,47.151066
604778983162144768,263118,SDSS,0.31224337,UNCX,NER,10.640084,24.25623
604783930964469760,343939,SDSS,0.14761294,UNCXY,LLR,14.785167,32.26858
605817471928133632,240421,SDSS,0.21140262,NOEL,NER,9.011391,45.14094
635012807452026880,386481,SDSS,0.06827352,AGNX,LLR,25.51463,41.567005
635059536696207360,422389,SDSS,0.050901834,AGNX,LLR,35.660633,111.33724
635069432300857344,517068,SDSS,0.13786027,AGNX,LLR,32.06071,77.150345
635070256934578176,422328,SDSS,0.15943235,NOEL,LLR,39.49885,62.564316
638387758863247360,419441,SDSS,0.28334245,UNCX,NER,7.848081,22.342592
G09_Y1_AN1_042,371085,GAMA,0.19679478,UNCX,NER,14.241392,23.360275
G09_Y1_AN1_079,214360,GAMA,0.14419238,NOEL,NER,24.243677,43.158554
G09_Y1_AN1_368,375604,GAMA,0.15012264,UNCX,LLR,36.927402,25.646555
G09_Y1_AN2_191,300410,GAMA,0.19273484,AGNX,LLR,25.370314,18.139132
G09_Y1_AN2_331,345576,GAMA,0.21129584,NOEL,LLR,19.73971,20.235373
G09_Y1_AS1_398,202443,GAMA,0.052037217,UNCX,LLR,34.102245,86.4393
G09_Y1_AX1_129,386137,GAMA,0.11073971,UNCX,LLR,41.021786,64.544235
G09_Y1_AX2_399,422347,GAMA,0.14928494,UNCX,NER,22.742836,22.7955
G09_Y1_BN1_051,622164,GAMA,0.13019979,UNCX,NER,13.272776,19.65465
G09_Y1_BN1_186,300788,GAMA,0.20249297,NOEL,LLR,41.128006,54.916103
G09_Y1_BN1_286,345734,GAMA,0.31487793,AGNX,LLR,15.366488,13.002775
G09_Y1_BN1_326,375877,GAMA,0.27952635,UNCX,NER,20.505926,14.606209
G09_Y1_BN1_333,323291,GAMA,0.26607576,NOEL,NER,21.15414,9.082685
G09_Y1_BN1_349,375921,GAMA,0.29216692,UNCX,LLR,24.092134,26.494316
G09_Y1_BN2_067,622123,GAMA,0.20821518,NOEL,NER,1.671118,0.41851833
G09_Y1_BS1_038,549484,GAMA,0.2695863,NOEL,NER,13.330351,7.901596
G09_Y1_BS1_067,3899104,GAMA,0.2808168,NOEL,NER,10.452427,9.91139
G09_Y1_BS1_232,208867,GAMA,0.1998932,NOEL,NER,1.5388772,0.3610184
G09_Y1_BS1_245,208859,GAMA,0.078307815,AGNX,LLR,56.003605,110.15406
G09_Y1_BS2_055,196514,GAMA,0.24745782,UNCY,NER,16.443584,18.528496
G09_Y1_BS2_173,549096,GAMA,0.12935139,NOEL,NER,18.185583,24.53606
G09_Y1_BS2_254,573918,GAMA,0.20000523,NOEL,NER,6.5704637,8.552084
G09_Y1_BX2_009,517392,GAMA,0.20947818,NOEL,NER,15.336085,13.310328
G09_Y1_BX2_221,521756,GAMA,0.15947413,NOEL,NER,12.711324,9.613756
G09_Y1_CN1_081,622311,GAMA,0.19850215,NOEL,NER,15.933014,21.163477
G09_Y1_CN1_210,376039,GAMA,0.20821257,NOEL,NER,16.912546,13.276134
G09_Y1_CN1_383,301235,GAMA,0.29519635,NOEL,NER,15.051063,13.23118
G09_Y1_CN2_229,323414,GAMA,0.21920533,UNCX,NER,22.925997,18.204159
G09_Y1_CN2_329,323636,GAMA,0.3010497,NOEL,NER,16.813543,11.095766
G09_Y1_CN2_338,381463,GAMA,0.21037486,UNCX,NER,24.09201,25.923847
G09_Y1_CS1_039,549771,GAMA,0.15876938,NOEL,NER,17.628866,13.064307
G09_Y1_CS1_076,3624926,GAMA,0.2696341,NOEL,NER,18.854681,10.746547
G09_Y1_CS1_080,3624848,GAMA,0.23174249,UNCX,NER,15.032927,16.038641
G09_Y1_CS1_093,3901044,GAMA,0.104137056,UNCX,LLR,46.289482,42.27235
G09_Y1_CS1_121,3624458,GAMA,0.26327384,NOEL,NER,35.933895,16.395641
G09_Y1_CS1_284,214936,GAMA,0.19412088,AGNXY,NER,19.107952,13.399996
G09_Y1_CS1_399,203134,GAMA,0.13270827,NOEL,LLR,21.587023,18.562666
G09_Y1_CS2_097,3624747,GAMA,0.10411936,UNCX,LLR,57.469975,22.601364
G09_Y1_CS2_236,599478,GAMA,0.19521426,NOEL,NER,7.747614,14.405539
G09_Y1_CS2_313,599735,GAMA,0.19566429,NOEL,LLR,24.359543,14.704558
G09_Y1_CX2_138,386594,GAMA,0.19573657,NOEL,NER,23.331928,22.411457
G09_Y1_DN1_338,323984,GAMA,0.15820985,AGNX,LLR,22.395489,13.94128
G09_Y1_DN2_387,301466,GAMA,0.2012953,NOEL,NER,17.627913,13.825181
G09_Y1_DS1_035,550101,GAMA,0.26884338,NOEL,LLR,25.947397,20.33177
G09_Y1_DS1_124,549941,GAMA,0.24385235,NOEL,NER,17.37629,8.7330675
G09_Y1_DS1_144,3625565,GAMA,0.2573029,NOEL,LLR,28.001245,14.092608
G09_Y1_DS2_030,197160,GAMA,0.116328225,AGNX,LLR,36.178165,33.36778
G09_Y1_DS2_153,3625535,GAMA,0.18448177,AGNXY,NER,40.14111,43.40579
G09_Y1_DS2_169,196901,GAMA,0.23395436,NOEL,NER,17.891499,9.910822
G09_Y1_DS2_279,599985,GAMA,0.10892784,NOEL,LLR,26.76094,14.667523
G09_Y1_EN1_027,372346,GAMA,0.19844943,NOEL,NER,26.586998,18.807756
G09_Y1_EN1_038,279114,GAMA,0.19871944,NOEL,NER,22.901548,14.355663
G09_Y1_EN1_042,279084,GAMA,0.28645307,UNCX,NER,18.816076,8.268912
G09_Y1_EN1_254,381875,GAMA,0.2514716,NOEL,LLR,17.311663,13.624681
G09_Y1_ES1_025,203841,GAMA,0.3192849,NOEL,NER,9.447072,9.046857
G09_Y1_ES2_108,550260,GAMA,0.20086256,AGNXY,LLR,40.805325,18.851809
G09_Y1_ES2_132,3627201,GAMA,0.070975795,AGNX,LLR,27.666458,165.2419
G09_Y1_ES2_288,209725,GAMA,0.26665598,NOEL,NER,17.371164,10.234717
G09_Y1_FN1_299,324553,GAMA,0.2873924,NOEL,NER,14.53549,8.662807
G09_Y1_FN2_298,324498,GAMA,0.18057375,UNCX,NER,24.612127,13.758109
G09_Y1_FS1_187,203956,GAMA,0.20501804,AGNX,NER,21.466347,6.9650183
G09_Y1_FS2_079,197703,GAMA,0.3011371,UNCX,LLR,18.329937,8.083694
G09_Y1_FX1_195,387597,GAMA,0.31400377,UNCX,NER,16.933905,15.741925
G09_Y1_FX2_044,347481,GAMA,0.17394383,UNCX,NER,22.743004,13.137821
G09_Y1_FX2_086,347374,GAMA,0.15779254,UNCX,NER,29.160982,21.296345
G09_Y1_FX2_266,518655,GAMA,0.21439707,NOEL,LLR,8.572449,12.823803
G09_Y1_GN1_012,372864,GAMA,0.17579731,UNCX,NER,21.057312,14.72654
G09_Y1_GN1_016,372903,GAMA,0.24795021,UNCX,NER,22.298716,8.6501
G09_Y1_GN1_144,279437,GAMA,0.28883186,AGNXY,NER,12.976885,13.506799
G09_Y1_GN1_243,377341,GAMA,0.29614216,NOEL,NER,9.974625,8.861911
G09_Y1_GN2_129,279440,GAMA,0.101739034,NOEL,NER,23.742834,18.536196
G09_Y1_GN2_203,302320,GAMA,0.20128436,NOEL,LLR,23.24064,32.40218
G09_Y1_GN2_224,377262,GAMA,0.10215906,AGNX,LLR,25.268002,198.4824
G09_Y1_GN2_303,382597,GAMA,0.18262337,UNCX,NER,11.1571665,18.72611
G09_Y1_GN2_308,377422,GAMA,0.31334037,NOEL,LLR,10.360207,18.102602
G09_Y1_GS1_069,197966,GAMA,0.23226848,AGNX,NER,21.841478,12.514007
G09_Y1_GS1_076,550853,GAMA,0.21274771,AGNX,LLR,23.64986,14.219128
G09_Y1_GS1_316,210329,GAMA,0.28542057,UNCX,LLR,26.524029,24.895704
G09_Y1_GS2_139,3631168,GAMA,0.13395758,NOEL,LLR,20.115797,21.074018
G09_Y1_GS2_204,204209,GAMA,0.20449117,NOEL,NER,19.947412,26.611917
G09_Y1_GS2_267,600790,GAMA,0.29339567,AGNX,LLR,17.861551,16.744896
G09_Y1_GX1_033,383050,GAMA,0.20131473,UNCX,NER,14.4219265,23.285395
G09_Y1_HN2_224,302544,GAMA,0.19333352,AGNX,LLR,29.878605,20.030727
G09_Y1_HN2_255,325015,GAMA,0.21062444,UNCX,NER,15.827742,14.306293
G09_Y1_HS1_036,551251,GAMA,0.22263934,NOEL,LLR,4.4796414,10.606632
G09_Y1_HS2_016,204776,GAMA,0.22276181,NOEL,NER,21.566204,22.00007
G09_Y1_HS2_069,3634556,GAMA,0.0702841,AGNX,LLR,51.354984,152.51875
G09_Y1_HS2_306,575238,GAMA,0.22199176,UNCX,LLR,31.1754,25.57886
G09_Y1_IN1_004,280038,GAMA,0.13897325,AGNX,LLR,27.087345,22.822515
G09_Y1_IN1_207,373152,GAMA,0.14163335,NOEL,LLR,26.141384,20.250036
G09_Y1_IN2_274,378010,GAMA,0.24794404,NOEL,NER,17.690804,13.504231
G09_Y1_IS1_191,204909,GAMA,0.2148551,NOEL,NER,25.208307,16.011978
G09_Y1_IS1_319,205029,GAMA,0.18209389,NOEL,LLR,32.16174,32.52348
G09_Y1_IS1_348,601632,GAMA,0.16316319,AGNXY,NER,15.043091,11.230324
G09_Y1_IS2_312,205114,GAMA,0.2775139,UNCX,NER,12.068545,10.182839
G09_Y2_006_292,216596,GAMA,0.18847464,NOEL,LLR,9.007706,12.532165
G09_Y2_008_194,388382,GAMA,0.3138626,UNCX,NER,15.730548,13.497154
G09_Y2_012_204,301196,GAMA,0.16750157,AGNX,LLR,11.623318,16.56498
G09_Y2_014_232,549388,GAMA,0.15286443,NOEL,NER,24.204613,19.783398
G09_Y2_015_013,383015,GAMA,0.20152712,NOEL,NER,15.436147,25.617489
G09_Y2_015_022,382876,GAMA,0.21815778,NOEL,NER,12.104996,11.854869
G09_Y2_015_359,514143,GAMA,0.16671576,UNCX,LLR,28.936129,24.89929
G09_Y2_016_329,218770,GAMA,0.3124461,AGNX,NER,12.402699,9.880179
G09_Y2_023_040,209516,GAMA,0.29145798,NOEL,LLR,7.878807,12.573942
G09_Y2_025_052,324743,GAMA,0.24027152,NOEL,NER,10.85329,0.5598049
G09_Y2_028_343,383233,GAMA,0.19899726,UNCX,NER,15.140539,12.507098
G09_Y2_029_009,622067,GAMA,0.20239848,NOEL,NER,12.165768,10.837307
G09_Y2_033_228,600508,GAMA,0.31838685,NOEL,NER,13.061661,7.027821
G09_Y2_034_349,346931,GAMA,0.27473494,NOEL,NER,9.80097,6.415361
G09_Y2_042_175,347959,GAMA,0.21971095,UNCX,NER,3.8195503,8.831803
G09_Y2_042_263,419518,GAMA,0.28597698,NOEL,NER,11.784651,5.548931
G09_Y3_009_214,202360,GAMA,0.03537771,AGNX,LLR,59.20652,182.52307
G09_Y3_023_153,551343,GAMA,0.25016677,UNCX,NER,13.323663,3.0252283
G09_Y3_027_153,549159,GAMA,0.21010292,NOEL,NER,5.429903,3.150316
G09_Y4_201_103,3588267,GAMA,0.17526132,NOEL,NER,16.453789,13.095033
G09_Y4_201_342,3907947,GAMA,0.20072113,NOEL,LLR,23.780615,35.322144
G09_Y4_201_370,3908786,GAMA,0.20001113,UNCX,NER,10.085641,9.802584
G09_Y4_201_374,3613122,GAMA,0.19867115,AGNX,LLR,25.876453,33.446552
G09_Y4_202_374,641904,GAMA,0.22035457,UNCX,NER,12.014048,7.8709273
G09_Y4_203_285,3875263,GAMA,0.18848376,NOEL,NER,9.327245,7.551287
G09_Y4_203_371,3876163,GAMA,0.20560381,NOEL,NER,9.276236,6.760821
G09_Y4_204_395,3881153,GAMA,0.10672855,AGNX,LLR,32.295788,20.276354
G09_Y4_208_324,3635269,GAMA,0.22040589,UNCX,NER,14.305829,10.895095
G09_Y4_212_365,3615757,GAMA,0.16952032,UNCX,LLR,18.37349,12.660756
G09_Y4_219_246,3605946,GAMA,0.3112098,NOEL,LLR,12.655185,12.391221
G09_Y4_219_381,3607998,GAMA,0.0681387,UNCX,LLR,30.298346,117.39648
G09_Y4_221_362,3911528,GAMA,0.28168935,AGNX,LLR,13.289824,16.29849
G09_Y4_226_261,3611938,GAMA,0.17086834,NOEL,LLR,18.294764,15.939929
G09_Y4_226_289,3612239,GAMA,0.28899422,UNCX,NER,14.1706915,13.783817
G09_Y4_230_220,3608318,GAMA,0.23286413,NOEL,NER,12.108905,13.529966
G09_Y4_236_286,3899357,GAMA,0.2488765,NOEL,NER,12.5696125,9.605687
G09_Y4_248_190,3890865,GAMA,0.2329646,UNCX,NER,14.001843,11.215099
G09_Y4_250_077,215759,GAMA,0.2580702,NOEL,NER,6.1924725,4.126901
G09_Y4_250_212,372144,GAMA,0.2803888,NOEL,NER,10.119972,4.382937
G09_Y4_250_288,301737,GAMA,0.24964075,NOEL,NER,12.009566,3.5755234
G09_Y5_014_306,3022696,GAMA,0.08444673,NOEL,LLR,2.775175,1.9231713
G09_Y5_020_361,215892,GAMA,0.2575288,NOEL,LLR,8.37328,4.515105
G09_Y5_031_019,382916,GAMA,0.21959926,NOEL,LLR,6.0699124,3.743368
G09_Y5_040_236,3911140,GAMA,0.13068163,NOEL,NER,3.1239076,2.6880014
G09_Y5_041_289,891623,GAMA,0.19994043,AGNXY,NER,5.7632422,2.2038558
G09_Y6_060_163,203979,GAMA,0.29875994,NOEL,NER,12.94882,20.672213
G09_Y6_066_016,4341320,GAMA,0.22856636,UNCY,LLR,1.310566,1.4452875
G09_Y6_074_123,279980,GAMA,0.2536208,AGNX,LLR,14.730214,9.775295
G12_Y1_AD2_011,583622,GAMA,0.3129898,NOEL,NER,6.3727474,7.483151
G12_Y1_AN1_045,53840,GAMA,0.18941994,NOEL,LLR,6.740362,4.6883783
G12_Y1_AS1_067,136476,GAMA,0.2826665,UNCX,NER,7.6593976,7.9680223
G12_Y1_AS2_028,136554,GAMA,0.26713353,NOEL,NER,9.058411,10.69652
G12_Y1_AS2_151,136300,GAMA,0.2682335,NOEL,NER,18.264967,11.2725725
G12_Y1_AS2_160,176792,GAMA,0.30177307,NOEL,LLR,8.156365,6.9944024
G12_Y1_AS2_165,136271,GAMA,0.26752353,NOEL,NER,17.725239,10.633722
G12_Y1_AT_224,609171,GAMA,0.1502864,NOEL,NER,18.170485,18.379515
G12_Y1_AT_340,7083,GAMA,0.3108615,UNCX,NER,13.141792,15.417666
G12_Y1_AX1_037,271619,GAMA,0.23987074,UNCX,NER,23.270906,14.269145
G12_Y1_AX1_057,21936,GAMA,0.09920725,NOEL,LLR,29.661665,20.75037
G12_Y1_BN1_083,54000,GAMA,0.25158986,NOEL,LLR,13.5568695,10.194605
G12_Y1_BN1_135,53915,GAMA,0.2124308,NOEL,NER,16.943632,14.28039
G12_Y1_BN1_187,69685,GAMA,0.1087133,SFGY,NER,20.150362,8.330915
G12_Y1_BN1_292,84113,GAMA,0.25760972,NOEL,NER,19.498217,13.066907
G12_Y1_BN1_309,609504,GAMA,0.2502499,UNCX,LLR,24.54224,13.898053
G12_Y1_BN1_333,7238,GAMA,0.24646999,UNCX,LLR,22.456161,22.294455
G12_Y1_BS1_360,535107,GAMA,0.15716131,UNCX,LLR,20.165638,11.219835
G12_Y1_BS2_042,184450,GAMA,0.17556417,AGNX,NER,27.662388,32.846394
G12_Y1_BS2_241,534881,GAMA,0.22304353,NOEL,NER,12.103996,7.6970296
G12_Y1_BS2_249,534911,GAMA,0.26638293,NOEL,NER,8.617616,8.630032
G12_Y1_BX1_085,98186,GAMA,0.21600674,AGNX,LLR,1.8711979,0.36479113
G12_Y1_BX1_162,22125,GAMA,0.1775959,NOEL,NER,20.736034,9.899455
G12_Y1_BX1_166,22123,GAMA,0.13363494,UNCX,LLR,41.024097,25.277168
G12_Y1_CN1_284,98253,GAMA,0.26269916,UNCX,NER,19.142935,13.429486
G12_Y1_CS1_134,177530,GAMA,0.16978225,NOEL,LLR,17.312502,16.470873
G12_Y1_CS1_225,30821,GAMA,0.09376405,AGNX,LLR,37.822285,89.09349
G12_Y1_CS2_084,184696,GAMA,0.26740855,NOEL,NER,19.420134,10.293279
G12_Y1_CS2_118,137171,GAMA,0.13631077,NOEL,LLR,31.485147,49.272118
G12_Y1_CS2_263,535279,GAMA,0.17059018,NOEL,NER,5.6355066,10.133454
G12_Y1_CS2_307,39600,GAMA,0.25967866,NOEL,NER,10.722975,6.294373
G12_Y1_CX1_285,288369,GAMA,0.1972352,UNCX,LLR,31.23773,24.985134
G12_Y1_CX2_193,272084,GAMA,0.23933221,NOEL,NER,16.606123,8.891104
G12_Y1_DD1_326,610170,GAMA,0.31163263,NOEL,NER,20.152996,6.5589786
G12_Y1_DN1_180,610084,GAMA,0.22765985,NOEL,NER,11.373155,18.394459
G12_Y1_DN1_186,610106,GAMA,0.2660489,UNCX,NER,18.41869,12.425552
G12_Y1_DN1_274,7619,GAMA,0.22857983,NOEL,LLR,12.238381,9.683358
G12_Y1_DN1_288,98526,GAMA,0.28473845,NOEL,NER,7.5979805,9.552966
G12_Y1_DND1_028,584394,GAMA,0.24725112,UNCX,NER,14.951215,4.784056
G12_Y1_DND1_072,560089,GAMA,0.22339147,NOEL,LLR,29.104961,15.020183
G12_Y1_DND1_177,54470,GAMA,0.23605129,NOEL,LLR,22.32563,16.48593
G12_Y1_DND1_317,7709,GAMA,0.2674108,AGNX,NER,26.957333,10.249604
G12_Y1_DS1_057,137677,GAMA,0.27849936,UNCX,NER,10.410959,9.726573
G12_Y1_DS1_133,184947,GAMA,0.27834937,UNCX,NER,25.549042,10.954739
G12_Y1_DS1_336,39973,GAMA,0.13252287,NOEL,LLR,21.016712,18.586376
G12_Y1_DS2_022,185122,GAMA,0.17474137,UNCX,NER,20.353079,23.515055
G12_Y1_DS2_040,185084,GAMA,0.29036954,NOEL,LLR,10.212574,17.278557
G12_Y1_DS2_052,137705,GAMA,0.27661976,NOEL,LLR,5.9431715,7.4088426
G12_Y1_DS2_198,143986,GAMA,0.16830148,AGNXY,LLR,24.865505,16.239313
G12_Y1_DS2_344,40001,GAMA,0.19435106,UNCX,LLR,21.474617,13.825835
G12_Y1_DS2_373,31322,GAMA,0.12876211,UNCX,LLR,23.520176,20.72409
G12_Y1_DS2_399,144199,GAMA,0.114952326,NOEL,NER,13.534632,8.834078
G12_Y1_EN1_040,584808,GAMA,0.18191238,AGNX,LLR,19.716389,16.677317
G12_Y1_EN1_053,584883,GAMA,0.16762272,UNCX,NER,21.372532,11.163807
G12_Y1_EN1_136,560196,GAMA,0.14583322,NOEL,NER,19.924746,17.482763
G12_Y1_EN1_343,8076,GAMA,0.24302095,NOEL,LLR,16.149605,11.175578
G12_Y1_ES1_009,144510,GAMA,0.2540974,UNCX,NER,16.61161,8.343107
G12_Y1_ES1_153,137762,GAMA,0.25295743,NOEL,LLR,25.31372,16.92018
G12_Y1_ES1_163,144382,GAMA,0.24377768,NOEL,NER,14.3524475,17.736708
G12_Y1_ES1_254,31408,GAMA,0.12923065,NOEL,NER,10.27491,8.647397
G12_Y1_ES2_179,144284,GAMA,0.2289745,NOEL,LLR,24.606802,9.856238
G12_Y1_EX1_043,23455,GAMA,0.16191708,NOEL,NER,22.929577,17.64894
G12_Y1_FN1_047,70813,GAMA,0.25535783,NOEL,NER,9.483386,12.123759
G12_Y1_FN1_283,610682,GAMA,0.12577115,NOEL,LLR,24.218987,12.395402
G12_Y1_FN1_396,610811,GAMA,0.19335942,NOEL,NER,8.81111,8.206942
G12_Y1_FS1_053,178807,GAMA,0.24572703,NOEL,NER,9.860158,19.843637
G12_Y1_FS1_070,185727,GAMA,0.17966878,NOEL,NER,12.16935,8.319453
G12_Y1_FS2_015,185804,GAMA,0.2821328,NOEL,NER,8.49925,11.492074
G12_Y1_FS2_174,138015,GAMA,0.26666313,NOEL,LLR,24.757902,8.919766
G12_Y1_FT_136,40702,GAMA,0.20208336,NOEL,NER,17.804653,33.48972
G12_Y1_FT_170,55498,GAMA,0.16107257,NOEL,NER,15.371269,9.765403
G12_Y1_FX2_165,273171,GAMA,0.2696289,UNCX,NER,21.594543,17.877068
G12_Y1_FX2_189,273139,GAMA,0.1591764,UNCX,LLR,31.469389,16.513956
G12_Y1_GN1_106,561024,GAMA,0.18058932,AGNX,LLR,12.481624,8.666306
G12_Y1_GN1_132,55466,GAMA,0.31758577,AGNX,NER,13.964734,12.4916725
G12_Y1_GN1_169,70949,GAMA,0.2043287,UNCX,NER,1.7725666,0.4913555
G12_Y1_GN1_280,85475,GAMA,0.17121956,NOEL,LLR,25.021254,24.6832
G12_Y1_GN1_321,85508,GAMA,0.1275207,NOEL,NER,1.9494555,0.27204177
G12_Y1_GN1_384,611103,GAMA,0.18297926,NOEL,LLR,15.792683,17.69008
G12_Y1_GND1_160,55401,GAMA,0.1775374,UNCX,LLR,25.793396,11.280482
G12_Y1_GS1_019,145067,GAMA,0.29231519,NOEL,LLR,24.711584,15.936828
G12_Y1_GS1_056,145119,GAMA,0.28916526,NOEL,NER,10.73742,8.458473
G12_Y1_GS1_292,561028,GAMA,0.18297812,NOEL,LLR,12.090877,8.058848
G12_Y1_GS2_080,186062,GAMA,0.2429548,UNCX,NER,15.810987,13.586878
G12_Y1_GS2_096,179009,GAMA,0.2428348,UNCX,NER,14.936764,9.068698
G12_Y1_GS2_145,185921,GAMA,0.28406397,NOEL,NER,17.160671,18.647738
G12_Y1_GS2_368,536897,GAMA,0.07345825,UNCX,LLR,21.589111,10.061116
G12_Y1_GS2_374,536920,GAMA,0.18218604,AGNX,LLR,0.037758857,-0.3175144
G12_Y1_HN1_083,55956,GAMA,0.17007735,NOEL,NER,23.231623,20.471304
G12_Y1_HN1_271,99664,GAMA,0.123618655,NOEL,LLR,16.845007,12.999894
G12_Y1_HN1_333,99822,GAMA,0.10910906,SFGY,NER,24.487251,16.603865
G12_Y1_HS2_233,32208,GAMA,0.27019382,NOEL,NER,11.97829,10.272714
G12_Y1_IN1_264,99903,GAMA,0.18433484,NOEL,NER,8.739387,7.961009
G12_Y1_IND1_335,86164,GAMA,0.25890088,NOEL,LLR,25.339315,8.032464
G12_Y1_IS2_019,145697,GAMA,0.29130307,NOEL,NER,10.030738,7.45207
G12_Y1_IS2_361,537580,GAMA,0.20722482,NOEL,NER,14.867781,8.683331
G12_Y1_ND1_170,583491,GAMA,0.2585325,NOEL,NER,18.4284,9.43056
G12_Y1_ND1_289,7025,GAMA,0.2605525,AGNX,LLR,21.427746,6.0934205
G12_Y1_ND2_236,609705,GAMA,0.17644934,NOEL,NER,9.076819,4.68189
G12_Y1_ND6_026,56289,GAMA,0.26119655,NOEL,LLR,6.772458,9.276087
G12_Y1_ND6_076,586373,GAMA,0.18403798,NOEL,NER,19.35238,8.400373
G12_Y1_ND6_168,561508,GAMA,0.2422969,UNCX,NER,5.8170204,10.64644
G12_Y1_ND7_346,611712,GAMA,0.28742683,NOEL,NER,17.744942,13.002851
G12_Y2_001_069,24181,GAMA,0.19941853,UNCX,NER,19.863739,9.117295
G12_Y2_001_190,273477,GAMA,0.3121237,NOEL,LLR,9.80524,4.6062026
G12_Y2_003_345,221024,GAMA,0.23728794,UNCX,NER,27.523369,8.042639
G12_Y2_004_345,32027,GAMA,0.12807441,NOEL,NER,14.455967,6.1915097
G12_Y2_005_305,41271,GAMA,0.20540698,UNCX,NER,0.03366998,0.67049706
G12_Y2_006_031,178134,GAMA,0.25574657,NOEL,NER,15.086267,5.816458
G12_Y2_011_382,143574,GAMA,0.11654125,NOEL,NER,15.389441,18.179865
G12_Y2_025_186,273622,GAMA,0.18639337,UNCX,NER,20.393185,14.098433
G12_Y2_029_236,536869,GAMA,0.29905766,NOEL,NER,11.111461,6.970736
G12_Y2_036_192,185798,GAMA,0.27724656,NOEL,LLR,12.518145,6.5944295
G12_Y2_037_552,535055,GAMA,0.2037458,NOEL,NER,3.997546,7.0334597
G12_Y2_041_132,97820,GAMA,0.2590858,NOEL,NER,10.438278,3.890363
G12_Y3_001_283,534640,GAMA,0.31857476,UNCX,NER,9.418308,5.7171154
G12_Y3_006_022,31371,GAMA,0.24943179,UNCX,NER,21.422548,20.703897
G12_Y3_006_143,690020,GAMA,0.26276106,NOEL,NER,13.44573,4.1732006
G12_Y3_007_102,8885,GAMA,0.311634,NOEL,LLR,11.216151,3.44247
G12_Y3_020_061,177409,GAMA,0.26487446,NOEL,LLR,7.5052743,6.886289
G12_Y3_023_378,70129,GAMA,0.15633745,UNCX,NER,30.719284,13.182133
G12_Y3_026_043,536055,GAMA,0.2622942,UNCX,NER,14.414507,15.980421
G12_Y4_203_278,132106,GAMA,0.16326153,UNCX,LLR,24.950073,19.353231
G12_Y4_207_254,130856,GAMA,0.31077525,NOEL,LLR,14.133482,15.771652
G12_Y4_208_316,171142,GAMA,0.24048525,UNCX,NER,17.613537,17.448427
G12_Y4_208_343,123845,GAMA,0.1903018,UNCX,NER,10.907393,5.479119
G12_Y5_006_046,163642,GAMA,0.1704227,UNCX,NER,13.265524,20.007547
G12_Y5_006_062,122987,GAMA,0.20401306,NOEL,LLR,7.641275,11.636882
G12_Y5_013_330,131733,GAMA,0.17749253,UNCX,NER,11.706874,31.744013
G12_Y5_020_217,172125,GAMA,0.17710511,UNCX,NER,9.61744,24.732056
G12_Y5_027_005,124863,GAMA,0.31586322,NOEL,LLR,12.151675,9.503654
G12_Y5_030_242,131512,GAMA,0.20285037,UNCX,NER,8.955611,24.340145
G12_Y5_033_364,172003,GAMA,0.21930599,NOEL,LLR,12.600839,15.319813
G12_Y6_040_236,176997,GAMA,0.14530079,NOEL,NER,2.9382546,4.0120673
G12_Y6_041_375,179121,GAMA,0.20309979,NOEL,LLR,7.3450985,7.07276
G12_Y6_055_226,137858,GAMA,0.1946009,NOEL,NER,7.055798,8.044826
G12_Y6_055_362,138220,GAMA,0.116198875,NOEL,NER,23.301346,22.338945
G12_Y6_056_158,958460,GAMA,0.31507498,NOEL,LLR,3.924886,2.200144
G12_Y6_057_159,71072,GAMA,0.12191855,NOEL,LLR,9.597617,7.1257305
G12_Y6_060_120,928379,GAMA,0.27069384,NOEL,NER,6.7222447,2.9587727
G12_Y6_060_275,272192,GAMA,0.27892414,NOEL,LLR,2.2506876,17.07291
G12_Y6_070_132,6880,GAMA,0.104835965,UNCX,LLR,32.073162,19.670021
G15_Y1_AN2_284,237786,GAMA,0.30867308,AGNX,LLR,13.726044,9.738749
G15_Y1_AS2_033,567652,GAMA,0.2825934,NOEL,LLR,23.538937,13.091767
G15_Y1_AS2_188,62151,GAMA,0.14301173,UNCX,NER,9.296052,12.404779
G15_Y1_AS2_288,91465,GAMA,0.2527752,UNCX,NER,18.622458,13.163246
G15_Y1_AS2_376,592329,GAMA,0.15993072,UNCX,NER,2.0831473,0.68179756
G15_Y1_AX1_140,491515,GAMA,0.20430425,NOEL,NER,28.445309,16.06413
G15_Y1_AX2_139,484713,GAMA,0.26272267,UNCX,NER,26.515629,13.562924
G15_Y1_AX2_225,496895,GAMA,0.20866427,UNCX,NER,12.560249,7.639432
G15_Y1_BN1_179,278143,GAMA,0.25379896,UNCX,NER,23.731153,11.200118
G15_Y1_BN1_251,238078,GAMA,0.15352626,AGNX,NER,23.709936,11.507371
G15_Y1_BN1_335,238283,GAMA,0.18721381,AGNX,LLR,24.559145,14.804221
G15_Y1_BN2_037,278165,GAMA,0.16415311,AGNX,LLR,10.7023945,7.919243
G15_Y1_BN2_047,105950,GAMA,0.25436792,NOEL,NER,9.276528,15.209277
G15_Y1_BN2_125,28766,GAMA,0.3032951,UNCX,NER,11.079346,11.377579
G15_Y1_BN2_340,319296,GAMA,0.11146614,UNCX,NER,18.823195,11.979168
G15_Y1_BS1_238,77416,GAMA,0.22889815,NOEL,LLR,21.69313,11.439835
G15_Y1_BS2_226,62564,GAMA,0.14000314,UNCX,NER,25.977869,20.38133
G15_Y1_CN1_111,15274,GAMA,0.25550854,NOEL,NER,5.109638,8.540422
G15_Y1_CN1_141,106091,GAMA,0.17142467,AGNXY,NER,24.59213,14.953531
G15_Y1_CN2_002,297327,GAMA,0.2525731,UNCX,LLR,19.03071,6.454029
G15_Y1_CN2_127,15228,GAMA,0.2984014,NOEL,NER,9.7785015,14.686328
G15_Y1_CN2_349,319627,GAMA,0.19262536,NOEL,NER,15.73338,7.0160294
G15_Y1_CS1_117,544267,GAMA,0.19757164,NOEL,NER,18.722134,12.345424
G15_Y1_CS1_237,77664,GAMA,0.26064697,NOEL,NER,18.410074,9.275994
G15_Y1_CS1_356,77895,GAMA,0.2658566,NOEL,NER,27.353762,15.703908
G15_Y1_CS2_064,544360,GAMA,0.084957965,NOEL,NER,19.558104,13.015196
G15_Y1_CS2_089,544307,GAMA,0.31945887,UNCX,NER,11.309037,11.564504
G15_Y1_CS2_258,592912,GAMA,0.2289524,NOEL,LLR,31.585224,19.76542
G15_Y1_CS2_288,618194,GAMA,0.23167229,NOEL,NER,18.574268,18.951302
G15_Y1_CS2_354,593058,GAMA,0.3063194,AGNX,LLR,19.520302,15.378951
G15_Y1_CX1_241,497122,GAMA,0.25456053,NOEL,NER,16.05257,11.250762
G15_Y1_CX1_271,492331,GAMA,0.27861977,NOEL,LLR,14.823177,8.155725
G15_Y1_CX1_340,511807,GAMA,0.24975067,UNCX,NER,18.22904,14.850847
G15_Y1_CX1_359,37061,GAMA,0.10357527,UNCX,LLR,52.996082,106.429016
G15_Y1_CX2_325,544561,GAMA,0.17620312,NOEL,NER,10.370761,5.504519
G15_Y1_DN1_142,106414,GAMA,0.3074646,NOEL,NER,6.1679177,7.4632
G15_Y1_DN2_013,228235,GAMA,0.2887393,UNCX,NER,11.990236,7.95565
G15_Y1_DN2_047,15749,GAMA,0.12566572,NOEL,NER,19.845522,14.141852
G15_Y1_DN2_240,238888,GAMA,0.14932479,NOEL,NER,17.728876,9.103049
G15_Y1_DS1_157,568637,GAMA,0.2792982,UNCX,NER,13.546373,11.109487
G15_Y1_DS1_191,63447,GAMA,0.14500783,UNCX,LLR,34.22453,16.381695
G15_Y1_DS2_005,63661,GAMA,0.16022353,NOEL,NER,8.762745,9.2637
G15_Y1_DS2_347,92515,GAMA,0.24470015,AGNXY,NER,16.83281,16.433994
G15_Y1_EN2_236,239223,GAMA,0.2169817,NOEL,LLR,37.768486,13.294149
G15_Y1_EN2_253,320075,GAMA,0.21852162,UNCX,LLR,31.1947,16.73912
G15_Y1_EN2_280,320168,GAMA,0.2723995,NOEL,NER,23.513937,10.183635
G15_Y1_ES1_044,569149,GAMA,0.25130007,NOEL,NER,15.295435,11.603292
G15_Y1_ES1_213,63864,GAMA,0.2811679,NOEL,NER,1.821018,0.9630399
G15_Y1_ES1_312,92845,GAMA,0.13166866,AGNX,LLR,15.119352,12.48886
G15_Y1_ES2_202,593534,GAMA,0.1756822,NOEL,LLR,18.808218,15.661186
G15_Y1_ES2_263,78488,GAMA,0.23534979,AGNX,LLR,23.796268,12.56841
G15_Y1_FN1_204,298149,GAMA,0.2420619,NOEL,NER,14.749522,12.809925
G15_Y1_FN2_121,16404,GAMA,0.28882638,NOEL,LLR,14.526633,5.6648912
G15_Y1_FN2_214,298143,GAMA,0.118143484,UNCX,LLR,37.917183,17.319666
G15_Y1_FS1_227,593904,GAMA,0.30192626,NOEL,LLR,14.1955185,10.486767
G15_Y1_FS2_033,48968,GAMA,0.21758804,UNCX,NER,16.72293,12.52689
G15_Y1_FS2_124,545168,GAMA,0.19866884,AGNX,LLR,22.93811,12.422923
G15_Y1_FS2_173,48736,GAMA,0.19853885,AGNX,LLR,37.241337,18.769016
G15_Y1_FS2_228,64262,GAMA,0.22178786,UNCX,NER,21.445702,6.722785
G15_Y1_FS2_307,619265,GAMA,0.24056706,UNCX,LLR,24.70257,12.808821
G15_Y1_FS2_348,78967,GAMA,0.24131702,AGNX,LLR,28.638258,11.207572
G15_Y1_FS2_373,64395,GAMA,0.2158281,NOEL,NER,18.84399,7.3947597
G15_Y1_FS2_375,64381,GAMA,0.28625512,NOEL,LLR,15.031035,4.5743194
G15_Y1_GN2_062,93431,GAMA,0.28065643,NOEL,NER,11.788736,5.0844636
G15_Y1_GN2_066,16795,GAMA,0.3075353,NOEL,NER,22.52487,8.218503
G15_Y1_GS1_208,594318,GAMA,0.20951422,AGNX,LLR,1.538243,0.39229956
G15_Y1_GS1_268,93233,GAMA,0.2096042,AGNX,LLR,21.124998,15.91235
G15_Y1_GS1_332,619527,GAMA,0.16852711,NOEL,NER,11.335525,16.090866
G15_Y1_GS2_199,569482,GAMA,0.26179555,NOEL,LLR,43.212097,21.89487
G15_Y1_GX2_356,513307,GAMA,0.31833357,NOEL,LLR,10.98684,8.039575
G15_Y1_GX2_359,493935,GAMA,0.17897955,UNCX,NER,17.321104,14.991883
G15_Y1_HN2_318,321169,GAMA,0.30798262,NOEL,LLR,11.458125,7.298633
G15_Y1_HS1_010,65140,GAMA,0.08425271,AGNXY,LLR,1.9507264,0.11124558
G15_Y1_HS1_167,569911,GAMA,0.20538408,UNCX,NER,15.915254,11.135937
G15_Y1_HS2_017,570071,GAMA,0.30946147,SFGY,NER,5.072102,4.3195095
G15_Y1_HS2_297,79449,GAMA,0.26548344,NOEL,NER,9.274317,12.607319
G15_Y1_IN1_171,298993,GAMA,0.18496524,UNCX,NER,19.827286,11.51542
G15_Y1_IN1_326,252286,GAMA,0.16477668,AGNX,LLR,1.7083719,0.33851522
G15_Y1_IN2_149,17211,GAMA,0.20775817,UNCX,NER,13.47459,9.484749
G15_Y1_IN2_236,240400,GAMA,0.1769895,UNCX,NER,20.990524,7.230487
G15_Y1_IS2_251,619901,GAMA,0.14637958,UNCX,LLR,20.449026,14.963267
G15_Y2_001_012,508723,GAMA,0.28565517,NOEL,NER,14.578436,7.1402907
G15_Y2_001_039,486062,GAMA,0.2863751,NOEL,LLR,13.118146,8.425391
G15_Y2_002_031,486748,GAMA,0.25804028,NOEL,NER,10.360461,10.407967
G15_Y2_002_043,505767,GAMA,0.14497924,UNCX,NER,10.153069,18.18324
G15_Y2_004_119,505880,GAMA,0.17429784,UNCX,NER,18.17065,14.048937
G15_Y2_004_125,505887,GAMA,0.17305791,NOEL,NER,14.745738,5.1772356
G15_Y2_004_238,493687,GAMA,0.2167956,UNCX,NER,19.933775,15.708071
G15_Y2_004_324,49802,GAMA,0.2826021,NOEL,LLR,13.396669,8.9908285
G15_Y2_006_127,509049,GAMA,0.2997077,NOEL,NER,6.397887,5.322218
G15_Y2_006_289,545422,GAMA,0.20011249,UNCX,NER,17.91952,14.785364
G15_Y2_007_155,92186,GAMA,0.27525514,NOEL,LLR,5.3311644,7.7136188
G15_Y2_009_265,318686,GAMA,0.1911439,NOEL,NER,8.367032,5.967689
G15_Y2_013_036,106054,GAMA,0.25491148,NOEL,NER,14.34954,6.26296
G15_Y2_013_143,617965,GAMA,0.1913719,UNCX,NER,12.769357,9.223692
G15_Y2_013_302,238463,GAMA,0.3087011,NOEL,NER,17.454628,10.495
G15_Y2_014_135,79456,GAMA,0.30790552,NOEL,NER,7.5591683,4.196401
G15_Y2_014_333,93684,GAMA,0.29576576,NOEL,LLR,9.475841,5.541676
G15_Y2_015_202,593216,GAMA,0.31928214,NOEL,LLR,9.968829,13.822189
G15_Y2_015_323,78331,GAMA,0.28293234,NOEL,NER,8.993694,6.2267075
G15_Y2_016_047,508902,GAMA,0.17959748,UNCX,NER,7.703236,5.066409
G15_Y2_016_113,505155,GAMA,0.13818793,AGNX,LLR,11.6286335,16.532228
G15_Y2_018_003,544419,GAMA,0.19135745,UNCX,NER,11.94183,7.0651674
G15_Y2_018_070,738643,GAMA,0.2144574,NOEL,NER,7.9201264,8.067561
G15_Y2_018_394,48017,GAMA,0.19987743,NOEL,NER,6.5209265,3.7792923
G15_Y2_020_355,93320,GAMA,0.30307803,NOEL,LLR,7.174171,6.7774506
G15_Y2_020_381,619541,GAMA,0.27232832,NOEL,NER,8.09698,6.4563527
G15_Y2_021_013,492741,GAMA,0.13288432,NOEL,LLR,6.820737,5.6696467
G15_Y2_022_344,617967,GAMA,0.12841249,NOEL,NER,10.97145,4.7539253
G15_Y2_023_010,509431,GAMA,0.25765726,NOEL,NER,1.2921252,0.51681644
G15_Y3_001_186,297871,GAMA,0.19227198,NOEL,NER,15.2720375,8.095024
G15_Y3_001_287,251300,GAMA,0.22255924,AGNX,LLR,21.101196,6.805353
G15_Y3_002_099,105843,GAMA,0.1778061,NOEL,NER,12.994113,5.690689
G15_Y3_002_142,278149,GAMA,0.29953536,AGNX,LLR,9.139877,5.155799
G15_Y3_002_322,238268,GAMA,0.22965153,NOEL,LLR,29.684986,15.387342
G15_Y3_007_013,91488,GAMA,0.24345505,NOEL,NER,9.129171,5.659131
G15_Y3_007_224,91335,GAMA,0.2891012,UNCX,NER,9.959772,6.278754
G15_Y3_007_314,105491,GAMA,0.2569239,NOEL,NER,16.702574,10.10853
G15_Y3_007_329,105503,GAMA,0.3177288,NOEL,NER,10.588068,8.372381
G15_Y3_008_308,570162,GAMA,0.3102488,NOEL,LLR,8.39779,5.759369
G15_Y3_010_126,568922,GAMA,0.28408924,UNCY,LLR,4.801931,6.8323374
G15_Y3_011_113,508178,GAMA,0.3004493,UNCY,NER,1.5227276,1.1670985
G15_Y3_011_277,48135,GAMA,0.15704931,NOEL,NER,15.505926,15.65754
G15_Y3_014_347,238814,GAMA,0.15558451,NOEL,LLR,20.72177,24.763374
G15_Y3_016_282,14839,GAMA,0.16355662,NOEL,NER,12.530665,6.121016
G15_Y3_017_136,105453,GAMA,0.16146967,UNCX,NER,26.73837,11.424829
G15_Y3_017_221,237659,GAMA,0.18019854,UNCX,LLR,29.198086,27.633484
G15_Y3_031_383,240057,GAMA,0.15065756,NOEL,NER,7.226513,5.0824633
G15_Y3_032_105,593445,GAMA,0.13482381,UNCX,LLR,32.35715,16.95215
G15_Y3_032_343,92545,GAMA,0.21422547,NOEL,NER,7.808302,6.2693133
G15_Y3_033_307,78838,GAMA,0.21952108,UNCX,NER,14.376561,15.807827
G15_Y3_034_089,509693,GAMA,0.2646035,NOEL,NER,10.667297,2.70405
G15_Y3_034_247,49667,GAMA,0.28786373,NOEL,LLR,5.6963696,4.6439185
G15_Y3_035_353,47827,GAMA,0.19751969,NOEL,NER,7.3907905,5.449899
G15_Y3_036_102,16054,GAMA,0.12727392,NOEL,LLR,12.673846,6.8595376
G15_Y3_037_104,14902,GAMA,0.2615758,NOEL,NER,15.320598,6.265289
G15_Y3_038_243,319502,GAMA,0.22792155,UNCX,LLR,20.99778,8.324673
G15_Y3_039_335,240358,GAMA,0.2146581,NOEL,NER,8.231084,5.7727294
G15_Y3_040_226,497157,GAMA,0.26355803,UNCX,NER,17.643562,5.7325277
G15_Y3_041_022,63179,GAMA,0.26481438,NOEL,NER,14.840731,5.7104573
G15_Y3_041_109,693076,GAMA,0.13053073,UNCX,NER,20.381493,4.9323997
G15_Y3_041_396,63138,GAMA,0.24956396,UNCX,NER,14.386648,3.8104036
G15_Y3_042_036,65104,GAMA,0.17550954,UNCX,NER,18.928501,13.854287
G15_Y3_042_115,594706,GAMA,0.26113096,NOEL,NER,6.6988177,4.5978312
G15_Y3_042_271,619713,GAMA,0.30358168,NOEL,NER,7.162635,3.2352576
G15_Y3_043_266,47237,GAMA,0.26433888,UNCX,NER,9.60796,4.717181
G15_Y3_050_183,297418,GAMA,0.28105825,NOEL,NER,7.1585593,5.72277
G15_Y3_051_301,619488,GAMA,0.2378187,NOEL,NER,8.225795,4.345561
G15_Y3_052_361,298349,GAMA,0.26234213,AGNXY,NER,10.122914,4.167237
G15_Y4_203_280,446744,GAMA,0.22571597,NOEL,LLR,9.944227,6.5499763
G15_Y4_206_051,341628,GAMA,0.22425938,NOEL,NER,5.208157,4.655035
G15_Y4_206_133,249611,GAMA,0.3051034,UNCX,NER,7.1556244,4.9478517
G15_Y4_207_308,266923,GAMA,0.27314785,UNCX,NER,17.596104,7.9069715
G15_Y4_209_221,362757,GAMA,0.29935583,NOEL,NER,6.5892053,5.0048137
G15_Y4_214_214,364031,GAMA,0.22105238,UNCX,NER,19.768354,14.307542
G15_Y4_215_276,261268,GAMA,0.23009507,NOEL,NER,13.153537,12.057964
G15_Y4_216_095,262470,GAMA,0.17812093,UNCY,LLR,16.11876,11.690701
G15_Y4_216_301,363436,GAMA,0.29646298,AGNX,LLR,8.352711,7.2095823
G15_Y4_217_161,342564,GAMA,0.16869996,UNCX,NER,12.560032,11.927943
G15_Y4_218_224,361997,GAMA,0.13941318,AGNXY,NER,23.16642,17.94128
G15_Y4_220_388,363913,GAMA,0.28716138,NOEL,NER,7.1405587,5.497682
G15_Y4_221_139,261676,GAMA,0.23366117,UNCX,NER,9.761311,18.028164
G15_Y4_221_153,342371,GAMA,0.2366412,NOEL,NER,12.836145,18.390148
G15_Y4_222_051,342985,GAMA,0.20430589,NOEL,NER,5.09697,4.3975782
G15_Y4_225_145,263042,GAMA,0.30079907,UNCXY,NER,8.21787,9.233669
G15_Y4_225_158,263013,GAMA,0.29895908,UNCX,LLR,10.443192,6.106217
G15_Y4_226_329,361870,GAMA,0.19428,UNCX,NER,14.765373,10.731026
G15_Y4_227_094,250580,GAMA,0.31333682,NOEL,LLR,5.862622,4.7482905
G15_Y4_231_383,79217,GAMA,0.29594004,NOEL,NER,4.8726225,6.8692713
G15_Y4_234_006,250410,GAMA,0.27043515,NOEL,NER,16.560846,13.393446
G15_Y4_235_102,508847,GAMA,0.28412285,NOEL,NER,7.780914,5.8842545
G15_Y4_240_029,342696,GAMA,0.13657643,NOEL,LLR,10.19615,13.927294
G15_Y4_240_111,239122,GAMA,0.14929762,UNCX,NER,10.183597,4.943182
G15_Y4_240_168,250850,GAMA,0.2783597,NOEL,NER,15.763079,13.73788
G15_Y4_241_370,261007,GAMA,0.29558063,NOEL,LLR,3.9439285,3.2593808
G15_Y4_242_060,343922,GAMA,0.22245389,NOEL,NER,6.87422,4.9947815
G15_Y4_243_003,262312,GAMA,0.23171496,UNCX,NER,12.607418,10.286349
G15_Y4_244_225,261121,GAMA,0.23226488,AGNX,NER,3.7350285,13.907054
G15_Y5_001_337,545050,GAMA,0.034577347,NOEL,LLR,2.4612393,3.3458166
G15_Y5_003_376,15808,GAMA,0.23059472,NOEL,LLR,2.534766,5.2332225
G15_Y5_005_272,47981,GAMA,0.29136318,UNCX,NER,7.9454923,6.8800783
G15_Y5_009_151,508966,GAMA,0.3053692,NOEL,LLR,3.5857193,8.532564
G15_Y5_012_214,106589,GAMA,0.12446665,NOEL,NER,5.3782725,5.967052
G15_Y5_012_233,228284,GAMA,0.30771795,NOEL,NER,5.7327547,9.4783535
G15_Y5_022_108,569296,GAMA,0.22106253,NOEL,NER,9.261751,3.3724709
G15_Y5_022_213,593771,GAMA,0.23397234,NOEL,LLR,11.712314,4.0241556
G15_Y5_022_336,746936,GAMA,0.21896257,NOEL,NER,8.169468,3.0666928
G15_Y5_023_193,297128,GAMA,0.29974994,NOEL,LLR,7.8158336,3.5587628
G15_Y5_024_031,47677,GAMA,0.306775,NOEL,NER,7.720419,8.074474
G15_Y5_029_055,48408,GAMA,0.30458003,NOEL,LLR,4.543242,1.6407479
G15_Y5_029_289,78336,GAMA,0.25468042,UNCX,NER,12.690974,2.772699
G15_Y5_030_175,491458,GAMA,0.26297864,UNCX,NER,11.09117,5.364977
G15_Y5_033_256,106037,GAMA,0.18985702,NOEL,NER,10.492683,3.3984053
G15_Y5_035_301,320261,GAMA,0.27639163,NOEL,NER,12.213818,6.8135505
G15_Y6_071_012,250490,GAMA,0.26889157,NOEL,NER,9.349256,8.44911
G15_Y6_075_315,63439,GAMA,0.13525237,UNCY,NER,5.7748413,5.0789924
G15_Y6_076_083,17316,GAMA,0.19247954,NOEL,LLR,4.3012724,3.2591903
G15_Y6_077_025,617857,GAMA,0.19101763,UNCX,NER,11.698823,15.498593
G15_Y6_077_206,91733,GAMA,0.2611457,NOEL,LLR,8.558021,5.4664245
G15_Y6_078_226,297520,GAMA,0.08575622,NOEL,NER,13.302756,18.679335
G15_Y6_080_003,79042,GAMA,0.2423078,NOEL,LLR,5.375047,4.9769588
G15_Y6_080_032,594238,GAMA,0.29017615,NOEL,NER,6.3642306,3.0600069
G15_Y6_080_158,78810,GAMA,0.29050615,AGNX,NER,5.499638,4.895781
G15_Y6_081_275,341604,GAMA,0.1786633,NOEL,NER,5.9353333,6.3309555
G15_Y6_083_016,715435,GAMA,0.26875794,NOEL,NER,9.016398,2.0627022
G15_Y6_083_055,714885,GAMA,0.26849794,UNCY,LLR,3.8732543,2.622985
G15_Y6_083_399,342491,GAMA,0.30956692,UNCX,NER,5.4726815,6.0685325
G15_Y6_084_063,841663,GAMA,0.2935813,UNCX,NER,6.3634844,2.1164956
G15_Y6_084_154,342894,GAMA,0.21776356,NOEL,LLR,6.5670056,2.8508804
G15_Y6_084_391,266797,GAMA,0.22331339,NOEL,NER,7.750224,5.7956448
G15_Y6_085_030,722020,GAMA,0.19289905,NOEL,LLR,2.5331779,2.191088
G15_Y6_090_175,947343,GAMA,0.2966714,NOEL,LLR,3.7633815,3.0317996
G15_Y6_092_047,3289106,GAMA,0.3164837,NOEL,LLR,1.2280048,0.62760705
G15_Y6_093_308,4021944,GAMA,0.2328309,UNCY,NER,1.3731931,0.6869682
G15_Y6_095_228,278070,GAMA,0.18830875,NOEL,NER,5.8552785,4.291419
G15_Y6_095_237,714066,GAMA,0.21807823,NOEL,NER,7.805379,4.605974
G15_Y6_096_313,48174,GAMA,0.26073784,NOEL,NER,4.2014813,3.9201853
G15_Y6_098_097,718970,GAMA,0.18650794,SFGY,NER,6.493219,5.8292613
G15_Y6_099_206,297631,GAMA,0.2657495,NOEL,NER,7.7714777,3.3887608
G15_Y6_099_315,239264,GAMA,0.086023845,NOEL,NER,10.163761,3.7780185
G15_Y6_100_218,567691,GAMA,0.2958148,NOEL,NER,9.11263,4.1971016
G15_Y6_101_134,493013,GAMA,0.29231286,NOEL,LLR,3.3345554,6.197536
G15_Y6_101_321,64674,GAMA,0.28000322,UNCX,NER,7.173087,8.580288
