SPECID,CATAID,HB_CONT,HB_CONT_ERR,HB_GRAD,HB_GRAD_ERR,HB_REDCHI_EMB,HB_REDCHI_EMABS,HB_FITFAIL,HB_NPEG,HB_MODSEL_EM_LINE,HB_MODSEL_EMB_EM,HB_MODSEL_NABS_N,HB_BF,HB_DELBIC,HB_DELAIC,HB_CEN,AMP_HB,AMP_HB_ERR,POS_HB,POS_HB_ERR,SIG_HB,SIG_HB_ERR,HB_FLUX,HB_FLUX_ERR,HB_EW,HB_EW_ERR,AMP_HB_ABS,AMP_HB_ABS_ERR,POS_HB_ABS,POS_HB_ABS_ERR,SIG_HB_ABS,SIG_HB_ABS_ERR,HB_ABS_FLUX,HB_ABS_FLUX_ERR,HB_ABS_EW,HB_ABS_EW_ERR,HB_ABS_NPEG,AMP_HB_B,AMP_HB_B_ERR,POS_HB_B,POS_HB_B_ERR,SIG_HB_B,SIG_HB_B_ERR,HB_B_FLUX,HB_B_FLUX_ERR,HB_B_EW,HB_B_EW_ERR,HB_B_NPEG,AMP_OIIIB,AMP_OIIIB_ERR,POS_OIIIB,POS_OIIIB_ERR,SIG_OIIIB,SIG_OIIIB_ERR,OIIIB_FLUX,OIIIB_FLUX_ERR,OIIIB_EW,OIIIB_EW_ERR,AMP_OIIIR,AMP_OIIIR_ERR,POS_OIIIR,POS_OIIIR_ERR,SIG_OIIIR,SIG_OIIIR_ERR,OIIIR_FLUX,OIIIR_FLUX_ERR,OIIIR_EW,OIIIR_EW_ERR,OIIIR_NPEG,OIIIB_NPEG,HA_CONT,HA_CONT_ERR,HA_GRAD,HA_GRAD_ERR,HA_REDCHI_EMB,HA_REDCHI_EMABS,HA_FITFAIL,HA_NPEG,HA_MODSEL_EM_LINE,HA_MODSEL_EMB_EM,HA_MODSEL_NABS_N,HA_BF,HA_DELBIC,HA_DELAIC,HA_CEN,AMP_HA,AMP_HA_ERR,POS_HA,POS_HA_ERR,SIG_HA,SIG_HA_ERR,HA_FLUX,HA_FLUX_ERR,HA_EW,HA_EW_ERR,AMP_HA_ABS,AMP_HA_ABS_ERR,POS_HA_ABS,POS_HA_ABS_ERR,SIG_HA_ABS,SIG_HA_ABS_ERR,HA_ABS_FLUX,HA_ABS_FLUX_ERR,HA_ABS_EW,HA_ABS_EW_ERR,HA_ABS_NPEG,AMP_HA_B,AMP_HA_B_ERR,POS_HA_B,POS_HA_B_ERR,SIG_HA_B,SIG_HA_B_ERR,HA_B_FLUX,HA_B_FLUX_ERR,HA_B_EW,HA_B_EW_ERR,HA_B_NPEG,AMP_NIIB,AMP_NIIB_ERR,POS_NIIB,POS_NIIB_ERR,SIG_NIIB,SIG_NIIB_ERR,NIIB_FLUX,NIIB_FLUX_ERR,NIIB_EW,NIIB_EW_ERR,AMP_NIIR,AMP_NIIR_ERR,POS_NIIR,POS_NIIR_ERR,SIG_NIIR,SIG_NIIR_ERR,NIIR_FLUX,NIIR_FLUX_ERR,NIIR_EW,NIIR_EW_ERR,NIIB_NPEG,NIIR_NPEG,RA,DEC,Z,URL,URL_IMG,CATAID_1,DIST,IS_SBEST,IS_BEST,HB_rest,HA_rest
1031470589610584064,463453,18.489233,0.096835725,-0.00021289167,2.8688615e-05,0.9790536,1.631088,0.0,0,201,201,0,220.90883,226.99762,232.93195,5650.909921816167,6.4406857,1.2420574,-111.01471,0.42474356,2.1552784,0.44990358,34.79569,9.888581,1.6493491,0.46880773,-99999.0,-99999.0,-99999.0,-99999.0,-99999.0,-99999.0,-99999.0,-99999.0,-99999.0,-99999.0,0,4.878061,0.2830923,-112.921036,2.4696255,40.103405,2.747301,490.36377,44.02613,23.243204,2.0903776,0,25.109032,1.1955516,0.31079742,0.00023867034,1.9098786,0.040008627,120.20587,6.252971,5.7051773,0.29827723,73.69603,1.8325188,54.941437,0.042191118,1.9227806,0.040278904,355.19247,11.548635,16.868658,0.55554396,0,0,16.479242,0.15740296,1.4928979e-05,4.3978693e-05,1.3984905,5.9675612,0.0,0,201,201,0,866.1493,876.9292,880.701,7478.737917396927,23.286165,0.9936201,0.2731905,0.14193276,3.2299314,0.1491051,188.53032,11.851646,10.03933,0.6383493,-99999.0,-99999.0,-99999.0,-99999.0,-99999.0,-99999.0,-99999.0,-99999.0,-99999.0,-99999.0,0,11.317834,0.301404,-3.697599,1.0735512,50.51972,1.4670792,1433.2244,56.471775,76.32015,3.0942566,0,5.8822017,0.70332724,-16.024231,0.12453609,3.5388694,0.21129167,52.178837,6.973537,2.7785892,0.3722969,14.543423,0.78410566,24.293472,0.18880247,3.5464969,0.21174707,129.28738,10.400693,6.884465,0.55771995,0,0,213.16155,-1.34276,0.13955,http://www.gama-survey.org/dr3/data/spectra/sdss/spec-0916-52378-0532.fit,http://www.gama-survey.org/dr3/data/spectra/sdss/png/spec-0916-52378-0532.png,463453,0.02,True,True,4958.8959868510965,6562.887032071367
1034794413781444608,492762,129.32132,0.24548252,-2.5532812e-05,1.0454226e-05,3.6026523,13.589684,0.0,1,201,201,0,4999.89,5007.5664,5013.51,5421.166516362106,46.612312,2.6644673,-105.804405,0.42093098,8.935291,-0.0,1043.9971,59.677284,7.3842525,0.4223336,-99999.0,-99999.0,-99999.0,-99999.0,-99999.0,-99999.0,-99999.0,-99999.0,-99999.0,-99999.0,0,81.08341,1.6670389,-100.621445,0.36974016,28.946468,0.45359343,5883.253,152.08485,41.612637,1.0786024,0,24.750723,1.4846413,-1.4931797,0.0042551216,5.142958,0.14753848,319.07358,21.215445,2.2568727,0.15012233,71.88626,2.0331075,50.916397,0.1450967,5.169021,0.14828616,931.417,37.521873,6.588171,0.2656971,0,0,130.45782,0.30840248,-1.357027e-05,1.5580583e-05,1.5413079,18.211254,0.0,0,201,201,0,3222.8865,3240.1548,3243.9448,7174.682333178914,201.4203,6.147946,-0.6706157,0.18954165,7.1757445,0.18229313,3622.9316,143.87276,25.4025,1.0105621,-99999.0,-99999.0,-99999.0,-99999.0,-99999.0,-99999.0,-99999.0,-99999.0,-99999.0,-99999.0,0,188.14143,4.998499,3.3288248,0.21802892,31.89552,0.3822814,15041.947,438.41458,105.467964,3.0840778,0,72.143715,4.3353305,-18.805902,0.152509,6.159242,0.18312883,1113.8218,74.67741,7.8096437,0.5239315,178.0867,4.837283,19.872644,0.16115989,6.174844,0.1835927,2756.4329,111.00644,19.32701,0.7796728,0,0,218.31299,-1.35545,0.09326,http://www.gama-survey.org/dr3/data/spectra/sdss/spec-0919-52409-0336.fit,http://www.gama-survey.org/dr3/data/spectra/sdss/png/spec-0919-52409-0336.png,492762,0.03,True,True,4958.716605713286,6562.6496287972805
1034872204229109760,493251,34.4952,0.13399747,5.436148e-05,2.3090943e-05,1.3179333,1.4102334,0.0,0,201,201,0,23.47018,27.079935,33.023167,5644.06082778892,26.644093,1.6135012,-110.99498,0.18883179,2.975646,0.22010976,198.73398,18.998428,5.062639,0.4843742,-99999.0,-99999.0,-99999.0,-99999.0,-99999.0,-99999.0,-99999.0,-99999.0,-99999.0,-99999.0,0,4.256777,0.86507225,-117.03076,2.7353184,16.206886,2.8305073,172.93001,46.337955,4.4053392,1.1805693,0,32.780174,1.3169531,-0.8398764,0.0008980509,2.901408,0.056291364,238.40205,10.636228,6.0721073,0.27192995,101.51093,2.1642532,53.724545,0.057445806,2.917825,0.056609876,742.44104,21.402058,18.90837,0.5499904,0,0,38.198658,0.1389736,0.00010227543,3.0264026e-05,1.4530264,3.405288,0.0,0,201,201,1,358.6102,370.37546,374.16544,7469.673433993352,113.11783,2.3909092,0.8378372,0.07189116,3.7905443,0.09498751,1074.7875,35.23445,24.720715,0.8153875,-99999.0,-99999.0,-99999.0,-99999.0,-99999.0,-99999.0,-99999.0,-99999.0,-99999.0,-99999.0,0,39.814564,1.5905458,2.2430139,0.45010373,18.978285,0.38923484,1894.0388,85.05371,43.563793,1.9626856,0,30.421938,1.6902704,-16.17125,0.04179057,3.6812353,0.07244622,280.71808,16.546448,6.456968,0.38131928,103.43818,1.9480757,24.097588,0.062274218,3.6893253,0.07260543,956.5722,26.056507,22.000328,0.60459805,0,0,220.13042,-1.29692,0.13821,http://www.gama-survey.org/dr3/data/spectra/sdss/spec-0919-52409-0619.fit,http://www.gama-survey.org/dr3/data/spectra/sdss/png/spec-0919-52409-0619.png,493251,0.07,True,True,4958.716605713286,6562.6496287972805
317525791778826240,53744,45.067585,0.15192223,-0.00021661623,1.8208284e-05,1.4498295,5.4260488,0.0,0,201,201,0,1726.3191,1737.3945,1743.3378,5627.2259132021845,22.474886,1.6192997,-109.03079,0.2872899,3.760481,0.32077363,211.85117,23.654774,4.140225,0.46249762,-99999.0,-99999.0,-99999.0,-99999.0,-99999.0,-99999.0,-99999.0,-99999.0,-99999.0,-99999.0,0,26.428484,0.6177588,-106.2035,0.71592295,34.747116,0.8940492,2301.8708,80.01841,44.986263,1.5711569,0,58.716667,1.652754,2.0197837,0.0013189844,2.4601033,0.03517822,362.0801,11.431544,7.0799384,0.2247974,164.15663,2.8610172,56.42145,0.036845043,2.47481,0.035388518,1018.33386,22.957294,19.917213,0.4540081,0,0,36.947292,0.22188936,3.9517392e-05,2.9912957e-05,1.7914364,19.669172,0.0,0,201,201,0,30554.686,30560.951,30564.742,7447.393143598016,88.807945,2.1470814,0.9446094,0.16287127,6.011727,0.13610794,1338.2615,44.326565,31.918526,1.0744586,-99999.0,-99999.0,-99999.0,-99999.0,-99999.0,-99999.0,-99999.0,-99999.0,-99999.0,-99999.0,0,55.87772,2.2621343,2.8501344,0.41682166,41.7911,0.8522567,5853.4565,265.33734,139.60898,6.3837767,0,33.091724,1.9959586,-17.571823,0.32981244,10.426117,0.49431977,864.8323,66.349495,20.627296,1.5873572,23.83045,2.00346,22.5769,0.42375475,10.453599,0.49562275,624.4361,60.269806,14.892917,1.4402258,0,0,174.79024,-0.26907,0.13486,http://www.gama-survey.org/dr3/data/spectra/sdss/spec-0282-51658-0080.fit,http://www.gama-survey.org/dr3/data/spectra/sdss/png/spec-0282-51658-0080.png,53744,0.06,True,True,4958.519917172325,6562.389319914365
318699525491419136,30518,25.317469,0.14737384,-0.00011237083,2.7060392e-05,1.2369167,2.9156437,0.0,1,201,201,0,814.561,815.3079,821.3647,6064.670703495271,6.094204,0.9000418,-117.562996,1.4204774,9.99593,-0.0,152.69687,22.55152,4.92896,0.7285139,-99999.0,-99999.0,-99999.0,-99999.0,-99999.0,-99999.0,-99999.0,-99999.0,-99999.0,-99999.0,0,12.386829,0.50637746,-111.77481,1.5505564,47.558193,2.1484272,1476.6427,89.965645,47.666332,2.9173272,0,3.383309,0.44843647,-2.5211885,0.05649761,16.312588,0.0,138.34213,18.336386,4.467878,0.59276015,6.607587,0.3933483,56.10952,1.2573649,16.391748,-0.0,271.49268,16.161903,8.770371,0.52459,1,1,24.14619,0.19046748,0.00016893675,4.0026305e-05,1.2687134,7.4352074,0.0,0,201,201,0,1185.615,1191.9818,1195.7719,8026.33263921843,16.325447,1.8602293,-0.9159784,0.8374168,8.081858,0.93969476,330.7244,53.841114,11.199339,1.8253638,-99999.0,-99999.0,-99999.0,-99999.0,-99999.0,-99999.0,-99999.0,-99999.0,-99999.0,-99999.0,0,36.50926,1.3115054,1.2547443,0.59168446,42.486797,0.9722226,3888.185,165.60464,131.66383,5.7031555,0,4.2085376,1.4857225,-21.866375,0.6911591,6.2495093,0.7680577,65.92757,24.644161,2.2328362,0.8348349,16.054344,1.4721421,21.4034,0.6765253,6.2651176,0.76997596,252.12257,38.65998,8.536308,1.3106711,0,0,175.70065,-1.18236,0.22295,http://www.gama-survey.org/dr3/data/spectra/sdss/spec-0283-51959-0254.fit,http://www.gama-survey.org/dr3/data/spectra/sdss/png/spec-0283-51959-0254.png,30518,0.06,True,True,4959.050413749761,6563.0914094758
319914760449583104,7618,12.377717,0.05832657,-0.0002109685,1.6219257e-05,1.3582518,1.9760586,0.0,0,201,201,0,237.55315,247.53209,253.58023,6093.143475682382,13.610806,0.9096056,-120.05251,0.17319612,2.3795552,0.19217008,81.18384,8.510061,5.326956,0.5589582,-99999.0,-99999.0,-99999.0,-99999.0,-99999.0,-99999.0,-99999.0,-99999.0,-99999.0,-99999.0,0,3.9731128,0.2706195,-114.04392,1.9739823,30.47479,1.9860593,303.50198,28.61067,19.916613,1.8798462,0,6.623147,0.40968946,-1.840332,0.0044107856,4.982605,0.14240693,82.720055,5.6366167,5.4386916,0.37148225,19.54692,0.6063816,57.065636,0.13677113,5.008279,0.1431407,245.38995,10.3507395,16.150154,0.68547314,0,0,10.542344,0.08093967,0.0001509596,5.25618e-05,1.6228863,5.060211,0.0,0,201,201,0,647.8629,659.7938,663.5838,8064.015137066621,42.95454,1.3936006,-0.09352721,0.07959253,2.7636964,0.08482337,297.57016,13.289721,22.971565,1.0409776,-99999.0,-99999.0,-99999.0,-99999.0,-99999.0,-99999.0,-99999.0,-99999.0,-99999.0,-99999.0,0,15.737657,0.40399384,3.1364007,0.57923865,27.010128,0.5582137,1065.5078,35.114803,82.25036,2.7832162,0,6.943185,0.7688371,-18.156195,0.076138735,2.8134623,0.11349866,48.96545,5.7706842,3.7809708,0.44654077,26.13302,0.95445585,25.316725,0.10616671,2.818244,0.11369156,184.61124,10.046222,14.246277,0.7829318,0,0,178.61823,0.6877,0.22866,http://www.gama-survey.org/dr3/data/spectra/sdss/spec-0284-51943-0579.fit,http://www.gama-survey.org/dr3/data/spectra/sdss/png/spec-0284-51943-0579.png,7618,0.1,True,True,4959.177865058178,6563.260085838735
320958471644145664,692601,48.612915,0.08149813,-0.0002645514,7.951007e-06,9.9056,38.614193,0.0,0,201,201,0,12326.916,12345.912,12351.96,6247.124017421664,32.389153,1.2980665,-120.95929,0.13019714,3.0800297,0.13556752,250.0601,14.885409,4.0804315,0.24299335,-99999.0,-99999.0,-99999.0,-99999.0,-99999.0,-99999.0,-99999.0,-99999.0,-99999.0,-99999.0,0,38.47029,0.32427096,-125.359695,0.32312608,42.920147,0.37726837,4138.821,50.404377,67.534836,0.83021593,0,107.94804,1.1478326,1.8065405,0.0005674585,3.5843782,0.017780503,969.8811,11.379973,15.836902,0.18770742,307.44153,2.5282702,62.201126,0.019538205,3.6040685,0.017878179,2777.4453,26.674232,45.366993,0.44229198,0,0,43.21821,0.18219,-1.387182e-05,1.5573492e-05,1.7046248,103.02705,0.0,0,201,201,0,65047.14,65060.387,65064.176,8267.801807174568,104.40013,2.3800533,2.7684333,0.1028183,4.732475,0.10924053,1238.4523,40.179237,22.746365,0.7441665,-99999.0,-99999.0,-99999.0,-99999.0,-99999.0,-99999.0,-99999.0,-99999.0,-99999.0,-99999.0,0,105.47062,0.82519203,-6.5731025,0.23544767,51.964375,0.29674968,13738.114,133.07181,252.32399,2.665525,0,22.353725,1.5798165,-16.942171,0.1474957,5.236344,0.27422705,293.40533,25.808594,5.3888736,0.47456148,33.40941,1.6286215,27.629354,0.24053653,5.248885,0.27488384,439.56772,31.449587,8.073503,0.57863367,0,0,179.49471,-0.37244,0.25969,http://www.gama-survey.org/dr3/data/spectra/sdss/spec-0285-51930-0280.fit,http://www.gama-survey.org/dr3/data/spectra/sdss/png/spec-0285-51930-0280.png,692601,0.04,True,True,4959.255068645193,6563.362261488595
320971116027865088,22727,28.326956,0.0895348,-0.000245714,1.6282307e-05,1.4424404,1.9486188,0.0,0,201,201,0,286.4704,291.29446,297.3426,5935.781984212118,16.21881,2.0808418,-114.33537,0.5258647,7.20549,0.8550138,292.93576,51.193348,8.630646,1.5085348,-99999.0,-99999.0,-99999.0,-99999.0,-99999.0,-99999.0,-99999.0,-99999.0,-99999.0,-99999.0,0,18.619783,2.0884712,-115.6307,0.72703373,20.181038,1.1676825,941.907,118.876755,27.750706,3.503474,0,6.128294,0.5722837,-3.7414663,0.01870266,8.48412,0.26741472,130.32758,12.84505,3.8434713,0.37900618,20.281193,0.5863764,53.643196,0.26814902,8.52595,0.26873317,433.43723,18.538742,12.788798,0.5484886,0,0,24.795073,0.116296016,3.296373e-06,3.0493613e-05,1.8256913,3.0567148,0.0,0,201,201,0,359.04938,373.6104,377.4004,7855.753924398315,64.600555,1.621398,4.655193,0.19137852,10.183089,0.27873018,1648.9434,61.237106,55.55733,2.0796325,-99999.0,-99999.0,-99999.0,-99999.0,-99999.0,-99999.0,-99999.0,-99999.0,-99999.0,-99999.0,0,26.147432,1.2507025,-0.81315047,0.611836,30.557224,0.77291983,2002.7783,108.36795,67.47903,3.6649015,0,10.581725,1.595345,-14.3406315,0.10457085,3.7140324,0.24198295,98.51267,16.179739,3.3191648,0.5453625,24.918142,1.2808946,28.009554,0.20424365,3.7220337,0.24250427,232.48015,19.293592,7.832856,0.6510883,0,0,178.88958,1.12515,0.19691,http://www.gama-survey.org/dr3/data/spectra/sdss/spec-0285-51930-0326.fit,http://www.gama-survey.org/dr3/data/spectra/sdss/png/spec-0285-51930-0326.png,22727,0.09,True,True,4959.255068645193,6563.362261488596
321040660138321920,23104,98.69025,0.31103796,-6.689847e-05,1.7554083e-05,1.7611713,3.3952038,0.0,3,201,201,0,782.0483,778.2811,784.3378,5345.829001246087,0.0,-0.0,-105.12119,-0.0,1.8106875,-0.0,0.0,-0.0,0.0,-0.0,-99999.0,-99999.0,-99999.0,-99999.0,-99999.0,-99999.0,-99999.0,-99999.0,-99999.0,-99999.0,0,18.792048,0.5685781,-104.43955,1.7928729,56.27123,2.420459,2650.6382,139.39589,24.91206,1.3124645,0,58.860893,2.081874,0.020308329,1.7966684e-05,2.693034,0.043299954,397.33664,15.437498,3.7346385,0.14557642,169.87973,3.116605,51.701553,0.04574012,2.708365,0.043546453,1153.2904,28.133955,10.840363,0.26664338,0,0,104.72156,0.43430817,-7.686486e-05,1.7333332e-05,1.6052508,25.434134,0.0,0,201,201,0,4627.992,4638.5044,4642.2944,7074.976349771632,25.500153,1.9850789,2.2326922,0.49744704,6.1684847,0.57295597,394.28586,47.78425,3.4925287,0.42351392,-99999.0,-99999.0,-99999.0,-99999.0,-99999.0,-99999.0,-99999.0,-99999.0,-99999.0,-99999.0,0,65.218254,0.8867848,-9.237804,0.5880887,53.802517,0.8082179,8795.523,178.21346,77.90885,1.6113043,0,14.124207,1.8931609,-15.931151,0.14807269,4.8363957,0.2351568,171.22841,24.41428,1.5166969,0.21634685,52.89505,2.0283477,22.209883,0.20643058,4.8481865,0.2357301,642.81244,39.805588,5.6940255,0.35338742,0,0,180.37656,1.19407,0.07795,http://www.gama-survey.org/dr3/data/spectra/sdss/spec-0285-51930-0579.fit,http://www.gama-survey.org/dr3/data/spectra/sdss/png/spec-0285-51930-0579.png,23104,0.16,True,True,4959.255068645194,6563.362261488596
323178112302999552,561225,9.467571,0.060829844,-7.8588244e-05,3.36813e-05,1.569027,2.1041684,0.0,0,201,201,0,271.91946,276.52975,282.5779,6214.887584671353,3.4391603,0.7171048,-121.89725,0.5386204,2.355447,0.5738558,20.305595,6.5114913,1.709558,0.5483224,-99999.0,-99999.0,-99999.0,-99999.0,-99999.0,-99999.0,-99999.0,-99999.0,-99999.0,-99999.0,0,4.1094875,0.19694623,-120.77107,1.7878857,39.257244,2.1950865,404.3872,29.780369,34.046276,2.5168245,0,6.2887607,0.46996891,0.46869686,0.00077616493,3.2307918,0.09796505,50.92886,4.107358,4.2921314,0.34725255,19.65812,0.6002645,60.551632,0.100273885,3.2490127,0.09851755,160.09706,6.889458,13.499231,0.58736545,0,0,9.504539,0.09259135,9.824622e-05,5.900751e-05,1.4776113,2.775673,0.0,0,201,201,0,231.41878,241.35394,245.12572,8225.138265326095,10.072477,0.8362762,1.7741053,0.271106,3.178878,0.31529135,80.26018,10.3814,6.7376285,0.87395906,-99999.0,-99999.0,-99999.0,-99999.0,-99999.0,-99999.0,-99999.0,-99999.0,-99999.0,-99999.0,0,13.71897,0.38731447,0.8387301,0.71724665,32.77706,0.7947899,1127.1494,41.94799,94.62211,3.6401014,0,3.4177556,0.7080899,-16.995678,0.16923082,3.1368382,0.3097221,26.873428,6.1675816,2.2563906,0.5183191,8.886558,0.7297586,27.345852,0.27229047,3.1426804,0.31029895,70.004135,8.990176,5.8751082,0.7566691,0,0,183.42051,-0.58025,0.25336,http://www.gama-survey.org/dr3/data/spectra/sdss/spec-0287-52023-0163.fit,http://www.gama-survey.org/dr3/data/spectra/sdss/png/spec-0287-52023-0163.png,561225,0.01,True,True,4958.581400931378,6562.4706910433515
323243533244852224,751044,10.446485,0.048277672,-0.00017546174,2.0027925e-05,1.8174736,7.6201596,0.0,0,201,201,0,2183.6584,2192.6204,2198.6687,6413.032497452571,4.3197894,0.6766846,-125.338646,0.3301715,2.10266,0.33441496,22.767824,5.082551,1.6817204,0.3754974,-99999.0,-99999.0,-99999.0,-99999.0,-99999.0,-99999.0,-99999.0,-99999.0,-99999.0,-99999.0,0,6.227825,0.12330617,-117.71726,-0.0,55.699673,1.3596759,869.5188,27.329723,64.23426,2.0406115,1,7.5352135,0.31440297,0.18067361,0.00020859962,3.7032475,0.0702147,69.94686,3.2056935,5.177441,0.23848759,23.968634,0.4561478,62.179195,0.07178999,3.7235591,0.07059982,223.71312,6.0098243,16.576426,0.45186794,0,0,9.506702,0.17344601,0.00013325269,6.209358e-05,1.6213193,9.784187,0.0,0,201,201,200,1653.0065,1660.5272,1664.3173,8487.374594140187,12.516869,0.7203735,0.825598,0.3124501,4.8633876,0.31530488,152.58945,13.228274,12.410959,1.0994983,-99999.0,-99999.0,-99999.0,-99999.0,-99999.0,-99999.0,-99999.0,-99999.0,-99999.0,-99999.0,0,17.337278,0.33680525,1.8796818,0.78686285,57.638447,1.2232409,2504.8582,72.068375,203.73122,6.9407616,0,4.5411735,0.6469884,-16.684767,0.3244119,4.597314,0.6615301,52.331375,10.596802,4.2574506,0.86560315,4.3109174,0.57261336,29.07047,0.56523454,4.6078134,0.6630409,49.791416,9.750629,4.048214,0.79619044,0,0,182.92743,1.06032,0.29332,http://www.gama-survey.org/dr3/data/spectra/sdss/spec-0287-52023-0401.fit,http://www.gama-survey.org/dr3/data/spectra/sdss/png/spec-0287-52023-0401.png,751044,0.03,True,True,4958.581400931379,6562.470691043351
323304006384379904,586321,84.528915,0.15033028,-5.4558543e-05,1.2215169e-05,5.1956797,5.973963,0.0,0,201,201,0,402.65616,414.445,420.49316,5208.890590050395,163.82051,3.6571903,-102.225784,0.037125338,1.7121817,0.042198848,703.0853,23.380259,7.9178653,0.26367533,-99999.0,-99999.0,-99999.0,-99999.0,-99999.0,-99999.0,-99999.0,-99999.0,-99999.0,-99999.0,0,23.524473,1.5483747,-102.30128,0.4599815,10.428834,0.57661855,614.9582,52.86248,6.9254117,0.5954434,0,137.8357,2.1960146,-0.18419874,6.888774e-05,2.3985605,0.017526109,828.7094,14.52545,9.333208,0.16443048,419.2028,4.252183,50.17318,0.018764064,2.4126258,0.017628884,2535.1523,31.692627,28.552677,0.36053893,0,0,83.06835,0.14908892,8.130597e-05,1.5596806e-05,2.929544,30.384232,0.0,0,201,201,1,5326.7114,5345.85,5349.64,6893.74421152722,594.23126,6.589348,0.5043608,0.020890545,2.2591047,0.02087408,3364.9746,48.570007,38.563812,0.56091624,-99999.0,-99999.0,-99999.0,-99999.0,-99999.0,-99999.0,-99999.0,-99999.0,-99999.0,-99999.0,0,121.7128,1.3558329,3.1494718,0.16654725,17.142641,0.13783367,5230.0264,71.851295,59.93782,0.83043647,0,112.66429,2.7287374,-15.039096,0.015163269,2.4336188,0.022356369,687.2722,17.802914,7.8765054,0.20452003,411.56348,4.636972,22.124922,0.022307599,2.4378116,0.022394884,2514.9355,36.560135,28.821453,0.42216435,0,0,184.6113,-0.13056,0.05048,http://www.gama-survey.org/dr3/data/spectra/sdss/spec-0287-52023-0621.fit,http://www.gama-survey.org/dr3/data/spectra/sdss/png/spec-0287-52023-0621.png,586321,0.16,True,True,4958.581400931379,6562.470691043351
324318855230941184,537289,20.289557,0.102128714,-0.00014464413,2.6785337e-05,1.2117143,1.9547498,0.0,0,201,201,0,262.09256,269.9533,276.00146,6235.165696781846,12.262585,1.1789907,-120.845116,0.36761114,3.5701494,0.41008264,109.73833,16.437958,4.2977686,0.6441358,-99999.0,-99999.0,-99999.0,-99999.0,-99999.0,-99999.0,-99999.0,-99999.0,-99999.0,-99999.0,0,9.789915,0.5020152,-121.85428,1.2636786,30.077848,1.5679035,738.1007,53.971584,28.90661,2.118715,0,20.64794,1.0135435,1.2269757,0.0019030717,3.6008897,0.07917911,186.3702,10.024274,7.305315,0.3946471,61.727688,1.5395544,61.505955,0.09539736,3.6206393,0.07961338,560.21564,18.627169,21.9687,0.7387914,0,0,19.561096,0.16646579,0.00016731328,5.155854e-05,1.3386958,2.9888763,0.0,0,201,201,0,301.8667,313.181,316.97098,8251.975480576773,44.419945,1.830434,2.1418722,0.16626671,4.389986,0.21139728,488.79987,30.979677,19.872894,1.2708284,-99999.0,-99999.0,-99999.0,-99999.0,-99999.0,-99999.0,-99999.0,-99999.0,-99999.0,-99999.0,0,27.490503,1.2386352,0.33607945,0.76426303,31.647163,0.8734291,2180.7578,115.22621,88.66336,4.7451406,0,15.253249,1.4944386,-15.688613,0.13578717,4.236752,0.3198138,161.98892,20.03509,6.5869083,0.8166077,24.74825,1.7702633,28.797596,0.2492473,4.2462296,0.32052922,263.41342,27.393398,10.707028,1.1171864,0,0,184.66239,-1.0262,0.2574,http://www.gama-survey.org/dr3/data/spectra/sdss/spec-0288-52000-0217.fit,http://www.gama-survey.org/dr3/data/spectra/sdss/png/spec-0288-52000-0217.png,537289,0.04,True,True,4958.7765999537505,6562.729028612035
340163637186422784,617634,34.5861,0.15661709,-6.1866826e-06,2.5674644e-05,1.9355563,2.0427647,0.0,0,201,201,0,21.8137,27.046461,32.980785,5632.043289388222,7.6728697,1.2749568,-110.08531,0.7769042,4.3818355,0.8878926,84.275986,22.084425,2.1453934,0.56228185,-99999.0,-99999.0,-99999.0,-99999.0,-99999.0,-99999.0,-99999.0,-99999.0,-99999.0,-99999.0,0,4.529754,0.65658087,-118.11511,-0.0,28.730556,4.2606816,326.2185,67.64794,8.304454,1.7225055,1,38.513775,1.2813776,2.8815126,0.0034419433,3.7357059,0.06520756,360.64398,13.549944,9.181012,0.347441,103.57667,2.0479746,57.329758,0.068479925,3.7555964,0.06555476,975.0587,25.717133,24.822578,0.66427475,0,0,39.520126,0.19470295,0.00014866443,2.9776498e-05,1.7926136,6.068843,0.0,0,201,201,0,862.8342,873.3984,877.1884,7453.768735218365,34.62643,1.3810753,3.0718727,0.20779783,5.2440267,0.2219583,455.1584,26.470884,10.140339,0.5918492,-99999.0,-99999.0,-99999.0,-99999.0,-99999.0,-99999.0,-99999.0,-99999.0,-99999.0,-99999.0,0,27.318403,0.73126143,-9.945238,-0.0,36.660133,0.8199468,2510.379,87.56784,55.930725,1.970358,1,7.79823,1.3471316,-13.819362,0.14722975,4.564525,0.28749305,89.223976,16.405815,1.9879209,0.36565474,21.765078,1.2400796,26.363737,0.28087595,4.5753613,0.28817555,249.61778,21.200233,5.560673,0.47306612,0,0,212.51527,0.21395,0.13582,http://www.gama-survey.org/dr3/data/spectra/sdss/spec-0302-51688-0516.fit,http://www.gama-survey.org/dr3/data/spectra/sdss/png/spec-0302-51688-0516.png,617634,0.02,True,True,4958.570274681042,6562.4559659262595
345696929033775104,594304,67.29889,0.25889406,1.5020686e-05,2.0061561e-05,1.4526541,5.7731633,0.0,2,201,201,0,1906.6854,1910.9229,1916.8572,5474.435777620177,11.136415,1.596042,-111.22945,-0.0,9.023091,-0.0,251.87825,36.098537,3.390263,0.48605874,-99999.0,-99999.0,-99999.0,-99999.0,-99999.0,-99999.0,-99999.0,-99999.0,-99999.0,-99999.0,0,31.93759,0.8476811,-104.46973,0.9369424,44.579296,1.2492015,3568.8254,137.74464,48.03606,1.8632176,0,30.499493,1.967868,1.6847494,0.0027245474,2.8026,0.08694749,214.26126,15.339495,2.8838685,0.20676114,85.56813,2.7318926,54.60931,0.08831323,2.8184772,0.08744007,604.52814,26.911913,8.136604,0.3635689,0,0,70.79868,0.28283873,9.385576e-05,2.418182e-05,1.6449745,18.85888,0.0,0,201,201,0,3368.3423,3381.0833,3384.8733,7245.181925194071,43.33568,4.186188,1.0047804,0.284185,2.7204297,0.30620524,295.51056,43.831917,3.7808297,0.560999,-99999.0,-99999.0,-99999.0,-99999.0,-99999.0,-99999.0,-99999.0,-99999.0,-99999.0,-99999.0,0,121.16689,1.324805,1.0497712,0.26735532,35.62682,0.30108285,10820.591,149.5302,138.4411,1.9914632,0,14.368218,3.0140042,-14.641389,0.14267778,2.6622488,0.26794335,95.88297,22.308504,1.2267742,0.2854681,40.1871,3.3265886,24.417221,0.23794156,2.6670353,0.2684251,268.66144,35.010242,3.4372094,0.44812557,0,0,219.69809,-0.13484,0.10398,http://www.gama-survey.org/dr3/data/spectra/sdss/spec-0307-51663-0166.fit,http://www.gama-survey.org/dr3/data/spectra/sdss/png/spec-0307-51663-0166.png,594304,0.07,True,True,4958.817893096049,6562.7836783221355
345714521219819520,64474,28.740292,0.14740537,-4.9433595e-05,2.624802e-05,1.4666511,1.8083377,0.0,0,201,201,0,152.64133,154.19089,160.12521,5642.490116017201,1.9873102,1.3895153,-110.96126,1.7944483,2.2316222,1.8808831,11.116711,12.173881,0.3398683,0.37219298,-99999.0,-99999.0,-99999.0,-99999.0,-99999.0,-99999.0,-99999.0,-99999.0,-99999.0,-99999.0,0,5.35399,0.3700965,-118.334206,-0.0,42.033466,3.8471591,564.10864,64.701416,17.246128,1.9800514,1,22.708445,0.8715796,1.5566767,0.0026858042,5.081036,0.09422594,289.22086,12.328503,8.843986,0.37970814,67.94727,1.3415154,56.105915,0.09680205,5.1069226,0.094706,869.80365,23.560415,26.599924,0.7333196,0,0,32.54367,0.17948739,0.00014048892,3.2223386e-05,1.4048195,6.8433833,0.0,0,201,201,201,1198.8441,1211.0792,1214.8691,7467.594664052409,24.6335,1.4490469,2.235414,0.3147873,5.2056456,0.33870175,321.43314,28.194021,8.680172,0.76287174,-99999.0,-99999.0,-99999.0,-99999.0,-99999.0,-99999.0,-99999.0,-99999.0,-99999.0,-99999.0,0,36.855442,0.9075529,-9.963685,-0.0,36.24531,0.6490831,3348.4468,101.953064,90.428215,2.7981558,1,9.981045,1.3390557,-16.79012,0.13252893,6.2458425,0.19877936,156.26329,21.546072,4.220174,0.58235615,44.13565,1.1475128,23.46751,0.18523538,6.2616086,0.19928113,692.73224,28.468422,18.70524,0.7755983,0,0,219.36586,-0.39543,0.13787,http://www.gama-survey.org/dr3/data/spectra/sdss/spec-0307-51663-0230.fit,http://www.gama-survey.org/dr3/data/spectra/sdss/png/spec-0307-51663-0230.png,64474,0.02,True,True,4958.817893096049,6562.783678322136
346920960336619520,107713,10.459938,0.040244516,-0.00016283085,1.8217048e-05,1.5077317,3.0076485,0.0,1,201,201,0,727.9086,731.67285,737.72955,6428.545087954553,2.898876,1.5270036,-126.29443,0.64560413,1.003665,-0.0,7.293036,3.8416586,0.5367756,0.2827579,-99999.0,-99999.0,-99999.0,-99999.0,-99999.0,-99999.0,-99999.0,-99999.0,-99999.0,-99999.0,0,4.3441987,0.13196297,-118.002014,-0.0,39.116158,1.3955646,425.94724,19.95885,31.354235,1.4741235,1,4.8902273,0.27434516,-1.1123388,0.0023839744,4.5529137,0.13304782,55.809532,3.5302546,4.1156487,0.26081815,13.218508,0.3714093,61.036148,0.13081323,4.5768743,0.13374801,151.64963,6.1477747,11.194163,0.45584857,0,0,9.338715,0.10516053,0.00012621925,6.155925e-05,1.0361865,3.0178907,0.0,0,201,201,0,367.63333,375.9478,379.7378,8507.904845089037,6.306201,0.94793206,-0.58177,0.5875394,4.0136914,0.6331561,63.44563,13.8247595,5.240643,1.1434563,-99999.0,-99999.0,-99999.0,-99999.0,-99999.0,-99999.0,-99999.0,-99999.0,-99999.0,-99999.0,0,13.925294,0.44534734,4.876423,0.7769872,39.39647,0.94701546,1375.1549,55.01694,113.580154,4.7206364,0,4.3294973,0.6855399,-17.972696,0.26975986,4.187759,0.48545122,45.447403,8.918569,3.7548623,0.7380646,6.5435185,0.7101114,27.89322,0.41866124,4.196957,0.4865175,68.839195,10.931065,5.6839666,0.9048299,0,0,221.94595,0.92169,0.29638,http://www.gama-survey.org/dr3/data/spectra/sdss/spec-0308-51662-0523.fit,http://www.gama-survey.org/dr3/data/spectra/sdss/png/spec-0308-51662-0523.png,107713,0.03,True,True,4958.843153978427,6562.817110021009
346927282528479232,619960,72.41559,0.15761912,-7.224508e-05,1.3702923e-05,2.5577142,3.798077,0.0,0,201,201,0,442.5568,456.47232,462.50323,5357.782085715991,71.46447,2.2203279,-105.406906,0.14236647,5.1733103,0.1867118,926.7202,44.132393,11.843092,0.564582,-99999.0,-99999.0,-99999.0,-99999.0,-99999.0,-99999.0,-99999.0,-99999.0,-99999.0,-99999.0,0,29.799406,1.6581578,-104.19426,0.5484517,20.508274,0.78524184,1531.8867,103.471016,19.576887,1.3230036,0,97.1558,2.3219483,1.3101586,0.00059640495,2.0563915,0.022437718,500.80014,13.157111,6.400695,0.16873632,301.61972,4.4537663,53.106956,0.024175128,2.069391,0.022579558,1564.5599,28.725513,19.997576,0.36972928,0,0,68.16478,0.17474262,5.0094517e-05,1.9994986e-05,2.9722114,10.113316,0.0,0,201,201,200,1421.3234,1441.2836,1445.0736,7090.795746522199,237.26788,3.5044727,0.18727475,0.08318298,6.683551,0.10667897,3974.991,86.44331,53.972218,1.1818496,-99999.0,-99999.0,-99999.0,-99999.0,-99999.0,-99999.0,-99999.0,-99999.0,-99999.0,-99999.0,0,81.74376,2.517931,2.41995,0.24632025,24.666128,0.37126037,5054.12,173.27257,68.62446,2.3592498,0,42.899868,3.033144,-13.917022,0.04264086,2.6433542,0.08457642,284.2505,22.059437,3.859578,0.29968834,95.12034,2.856941,24.309292,0.074482106,2.6481743,0.08473065,631.4077,27.708931,8.573069,0.37686506,0,0,222.38627,0.37676,0.08045,http://www.gama-survey.org/dr3/data/spectra/sdss/spec-0308-51662-0546.fit,http://www.gama-survey.org/dr3/data/spectra/sdss/png/spec-0308-51662-0546.png,619960,0.02,True,True,4958.843153978427,6562.817110021009
372819143939876864,185507,104.446625,0.22376332,-8.162931e-05,1.25266e-05,4.3498063,4.50219,0.0,0,201,201,0,53.700684,59.389862,65.32419,5704.517109575027,49.15323,3.483539,-108.82772,0.23861398,3.2732887,0.30261755,403.29822,46.98003,3.3562577,0.39103508,-99999.0,-99999.0,-99999.0,-99999.0,-99999.0,-99999.0,-99999.0,-99999.0,-99999.0,-99999.0,0,34.9276,3.0897965,-116.8694,0.83177537,14.628923,0.7061572,1280.7697,129.07085,10.65853,1.0743667,0,49.681786,2.206898,1.3582479,0.0022214516,3.485023,0.09155439,434.00305,22.397884,3.612095,0.18657236,106.27988,3.0559769,56.50714,0.092418976,3.5038917,0.09205008,933.4513,36.356113,7.769209,0.30305302,0,0,85.34304,0.24137634,-0.00027327024,2.1389404e-05,2.5159378,7.881663,0.0,1,201,201,0,1190.9059,1199.4053,1203.1771,7549.684740702215,243.37378,5.129554,5.0366073,-0.0,3.9196281,0.09120062,2391.1597,75.069405,24.356104,0.767746,-99999.0,-99999.0,-99999.0,-99999.0,-99999.0,-99999.0,-99999.0,-99999.0,-99999.0,-99999.0,0,111.228455,2.6182642,0.5813559,0.29656655,21.589445,0.2972905,6019.3184,164.15497,61.31128,1.6810095,0,17.628944,3.6321018,-12.573399,0.0413698,2.8176737,0.10196352,124.510765,26.045712,1.2681823,0.2653082,116.626915,3.7963824,28.126778,0.092544526,2.8228173,0.10214966,825.2233,40.166504,8.4062605,0.40985242,0,0,180.61151,-1.48757,0.1504,http://www.gama-survey.org/dr3/data/spectra/sdss/spec-0331-52368-0532.fit,http://www.gama-survey.org/dr3/data/spectra/sdss/png/spec-0331-52368-0532.png,185507,0.06,True,True,4958.7248866264135,6562.6605882321055
372842508561967104,144673,62.97386,0.20034723,4.4316264e-05,1.9083926e-05,2.0842102,5.926351,0.0,0,201,201,0,1680.2914,1694.0848,1700.0192,5372.23295492219,37.163765,2.7903352,-105.118996,0.2287726,2.877856,0.25107667,268.08884,30.858065,3.9298403,0.45251268,-99999.0,-99999.0,-99999.0,-99999.0,-99999.0,-99999.0,-99999.0,-99999.0,-99999.0,-99999.0,0,46.53509,1.028272,-103.48724,0.458594,25.842083,0.53906775,3014.3804,91.599815,44.18692,1.3500756,0,122.04611,2.5825825,-0.099725686,5.4878386e-05,2.6433773,0.025668567,808.6732,18.827848,11.853242,0.2785364,361.7219,5.0609927,51.83678,0.028525438,2.6585364,0.02581577,2410.5012,41.053123,35.33097,0.6121281,0,0,70.29574,0.23311588,0.00018300726,2.3903654e-05,1.2435876,12.501485,0.0,0,201,201,0,2168.914,2184.8054,2188.5955,7109.920854684781,97.430695,4.408227,1.2462975,0.16205038,3.7129934,0.20304869,906.79663,64.36112,11.9070425,0.8460405,-99999.0,-99999.0,-99999.0,-99999.0,-99999.0,-99999.0,-99999.0,-99999.0,-99999.0,-99999.0,0,170.64098,2.5074108,0.9975789,0.17855953,27.935642,0.21718706,11949.01,198.64107,156.90118,2.6597254,0,21.872051,3.4948742,-16.155079,0.11665299,3.247735,0.18873568,178.0574,30.274511,2.3381572,0.39762476,77.347,3.762211,22.17434,0.160117,3.254606,0.18913497,631.0036,47.819244,8.285184,0.6284756,0,0,181.09228,-1.3676,0.08339,http://www.gama-survey.org/dr3/data/spectra/sdss/spec-0331-52368-0617.fit,http://www.gama-survey.org/dr3/data/spectra/sdss/png/spec-0331-52368-0617.png,144673,0.17,True,True,4958.7248866264135,6562.6605882321055
4304504827582873600,217012,3.9317408,0.041004684,0.00096165866,5.62473e-05,9.211693,9.290804,0.0,3,200,110,0,10.095715,7.3847632,13.319086,5860.887001296484,0.0,-0.0,-113.72063,-0.0,0.91503865,-0.0,0.0,-0.0,0.0,-0.0,-99999.0,-99999.0,-99999.0,-99999.0,-99999.0,-99999.0,-99999.0,-99999.0,-99999.0,-99999.0,0,0.56938344,0.08881738,-107.582115,-0.0,38.773823,7.843512,55.339268,14.136258,12.230527,3.1270585,1,-0.82052916,0.12519872,-3.947712,0.0,15.764457,0.0,-32.42373,4.9473066,-6.984149,1.068153,-0.7218439,0.14307776,52.7129,-0.0,15.840957,-0.0,-28.662537,5.6812444,-6.089506,1.208646,2,2,2.6907284,0.0827171,-0.0020469176,7.7432065e-05,33.3741,49.305298,0.0,0,201,201,0,3145.8342,3157.627,3161.417,7756.633613456617,36.705032,0.35250908,4.6972895,0.17757216,9.672538,0.15888979,889.9303,16.93387,280.83853,10.179942,-99999.0,-99999.0,-99999.0,-99999.0,-99999.0,-99999.0,-99999.0,-99999.0,-99999.0,-99999.0,0,7.577098,0.14517833,-10.349338,-0.0,60.539555,1.4167699,1149.8258,34.776917,358.73373,15.409712,1,0.6737078,0.31053746,-22.730234,0.0,3.32443,0.30495894,5.6140814,2.6384907,1.7353188,0.8172453,8.4837475,0.73473316,19.085596,-0.0,3.3312001,0.30558,70.83997,8.936872,22.603523,2.937474,1,1,140.82675,0.53055,0.1818,http://www.gama-survey.org/dr3/data/spectra/sdss/spec-3823-55534-0689.fit,http://www.gama-survey.org/dr3/data/spectra/sdss/png/spec-3823-55534-0689.png,217012,0.05,True,True,4959.288374764329,6563.406340714688
526952249683896320,278841,135.29324,0.31053203,5.3837084e-05,1.2840527e-05,2.7794049,4.833264,0.0,0,201,201,0,756.3886,770.1124,776.1691,5219.291032005643,68.90966,3.8207235,-103.31029,0.11769816,1.9931607,0.12115637,344.28043,28.325592,2.417808,0.19900198,-99999.0,-99999.0,-99999.0,-99999.0,-99999.0,-99999.0,-99999.0,-99999.0,-99999.0,-99999.0,0,22.00808,0.78000987,-95.805016,-0.0,43.561016,1.9205995,2403.0903,135.94038,16.87634,0.95546305,1,166.23741,3.0814378,-0.9084733,0.00047652863,2.794243,0.024400385,1164.3483,23.857815,8.176636,0.16858937,484.42093,5.697856,49.549454,0.025990564,2.8098714,0.02453686,3411.9236,49.9825,23.959755,0.355277,0,0,154.7714,0.353065,5.9195634e-05,1.5878702e-05,1.5512943,19.768213,0.0,0,201,201,0,3468.3677,3487.2078,3490.9429,6907.508752226781,263.51407,5.5564113,-0.23455918,0.07389173,3.7144377,0.08516528,2453.5042,76.42629,15.061348,0.47041515,-99999.0,-99999.0,-99999.0,-99999.0,-99999.0,-99999.0,-99999.0,-99999.0,-99999.0,-99999.0,0,176.49483,2.55881,4.3067513,0.22639988,31.757809,0.29055008,14049.874,240.86133,86.24794,1.4916079,0,64.60952,3.9395497,-15.916305,0.06779797,3.182306,0.10606634,515.381,35.813644,3.1637928,0.21996929,160.01158,4.7002974,21.321915,0.090824,3.18907,0.10629178,1279.1027,56.826794,7.851974,0.34929985,0,0,133.97613,0.85304,0.05247,http://www.gama-survey.org/dr3/data/spectra/sdss/spec-0468-51912-0113.fit,http://www.gama-survey.org/dr3/data/spectra/sdss/png/spec-0468-51912-0113.png,278841,0.03,True,True,4959.087700367367,6563.140756721599
528174356874946560,376679,134.30879,0.30534527,-8.182947e-05,1.3228783e-05,3.4399002,5.9202185,0.0,0,201,201,0,899.776,915.22644,921.1697,5488.919734429964,119.91583,5.2823706,-107.97331,0.085641555,1.857404,0.088702664,558.3067,36.27327,3.7551923,0.2441247,-99999.0,-99999.0,-99999.0,-99999.0,-99999.0,-99999.0,-99999.0,-99999.0,-99999.0,-99999.0,0,39.530006,1.2777029,-107.1543,0.8005965,26.776766,0.9088615,2653.2302,124.35715,17.845737,0.8374146,0,151.1799,3.6611853,-0.011386227,6.6140324e-06,2.5259013,0.02909603,957.1949,25.669456,6.438553,0.17328446,432.6656,6.49122,53.053196,0.030817546,2.5407166,0.02926669,2755.488,52.11987,18.535336,0.35311818,0,0,132.90851,0.32163277,-9.700216e-06,1.785418e-05,0.95957345,16.714,0.0,0,201,201,0,3045.3184,3061.6313,3065.4214,7264.350823386751,461.87985,8.481731,0.10329751,0.040522676,2.4411328,0.04162057,2826.2488,70.82053,19.210999,0.4836315,-99999.0,-99999.0,-99999.0,-99999.0,-99999.0,-99999.0,-99999.0,-99999.0,-99999.0,-99999.0,0,132.91986,2.1011236,2.0718744,0.2910835,27.266815,0.29674163,9084.776,174.35022,61.752403,1.194504,0,111.98906,4.7300997,-15.960191,0.03163983,2.5279474,0.046364423,709.6326,32.676716,4.823615,0.2224213,350.0094,6.923971,23.201754,0.04599566,2.5322309,0.046442986,2221.6362,59.931488,15.101263,0.40901178,0,0,134.64994,1.53042,0.10684,http://www.gama-survey.org/dr3/data/spectra/sdss/spec-0469-51913-0463.fit,http://www.gama-survey.org/dr3/data/spectra/sdss/png/spec-0469-51913-0463.png,376679,0.02,True,True,4959.090504887756,6563.144468384546
528184252479596544,719471,27.343796,0.065509394,-0.00029802325,1.0140502e-05,1.6724461,12.688373,0.0,1,201,201,0,4882.145,4888.3135,4894.362,6357.950754506495,8.325046,0.50066584,-122.030525,0.5823692,10.479321,-0.0,218.68033,13.151371,6.2292495,0.3749217,-99999.0,-99999.0,-99999.0,-99999.0,-99999.0,-99999.0,-99999.0,-99999.0,-99999.0,-99999.0,0,15.011658,0.26548144,-122.02611,0.61587894,47.790985,0.82182705,1798.31,44.359314,51.22602,1.2695358,0,4.8185606,0.24598897,-2.2655396,0.011928603,12.17659,0.31099585,147.073,8.395342,4.1949377,0.23966967,11.121391,0.28311652,59.20047,0.3117045,12.236041,0.31251428,341.1065,12.300526,9.735843,0.35185596,0,0,20.272392,0.17282078,-4.0351977e-05,2.4958865e-05,1.4360814,23.72609,0.0,1,201,201,0,4339.148,4345.401,4349.191,8414.47626002646,31.910845,0.8483574,5.613534,-0.0,11.146048,0.43500847,891.55707,42.10154,34.30134,1.645978,-99999.0,-99999.0,-99999.0,-99999.0,-99999.0,-99999.0,-99999.0,-99999.0,-99999.0,-99999.0,0,24.566277,0.536529,-2.7436604,0.7844618,64.60436,1.2536706,3978.2412,116.227036,153.0544,4.658061,0,19.353273,1.0544778,-14.311153,0.22306447,14.153093,0.0,686.5873,37.40923,26.414383,1.4567163,16.392294,0.9294467,31.05109,0.48398578,14.190669,-0.0,583.0859,33.0611,22.434504,1.2863405,1,1,134.81522,1.30016,0.28208,http://www.gama-survey.org/dr3/data/spectra/sdss/spec-0469-51913-0499.fit,http://www.gama-survey.org/dr3/data/spectra/sdss/png/spec-0469-51913-0499.png,719471,0.11,True,True,4959.090504887757,6563.144468384547
529211196608374784,197639,12.147051,0.092879675,-0.00013703633,3.613445e-05,0.9838835,1.286756,0.0,0,201,201,0,120.586395,119.617615,125.66575,6359.600152984702,2.4527047,0.9659263,-126.40831,1.2515969,2.8006477,1.2688361,17.218437,10.336083,1.103706,0.66259915,-99999.0,-99999.0,-99999.0,-99999.0,-99999.0,-99999.0,-99999.0,-99999.0,-99999.0,-99999.0,0,2.683769,0.22522618,-116.736465,-0.0,56.079556,5.923306,377.259,50.89378,24.18503,3.2678926,1,2.4630327,0.5599393,-0.9465871,0.0065515786,4.1140146,0.41924027,25.399546,6.3278513,1.6304215,0.40638214,6.3277326,0.6148812,60.535378,0.4189813,4.1360254,0.4214833,65.60263,9.237445,4.2140193,0.594248,0,0,10.031364,0.1463835,-5.563921e-05,6.971629e-05,1.1413163,1.7553414,0.0,0,201,201,0,105.32648,108.94895,112.72073,8416.65916846254,11.938738,1.3877097,-1.142879,0.3369508,3.2868943,0.39074275,98.363525,16.354101,7.645761,1.2760851,-99999.0,-99999.0,-99999.0,-99999.0,-99999.0,-99999.0,-99999.0,-99999.0,-99999.0,-99999.0,0,7.0897436,0.588101,3.958752,2.2971165,48.25215,3.214715,857.506,91.23283,66.65552,7.1580925,0,4.410242,1.054118,-19.765501,0.44736925,5.217315,0.7617923,57.67657,16.154404,4.482716,1.257249,7.4635353,0.8503664,25.608515,0.5796191,5.2297416,0.7636067,97.839615,18.120426,7.606167,1.413071,0,0,136.24968,-0.70192,0.28244,http://www.gama-survey.org/dr3/data/spectra/sdss/spec-0470-51929-0139.fit,http://www.gama-survey.org/dr3/data/spectra/sdss/png/spec-0470-51929-0139.png,197639,0.03,True,True,4958.984555210927,6563.004248512632
529278266817669120,600408,36.605717,0.11519172,-0.00024010727,1.5938525e-05,2.739447,4.9629197,0.0,0,201,201,0,836.1684,847.4062,853.4543,5932.334043707728,24.36676,2.0622969,-116.30342,0.20163524,2.218632,0.20560248,135.51051,17.007017,3.0920503,0.38818434,-99999.0,-99999.0,-99999.0,-99999.0,-99999.0,-99999.0,-99999.0,-99999.0,-99999.0,-99999.0,0,15.551198,0.4805892,-108.89359,-0.0,37.885197,1.263611,1476.8057,67.15011,33.699078,1.5359521,1,39.038166,1.0191008,-1.2789085,0.0011218404,4.333822,0.046893947,424.08258,11.984111,9.683928,0.2753487,114.24862,1.4508016,56.072426,0.04918594,4.356515,0.047139496,1247.6136,20.814507,28.499985,0.48386902,0,0,28.787474,0.14063284,0.000104000355,2.7071585e-05,1.9559264,15.984638,0.0,0,201,201,0,2692.485,2711.1,2714.8718,7851.190722410691,95.04101,2.9785285,1.2563021,0.074433364,2.6678803,0.076088645,635.57574,26.931944,18.45506,0.7871961,-99999.0,-99999.0,-99999.0,-99999.0,-99999.0,-99999.0,-99999.0,-99999.0,-99999.0,-99999.0,0,49.89431,0.632402,4.491644,0.33962187,38.71199,0.38822073,4841.5723,78.25109,140.58192,2.3736517,0,25.205353,1.5235746,-16.130995,0.05053023,2.8010309,0.08766012,176.97038,12.045944,5.138969,0.35069698,70.636505,2.2061799,26.194593,0.08205438,2.8059134,0.08781293,496.81354,21.966295,14.424555,0.641653,0,0,135.49535,0.38719,0.19628,http://www.gama-survey.org/dr3/data/spectra/sdss/spec-0470-51929-0383.fit,http://www.gama-survey.org/dr3/data/spectra/sdss/png/spec-0470-51929-0383.png,600408,0.02,True,True,4958.984555210927,6563.004248512631
530323352535984128,600710,33.56723,0.17957382,-6.969714e-06,2.505739e-05,0.9784276,1.2857987,0.0,0,201,201,0,102.336754,105.53481,111.47804,5765.216245887518,8.402437,1.2347611,-112.78247,0.6118258,3.7368484,0.6570345,78.704704,18.035202,2.0166876,0.4622504,-99999.0,-99999.0,-99999.0,-99999.0,-99999.0,-99999.0,-99999.0,-99999.0,-99999.0,-99999.0,0,4.393537,0.39081976,-105.82599,-0.0,56.59801,7.092068,623.3119,95.78395,15.971437,2.455808,1,11.350813,0.9648491,-0.16365446,0.0006364889,5.305125,0.21718752,150.94284,14.241093,3.8677702,0.36550093,32.03299,1.2520998,55.572052,0.21613218,5.332092,0.21829152,428.13925,24.233873,10.970798,0.6237452,0,0,36.615353,0.14758553,2.3254725e-06,2.6800219e-05,1.4100535,3.6138735,0.0,0,201,201,0,492.64847,506.06366,509.85364,7630.01745500384,33.865147,2.0997732,0.08199558,0.28993136,6.53056,0.3654918,554.3618,46.30407,13.02248,1.0889919,-99999.0,-99999.0,-99999.0,-99999.0,-99999.0,-99999.0,-99999.0,-99999.0,-99999.0,-99999.0,0,20.934841,1.788308,2.76237,0.7931926,31.597057,1.3594939,1658.0829,158.5898,38.94992,3.7287295,0,16.94171,1.664709,-16.487505,0.15189949,4.418053,0.30404818,187.61955,22.507578,4.4073644,0.5290231,24.220823,1.5019606,24.645742,0.2270614,4.428372,0.3047583,268.85797,24.906034,6.3157167,0.58561885,0,0,137.11143,0.36039,0.16257,http://www.gama-survey.org/dr3/data/spectra/sdss/spec-0471-51924-0089.fit,http://www.gama-survey.org/dr3/data/spectra/sdss/png/spec-0471-51924-0089.png,600710,0.02,True,True,4959.027194824843,6563.060680220407
530346167402260480,377246,48.872803,0.18514363,-0.00015682417,2.0018404e-05,1.3930664,3.258171,0.0,3,201,201,0,956.85516,953.1944,959.1287,5773.547411574823,0.0,-0.0,-110.00208,-0.0,2.5693784,-0.0,0.0,-0.0,0.0,-0.0,-99999.0,-99999.0,-99999.0,-99999.0,-99999.0,-99999.0,-99999.0,-99999.0,-99999.0,-99999.0,0,22.859858,0.57756054,-109.658226,0.9600633,34.975037,1.055799,2004.1105,78.89178,35.207737,1.3923514,0,15.673652,1.5501299,-3.8888817,0.0,3.6852236,0.16312087,144.78513,15.688014,2.544414,0.2758653,45.458023,1.9194565,51.927364,-0.0,3.7049932,0.16399594,422.1705,25.825628,7.4204373,0.45480368,1,1,52.293987,0.21493548,9.3971845e-05,2.3147271e-05,2.201849,21.246662,0.0,1,201,201,200,3928.5596,3937.7532,3941.543,7641.043396946609,22.842505,2.7239602,-5.097555,-0.0,2.689409,0.38695678,153.98929,28.776812,2.529177,0.4727553,-99999.0,-99999.0,-99999.0,-99999.0,-99999.0,-99999.0,-99999.0,-99999.0,-99999.0,-99999.0,0,79.19789,2.2361722,-1.0572112,0.3932661,39.38311,0.5580104,7818.3223,246.98766,128.4101,4.090777,0,-1.6166172,2.396807,-16.7527,0.59594506,12.852185,0.0,-52.080376,77.21469,-0.8554053,1.2682341,21.219511,2.1671784,24.439987,0.8694054,12.886307,-0.0,685.4152,70.00242,11.256916,1.1506152,1,1,136.93122,1.55776,0.16425,http://www.gama-survey.org/dr3/data/spectra/sdss/spec-0471-51924-0172.fit,http://www.gama-survey.org/dr3/data/spectra/sdss/png/spec-0471-51924-0172.png,377246,0.11,True,True,4959.027194824843,6563.060680220407
531566625829185536,747874,7.3634114,0.04496285,-0.0001330241,2.8051723e-05,1.2720499,1.4238236,0.0,1,201,201,0,69.93274,71.90938,77.966095,6484.80543052341,6.6280475,0.29110825,-126.66753,0.4302223,10.688405,-0.0,177.5777,7.799331,18.399202,0.8158906,-99999.0,-99999.0,-99999.0,-99999.0,-99999.0,-99999.0,-99999.0,-99999.0,-99999.0,-99999.0,0,1.1892226,0.14855623,-119.03472,-0.0,50.057648,6.764602,149.2188,27.460516,15.463002,2.8472016,1,2.6794982,0.2620196,-0.63040125,0.0021239985,4.9445634,0.20844944,33.21019,3.5364563,3.4488127,0.3678573,8.6939745,0.35359544,62.06199,0.20910424,4.9702864,0.20953386,108.31528,6.344904,11.261083,0.6632405,0,0,5.851596,0.08651149,-6.298145e-05,8.920599e-05,1.1190778,1.2218938,0.0,0,201,201,0,149.88837,157.16359,160.95358,8582.363005462652,14.471907,1.2907786,3.136391,0.436135,9.634036,0.6072265,349.48132,38.16859,45.671635,5.033524,-99999.0,-99999.0,-99999.0,-99999.0,-99999.0,-99999.0,-99999.0,-99999.0,-99999.0,-99999.0,0,8.073918,1.1643263,-0.82134324,2.0174522,29.38658,1.9389641,594.73474,94.31671,77.71904,12.378607,0,1.7891968,0.7759796,-17.820229,0.45125428,3.6236274,0.94059896,16.25143,8.214236,2.123324,1.0736867,4.060089,0.887548,28.44709,0.72035396,3.630934,0.9424955,36.952503,12.540238,4.830419,1.640813,0,0,138.80331,0.30691,0.30774,http://www.gama-survey.org/dr3/data/spectra/sdss/spec-0472-51955-0516.fit,http://www.gama-survey.org/dr3/data/spectra/sdss/png/spec-0472-51955-0516.png,747874,0.13,True,True,4958.788008719937,6562.7441276267855
598996376063338496,318826,24.674664,0.12883547,-0.00025532616,2.9069924e-05,1.3345879,1.500354,0.0,0,201,201,0,37.35937,44.614677,50.671394,5956.443258834358,22.61855,3.416351,-115.15706,0.19004837,1.1616892,0.20972991,65.86348,15.50353,2.2195678,0.52258986,-99999.0,-99999.0,-99999.0,-99999.0,-99999.0,-99999.0,-99999.0,-99999.0,-99999.0,-99999.0,0,8.623701,0.9248875,-117.43158,1.6888256,16.926662,1.8413115,365.89374,55.89428,12.330154,1.8846644,0,11.947705,0.8608377,-2.4326055,0.007864575,6.3512726,0.17451128,190.2108,14.6675005,6.4174905,0.49599743,39.239727,1.0358514,55.151802,0.1783049,6.3831344,0.17538673,627.8414,23.922472,21.195263,0.8151546,0,0,23.320446,0.15092772,0.00012869951,3.1889052e-05,1.7100351,5.17464,0.0,0,201,201,0,701.0212,719.97107,723.76105,7883.098238867485,143.6007,22.643362,2.619286,0.05513889,1.9584563,0.1555925,704.95325,124.47092,25.165724,4.4464,-99999.0,-99999.0,-99999.0,-99999.0,-99999.0,-99999.0,-99999.0,-99999.0,-99999.0,-99999.0,0,41.451805,3.9671469,1.9873536,0.4782606,21.923222,0.9457976,2277.9163,239.13383,81.31831,8.552938,0,18.415552,1.8720526,-15.588314,0.06135791,2.8933117,0.10275383,133.558,14.381671,4.7682896,0.51438135,81.23944,5.4813437,26.909286,0.10591894,2.8985076,0.10293836,590.24365,45.00452,21.067947,1.6121502,0,0,212.70647,1.85971,0.20113,http://www.gama-survey.org/dr3/data/spectra/sdss/spec-0532-51993-0064.fit,http://www.gama-survey.org/dr3/data/spectra/sdss/png/spec-0532-51993-0064.png,318826,0.01,True,True,4959.032959658287,6563.06830973124
600117603062540288,296974,111.05462,0.6093236,1.5832878e-05,2.8008437e-05,1.3637526,1.968624,0.0,0,201,201,0,239.79402,240.54094,246.47527,5536.470688048707,13.002653,4.8618717,-108.74224,0.59617794,1.4078972,0.61795515,45.88734,26.458452,0.37009156,0.21340296,-99999.0,-99999.0,-99999.0,-99999.0,-99999.0,-99999.0,-99999.0,-99999.0,-99999.0,-99999.0,0,15.622022,0.94536114,-104.25706,4.14422,67.90652,6.1350255,2659.1243,289.15173,21.446413,2.3350384,0,49.201668,2.9412642,-0.5555411,0.0012518057,3.435207,0.124130994,423.66504,29.594011,3.4169,0.23941372,127.55524,3.8944666,52.968746,0.11935495,3.453744,0.12480082,1104.2778,52.239613,8.90604,0.42413858,0,0,115.9566,0.37978545,-3.341333e-05,2.134724e-05,0.95582587,5.5345244,0.0,0,201,201,0,865.39215,877.79755,881.56934,7327.282479484109,41.539104,4.443498,0.9196071,0.27671948,2.4458363,0.30685657,254.66805,41.988037,1.967095,0.324386,-99999.0,-99999.0,-99999.0,-99999.0,-99999.0,-99999.0,-99999.0,-99999.0,-99999.0,-99999.0,0,72.43395,1.6003314,1.9418032,0.56911916,36.09324,0.65293497,6553.268,187.12839,50.61846,1.4548856,0,23.45928,3.3147333,-16.053228,0.10057944,3.0440407,0.16150704,179.00084,27.01665,1.3826231,0.20872885,87.42867,4.117252,23.44798,0.14691031,3.05011,0.16182907,668.43524,47.42003,5.16313,0.3666721,0,0,214.19225,1.52027,0.11644,http://www.gama-survey.org/dr3/data/spectra/sdss/spec-0533-51994-0047.fit,http://www.gama-survey.org/dr3/data/spectra/sdss/png/spec-0533-51994-0047.png,296974,0.06,True,True,4959.040063101203,6563.077710834535
600121726231144448,238492,12.017531,0.05594921,-0.00015406717,2.3493847e-05,1.4785585,2.7897584,0.0,2,201,201,0,695.1057,697.03723,703.094,6210.255461422268,6.374677,0.51475,-126.17981,-0.0,10.235886,-0.0,163.55867,13.20723,10.849909,0.87757564,-99999.0,-99999.0,-99999.0,-99999.0,-99999.0,-99999.0,-99999.0,-99999.0,-99999.0,-99999.0,0,6.2918644,0.311953,-114.984604,1.2336277,33.946922,1.3522072,535.38934,34.050426,35.520943,2.2651505,0,3.0120654,0.31973183,-1.1823997,0.0051583517,6.2207336,0.25794208,46.96734,5.352471,3.1206412,0.35592976,10.998836,0.43501595,58.855755,0.25676486,6.2521014,0.25924274,172.37039,9.87733,11.461593,0.6589516,0,0,10.46085,0.08116867,0.00012563584,4.8524173e-05,1.8162954,3.7930605,0.0,0,201,201,0,471.99008,486.48032,490.2703,8219.007848055197,15.402893,1.0755453,0.36352432,0.37496218,5.9635234,0.48085222,230.24762,24.559378,17.57503,1.879595,-99999.0,-99999.0,-99999.0,-99999.0,-99999.0,-99999.0,-99999.0,-99999.0,-99999.0,-99999.0,0,24.56658,0.9122105,2.286639,0.43145397,30.87399,0.5944664,1901.1981,79.52232,145.11697,6.1734295,0,15.16062,0.9011075,-16.02483,0.118026085,4.459907,0.23637883,169.48555,13.49715,12.939547,1.0353357,15.936375,0.878643,28.28365,0.20831476,4.470099,0.23691903,178.56512,13.656316,13.6254835,1.0473981,0,0,214.45316,1.63619,0.25231,http://www.gama-survey.org/dr3/data/spectra/sdss/spec-0533-51994-0062.fit,http://www.gama-survey.org/dr3/data/spectra/sdss/png/spec-0533-51994-0062.png,238492,0.08,True,True,4959.0400631012035,6563.077710834535
600138493783468032,717517,13.35283,0.15478064,-0.00019281195,5.4863922e-05,1.3339237,1.5302582,0.0,0,201,201,0,61.71884,62.39565,68.45237,6274.970934245739,6.948019,1.598676,-123.84125,1.0342278,4.6518726,1.3097194,81.01749,29.45856,4.7862678,1.7412053,-99999.0,-99999.0,-99999.0,-99999.0,-99999.0,-99999.0,-99999.0,-99999.0,-99999.0,-99999.0,0,10.06818,1.086948,-121.53441,1.5433896,23.049635,2.0974572,581.70795,82.13341,34.366688,4.868653,0,8.109607,0.6906638,-4.2266235,0.0,10.852134,0.360139,220.59967,20.163559,13.05487,1.2028155,24.700077,0.78892285,56.437172,-0.0,10.905267,0.36190227,675.18774,31.098833,39.99197,1.8995634,1,1,12.817333,0.27098706,0.00013038018,0.00011737334,0.7875863,1.0532582,0.0,0,201,201,0,1085.5079,1087.9263,1091.7163,8304.656012181587,37.175663,4.2789984,3.7701275,0.5558662,9.046711,0.69554895,843.02295,116.689964,51.97477,7.2777004,-99999.0,-99999.0,-99999.0,-99999.0,-99999.0,-99999.0,-99999.0,-99999.0,-99999.0,-99999.0,0,21.414612,3.7065911,4.032354,1.6172231,32.68953,2.7050457,1754.724,336.64465,108.18346,20.880688,0,14.245678,2.9548535,-16.631306,0.28017694,5.058693,0.65219486,180.63893,44.11634,11.139217,2.7306416,23.422216,2.6727335,28.1389,0.474038,5.0706844,0.6537409,297.7039,51.256218,18.349747,3.18303,0,0,213.86725,1.11141,0.26536,http://www.gama-survey.org/dr3/data/spectra/sdss/spec-0533-51994-0123.fit,http://www.gama-survey.org/dr3/data/spectra/sdss/png/spec-0533-51994-0123.png,717517,0.05,True,True,4959.0400631012035,6563.077710834535
600145915486955520,238358,236.3685,0.61465955,6.9248956e-05,1.4283121e-05,2.2227046,3.038196,0.0,0,201,201,0,370.48956,377.28244,383.3306,5226.877816909298,35.532234,5.3434935,-105.294914,0.52617097,3.1716497,0.55735207,282.48648,65.33704,1.1338571,0.26226938,-99999.0,-99999.0,-99999.0,-99999.0,-99999.0,-99999.0,-99999.0,-99999.0,-99999.0,-99999.0,0,35.328953,1.6839603,-95.944275,-0.0,41.985043,2.364222,3718.0505,274.303,14.923641,1.1016908,1,136.10732,4.0314264,-1.4883233,0.0021478508,4.6751037,0.06920656,1595.0071,52.814926,6.401918,0.21263722,358.25336,6.20234,49.04295,0.070775576,4.6989393,0.0695594,4219.685,96.11859,16.9364,0.38829347,0,0,279.45294,0.72689813,4.245817e-05,1.8299092e-05,0.80351925,7.207818,0.0,0,201,201,201,1315.8801,1329.95,1333.7399,6917.549537996707,163.00414,8.924184,-0.030155472,0.21472967,4.598629,0.26479283,1878.9574,149.29042,6.37889,0.50709903,-99999.0,-99999.0,-99999.0,-99999.0,-99999.0,-99999.0,-99999.0,-99999.0,-99999.0,-99999.0,0,194.41164,6.436632,4.828529,0.40455925,32.241783,0.62619513,15711.992,603.09607,53.34075,2.0521507,0,79.16917,7.0363994,-15.731824,0.089170404,4.174252,0.15407115,828.3706,79.72025,2.81225,0.27074254,267.2373,8.52435,21.560526,0.12220839,4.184121,0.15443541,2802.7944,136.73,9.515202,0.46484378,0,0,214.12839,1.61889,0.05401,http://www.gama-survey.org/dr3/data/spectra/sdss/spec-0533-51994-0150.fit,http://www.gama-survey.org/dr3/data/spectra/sdss/png/spec-0533-51994-0150.png,238358,0.11,True,True,4959.040063101203,6563.077710834535
602527182878697472,343175,11.340326,0.05665422,-6.019132e-05,2.7154863e-05,1.439326,1.4895455,0.0,0,201,12,0,2.355974,7.058083,13.106222,6378.898461655959,4.351437,0.8846458,-123.76946,0.7112846,3.5743177,0.872456,38.98664,12.384675,2.6707828,0.8485184,-99999.0,-99999.0,-99999.0,-99999.0,-99999.0,-99999.0,-99999.0,-99999.0,-99999.0,-99999.0,0,2.468095,0.6593237,-120.77315,2.5268564,15.412972,3.0417802,95.35385,31.66995,6.532327,2.169833,0,2.2102988,0.37841052,-1.6891292,0.015239568,5.5331416,0.55806875,30.655802,6.091423,2.101439,0.41769576,4.928354,0.444993,59.9794,0.5411428,5.5614486,0.56092376,68.703636,9.300483,4.71114,0.6381867,0,0,10.927173,0.10901704,-8.516886e-05,6.7361616e-05,1.1324651,1.1874199,0.0,0,201,21,0,6.1198564,7.4575696,11.247553,8442.19965571118,21.628185,1.7811031,2.1296017,0.27943376,4.5520062,0.459922,246.78165,32.16712,17.556818,2.2951634,-99999.0,-99999.0,-99999.0,-99999.0,-99999.0,-99999.0,-99999.0,-99999.0,-99999.0,-99999.0,0,7.6939583,1.7506188,1.2280083,2.787152,21.799934,2.3294892,420.43118,105.68573,29.91058,7.5246797,0,2.39068,1.3388487,-17.43741,0.48118433,5.3504953,0.8240826,32.06309,18.622942,2.2807207,1.3248876,10.126146,1.335331,28.074293,0.7747085,5.3633122,0.82605666,136.13419,27.602602,9.686972,1.9665105,0,0,219.15755,2.12932,0.28632,http://www.gama-survey.org/dr3/data/spectra/sdss/spec-0535-51999-0621.fit,http://www.gama-survey.org/dr3/data/spectra/sdss/png/spec-0535-51999-0621.png,343175,0.06,True,True,4959.029216412681,6563.0633557055635
603490630361966592,240161,27.012314,0.11224758,-0.00013066932,1.6548816e-05,3.1864715,7.3662577,0.0,1,201,201,0,1973.4419,1979.5869,1985.635,6424.883875312137,32.766823,0.91902125,-123.909065,0.25130287,10.589642,-0.0,869.7722,24.394772,24.836903,0.7042058,-99999.0,-99999.0,-99999.0,-99999.0,-99999.0,-99999.0,-99999.0,-99999.0,-99999.0,-99999.0,0,16.698298,0.47040296,-117.93481,-0.0,44.630634,1.2168285,1868.0786,73.23578,53.345726,2.1030607,1,8.087241,0.38139242,-2.4938927,0.015782738,15.189719,0.33229494,307.92154,16.007824,8.798061,0.4588409,19.300455,0.44642025,59.619205,0.37730345,15.263567,0.33391047,738.43713,23.509356,21.105272,0.6776239,0,0,23.445778,0.25371712,-5.654127e-05,5.501114e-05,1.3415035,5.2954144,0.0,0,201,201,0,810.42444,823.9886,827.77856,8503.059386536108,98.27476,3.0553281,4.502356,0.28447607,10.097969,0.26617068,2487.5164,101.390465,81.88794,3.453362,-99999.0,-99999.0,-99999.0,-99999.0,-99999.0,-99999.0,-99999.0,-99999.0,-99999.0,-99999.0,0,50.37251,2.5823917,0.19613469,0.5870685,40.21095,1.0485716,5077.2417,292.02704,167.13882,9.781968,0,32.31372,2.611518,-17.828037,0.22542858,7.42338,0.366911,601.28253,56.961666,19.792889,1.8872447,38.027336,2.387148,28.01176,0.35419777,7.442224,0.3678424,709.3957,56.678947,23.354319,1.8829917,0,0,220.99897,1.49894,0.29564,http://www.gama-survey.org/dr3/data/spectra/sdss/spec-0536-52024-0030.fit,http://www.gama-survey.org/dr3/data/spectra/sdss/png/spec-0536-52024-0030.png,240161,0.08,True,True,4958.849584230293,6562.825620184702
603502175234058240,321011,22.142807,0.1239358,-4.2907704e-05,2.565032e-05,1.1259332,1.598638,0.0,0,201,201,0,199.37459,199.87715,205.93387,6347.624998789828,5.458324,1.0553737,-122.563194,0.91964096,4.31956,0.9970566,59.100174,17.79536,2.0845914,0.62778944,-99999.0,-99999.0,-99999.0,-99999.0,-99999.0,-99999.0,-99999.0,-99999.0,-99999.0,-99999.0,0,5.9531507,0.3691297,-116.51665,-0.0,49.202095,3.4883897,734.2102,69.15392,25.89749,2.443541,1,3.809426,0.5415705,3.104907,0.029813329,7.8020186,0.6262027,74.50004,12.1627035,2.6284177,0.4293615,8.062022,0.6199521,64.4711,0.6190517,7.840783,0.62931395,158.4504,17.61239,5.5909147,0.6222401,0,0,22.787691,0.2551577,-9.435684e-05,4.9584698e-05,1.3767518,2.4697142,0.0,1,201,201,0,206.69576,209.03084,212.82082,8400.810563373629,24.447344,1.6858678,5.6044173,-0.0,7.7048154,0.5500384,472.1542,46.864105,16.186821,1.6168295,-99999.0,-99999.0,-99999.0,-99999.0,-99999.0,-99999.0,-99999.0,-99999.0,-99999.0,-99999.0,0,15.32281,1.5223807,-0.14538139,2.1936367,52.2451,3.3579295,2006.6605,237.44963,68.792534,8.176634,0,8.797017,1.6955534,-13.658823,0.3968168,9.036127,1.3740995,199.25432,48.918407,6.8304734,1.6786748,10.21928,1.6445882,31.629755,0.9189092,9.059557,1.3776624,232.06905,51.382683,7.9568605,1.7639899,0,0,220.63257,1.73151,0.28006,http://www.gama-survey.org/dr3/data/spectra/sdss/spec-0536-52024-0072.fit,http://www.gama-survey.org/dr3/data/spectra/sdss/png/spec-0536-52024-0072.png,321011,0.07,True,True,4958.849584230293,6562.825620184702
603567046420097024,239599,27.249975,0.15044105,9.379191e-06,2.5371914e-05,1.384616,2.0662737,0.0,1,201,201,0,299.042,297.59164,303.63977,6005.71231995715,1.0245014,1.980313,-119.7096,2.575401,0.93764967,-0.0,2.4079258,4.654407,0.07296416,0.14103685,-99999.0,-99999.0,-99999.0,-99999.0,-99999.0,-99999.0,-99999.0,-99999.0,-99999.0,-99999.0,0,5.6688313,0.30034932,-110.24052,-0.0,65.86892,4.7603292,935.97455,83.87328,28.361494,2.5463126,1,7.8469634,0.82533103,-0.03907312,0.00010901025,3.7474172,0.16064122,73.709526,8.371822,2.2334294,0.2539692,22.761478,0.9327737,58.021645,0.16187482,3.7676148,0.16150704,214.95963,12.748005,6.513236,0.38793233,0,0,26.122238,0.21349877,-3.8888742e-05,3.25211e-05,1.6180884,6.8265796,0.0,0,201,201,0,1012.04736,1018.5705,1022.36053,7948.303736861894,13.611051,1.1980592,-0.2695978,0.44977555,5.5130033,0.49505192,188.09178,23.651175,5.9453025,0.7491561,-99999.0,-99999.0,-99999.0,-99999.0,-99999.0,-99999.0,-99999.0,-99999.0,-99999.0,-99999.0,0,19.72102,0.6155987,-1.0917885,1.0715795,55.923412,1.6932458,2764.4768,120.21986,87.380905,3.8664951,0,7.726362,1.034441,-18.11534,0.33748788,5.2688537,0.5605683,102.0425,17.450321,3.2253268,0.55219364,12.451218,1.022009,24.733782,0.46078914,5.281612,0.56192565,164.84215,22.15072,5.21061,0.7014715,0,0,218.45087,1.49379,0.21111,http://www.gama-survey.org/dr3/data/spectra/sdss/spec-0536-52024-0308.fit,http://www.gama-survey.org/dr3/data/spectra/sdss/png/spec-0536-52024-0308.png,239599,0.11,True,True,4958.849584230293,6562.8256201847025
604616530319140864,240500,44.72306,0.33789495,2.2004537e-05,4.1617048e-05,1.085831,1.3130008,0.0,0,201,201,0,79.455055,78.544815,84.59295,5332.640357481164,12.076349,2.9649758,-105.15994,0.33922186,1.2251451,0.35101646,37.08627,13.99326,0.7711539,0.29102743,-99999.0,-99999.0,-99999.0,-99999.0,-99999.0,-99999.0,-99999.0,-99999.0,-99999.0,-99999.0,0,4.801124,0.54485863,-102.27783,7.077468,62.72131,10.221516,754.82794,149.89996,15.695503,3.1191983,0,36.336372,2.0238495,-0.26249468,0.00029410634,2.2402658,0.05533501,204.0474,12.432373,4.2426434,0.2604792,109.634674,3.0065742,51.291245,0.057468135,2.2538729,0.055671107,619.3944,22.860203,12.878395,0.48516414,0,0,50.21465,0.22108188,1.9219979e-05,2.7063805e-05,0.97871006,8.262411,0.0,0,201,201,0,1407.7144,1422.2694,1426.0594,7057.521743067856,71.036026,2.4359689,0.21481493,0.09326351,2.6678262,0.09749482,475.03552,23.806131,8.796959,0.44255257,-99999.0,-99999.0,-99999.0,-99999.0,-99999.0,-99999.0,-99999.0,-99999.0,-99999.0,-99999.0,0,28.755287,0.69790834,0.38696438,0.71090376,39.999603,0.88993233,2883.124,94.92703,53.39121,1.7735556,0,21.7937,1.6844661,-15.850422,0.06450704,2.8589962,0.09652972,156.18326,13.173146,2.8923016,0.24428092,69.407104,2.2428424,22.196514,0.09033396,2.8645928,0.09671868,498.37555,23.29173,9.229104,0.43323466,0,0,222.83777,1.46824,0.07538,http://www.gama-survey.org/dr3/data/spectra/sdss/spec-0537-52027-0030.fit,http://www.gama-survey.org/dr3/data/spectra/sdss/png/spec-0537-52027-0030.png,240500,0.19,True,True,4958.842788113191,6562.816625813996
604704766127269888,251811,35.891735,0.17120934,-9.7690565e-05,2.597594e-05,1.6350479,2.7834084,0.0,0,201,201,0,427.54294,438.5811,444.5154,5652.733659453871,22.81303,2.2156217,-110.822914,0.2435874,2.3290653,0.25823185,133.18478,19.63083,3.2542424,0.47991157,-99999.0,-99999.0,-99999.0,-99999.0,-99999.0,-99999.0,-99999.0,-99999.0,-99999.0,-99999.0,0,18.069674,0.64815354,-108.2506,1.1322052,30.474028,1.1822608,1380.2893,72.93023,33.72628,1.7892377,0,68.92483,1.7205007,-0.548816,0.00042146037,3.2784564,0.03849063,566.4154,15.624644,13.84397,0.3875555,204.16826,3.1114204,54.09945,0.041545387,3.2964194,0.038701523,1687.0215,32.454052,41.239258,0.81737363,0,0,36.81026,0.20666215,0.00013840776,3.5298388e-05,1.423634,9.031666,0.0,0,201,201,0,1456.6941,1473.0817,1476.8716,7481.15155626415,90.86221,2.7546804,1.1350162,0.10454317,3.5544226,0.11704158,809.5475,36.23491,19.292667,0.8702958,-99999.0,-99999.0,-99999.0,-99999.0,-99999.0,-99999.0,-99999.0,-99999.0,-99999.0,-99999.0,0,65.423744,1.1061131,0.99630314,0.3236477,33.285137,0.38953248,5458.53,112.239006,130.0846,2.7727275,0,18.172901,1.949465,-15.31844,0.077398755,3.2571275,0.14222647,148.37097,17.184328,3.5361097,0.41003326,56.373474,2.2127419,25.012272,0.12637831,3.263827,0.14251903,461.20273,27.079388,10.99013,0.64822507,0,0,220.5073,1.95108,0.13993,http://www.gama-survey.org/dr3/data/spectra/sdss/spec-0537-52027-0351.fit,http://www.gama-survey.org/dr3/data/spectra/sdss/png/spec-0537-52027-0351.png,251811,0.1,True,True,4958.842788113192,6562.816625813996
604760566342379520,262966,34.9703,0.12660976,-0.00018272651,1.8982695e-05,2.3517926,8.160739,0.0,1,201,201,0,2558.9463,2565.1248,2571.1814,6006.199973390578,9.83305,3.3857713,-118.24419,0.4572872,0.93772584,-0.0,23.11288,7.9583573,0.54533815,0.18778428,-99999.0,-99999.0,-99999.0,-99999.0,-99999.0,-99999.0,-99999.0,-99999.0,-99999.0,-99999.0,0,27.263308,0.47288826,-112.81216,0.6679769,39.060905,0.74275786,2669.3823,68.7044,62.984684,1.6370418,0,30.138582,0.9223238,-0.16095473,0.00018571477,4.293163,0.065110564,324.33224,11.077453,7.657197,0.26299408,80.19906,1.392348,57.90448,0.06681206,4.315722,0.0654527,867.5863,20.000082,20.48916,0.4781212,0,0,30.933657,0.1759833,0.00022651545,2.7108494e-05,1.6497363,25.691322,0.0,0,201,201,0,4680.1157,4691.667,4695.457,7948.94912535217,23.19684,2.5262947,1.5502797,0.30936295,2.6775756,0.3397033,155.68993,26.031723,4.155313,0.6951802,-99999.0,-99999.0,-99999.0,-99999.0,-99999.0,-99999.0,-99999.0,-99999.0,-99999.0,-99999.0,0,77.09468,0.89880306,0.6502888,0.31750122,42.94879,0.36829948,8299.755,120.11874,221.51921,3.4447494,0,8.22316,1.8332839,-16.162292,0.19103563,3.8023942,0.3536459,78.37649,18.932922,2.0921142,0.5055192,25.044737,1.9744312,26.690308,0.31547505,3.8106337,0.35441223,239.22339,29.166891,6.3836184,0.779158,0,0,222.17231,2.20919,0.21121,http://www.gama-survey.org/dr3/data/spectra/sdss/spec-0537-52027-0554.fit,http://www.gama-survey.org/dr3/data/spectra/sdss/png/spec-0537-52027-0554.png,262966,0.15,True,True,4958.842788113191,6562.816625813996
604768262923773952,263031,10.090694,0.045333695,-0.00017952168,2.4274714e-05,1.1784235,1.4953089,0.0,0,201,201,0,100.19228,108.32552,114.38224,6446.0989171241,7.036317,0.84941876,-126.127426,0.2507848,2.0248642,0.2793469,35.7134,6.546924,2.716558,0.49814463,-99999.0,-99999.0,-99999.0,-99999.0,-99999.0,-99999.0,-99999.0,-99999.0,-99999.0,-99999.0,0,6.1988144,0.32256705,-124.2379,0.8126008,18.028507,0.9038242,280.12918,20.241465,21.308884,1.5427022,0,2.7362955,0.38452277,-0.99834836,0.0031405783,3.5549753,0.1881032,24.383133,3.6613305,1.8588442,0.27924582,10.636552,0.5460963,61.319843,0.19289836,3.5747006,0.18914692,95.30824,7.0268083,7.273873,0.53728014,0,0,9.380823,0.11191624,-8.784786e-05,7.539521e-05,1.3000269,2.6492481,0.0,0,201,201,10,241.74434,252.80482,256.59482,8531.13658822813,28.386646,1.2684885,0.80532223,0.137358,2.973426,0.15590534,211.57346,14.575639,17.350252,1.213078,-99999.0,-99999.0,-99999.0,-99999.0,-99999.0,-99999.0,-99999.0,-99999.0,-99999.0,-99999.0,0,15.092975,0.5507796,3.7953737,0.7076477,21.703444,0.6992392,821.095,39.970474,67.33644,3.3749163,0,4.8171587,0.9889487,-18.64777,0.10041592,2.2873518,0.1595403,27.619375,5.98849,2.2645366,0.49174407,19.363914,1.2167977,27.343388,0.14724074,2.289655,0.15970095,111.135574,10.433481,9.116028,0.86270726,0,0,222.53236,2.36638,0.29992,http://www.gama-survey.org/dr3/data/spectra/sdss/spec-0537-52027-0582.fit,http://www.gama-survey.org/dr3/data/spectra/sdss/png/spec-0537-52027-0582.png,263031,0.09,True,True,4958.842788113192,6562.816625813996
G09_Y1_BN2_306,381008,8.895585,0.07616525,6.932828e-05,3.7892398e-05,0.65435237,0.72141355,0.0,0,201,201,0,28.067152,26.528837,33.64354,6238.89189596312,4.4245605,0.40411854,-122.95835,0.44567466,4.4777327,0.4759976,49.66132,6.960122,4.4415226,0.6236544,-99999.0,-99999.0,-99999.0,-99999.0,-99999.0,-99999.0,-99999.0,-99999.0,-99999.0,-99999.0,0,0.94169706,0.1442853,-130.84193,-0.0,64.43574,13.454381,152.09955,39.391907,13.604052,3.5252185,1,0.420225,0.18993793,4.202427,0.0,15.991151,1.4719094,16.844244,7.769712,1.5049933,0.6943249,2.4658902,0.23540525,64.51743,-0.0,16.066727,1.4788659,99.30957,13.169595,8.868906,1.1785681,1,1,7.974323,0.040613562,-0.0002723863,3.7757167e-05,0.68275595,0.9359806,0.0,0,201,201,0,72.12049,77.69905,83.52435,8256.906946038145,18.399702,0.5629207,-0.43320936,0.11444965,4.6458836,0.17254628,214.27377,10.310431,21.357016,1.0333976,-99999.0,-99999.0,-99999.0,-99999.0,-99999.0,-99999.0,-99999.0,-99999.0,-99999.0,-99999.0,0,7.0131187,0.5232609,-0.00036221344,0.9789305,19.816591,0.9002194,348.36142,30.43047,34.722263,3.0382502,0,3.2096608,0.46909177,-19.720274,0.19563054,4.135542,0.31186002,33.272198,5.471879,3.3141105,0.54529303,8.832172,0.6144895,24.792524,0.24594866,4.143373,0.3124506,91.73003,9.411682,9.150765,0.9400452,0,0,131.04604,1.77271,0.25807,http://www.gama-survey.org/dr3/data/spectra/gama/reduced_27/1d/G09_Y1_BN2_306.fit,http://www.gama-survey.org/dr3/data/spectra/gama/reduced_27/1d/png/G09_Y1_BN2_306.png,381008,0.11,True,True,4959.097582776093,6563.153835667447
G09_Y1_DS2_116,3903268,7.761241,0.024367977,-0.0003473433,1.3808011e-05,0.7377675,3.0046518,0.0,2,201,201,0,1416.1388,1418.2618,1425.4946,6474.437453324115,0.7664744,0.1354653,-131.54745,-0.0,10.824218,-0.0,20.796206,3.6754837,2.0402381,0.36064452,-99999.0,-99999.0,-99999.0,-99999.0,-99999.0,-99999.0,-99999.0,-99999.0,-99999.0,-99999.0,0,2.414338,0.074731424,-121.020386,1.488501,57.963165,2.0332124,350.7843,16.410337,34.430264,1.6143143,0,0.7634009,0.10274782,-2.185918,0.031392258,9.798876,0.9113803,18.750761,3.0676653,1.850216,0.3027551,1.1170442,0.10164208,60.406242,0.86750203,9.843622,0.91554207,27.562288,3.5862923,2.7273252,0.35497242,0,0,5.8733115,0.045014415,0.00021813442,2.2983966e-05,0.9138226,9.998146,0.0,0,201,201,0,3450.8564,3454.7156,3460.7722,8568.641430480946,1.9594004,0.17861637,-1.8533219,0.7279951,8.817019,0.80671865,43.304688,5.5930743,5.6475353,0.73069817,-99999.0,-99999.0,-99999.0,-99999.0,-99999.0,-99999.0,-99999.0,-99999.0,-99999.0,-99999.0,0,5.276706,0.17519389,-8.008888,0.8315219,64.28724,1.6871156,850.3106,35.985794,110.917725,4.7705255,0,1.7839273,0.19139533,-25.109764,0.0,13.399554,1.342173,59.918022,8.794692,7.8209014,1.1495092,1.2110472,0.18546262,21.083584,-0.0,13.434679,1.3456912,40.782917,7.462907,5.3141336,0.97329,1,1,133.54825,-0.93634,0.30557,http://www.gama-survey.org/dr3/data/spectra/gama/reduced_27/1d/G09_Y1_DS2_116.fit,http://www.gama-survey.org/dr3/data/spectra/gama/reduced_27/1d/png/G09_Y1_DS2_116.png,3903268,0.14,True,True,4959.088714756095,6563.1420992217545
G09_Y1_GS2_316,210349,10.723739,0.059397087,-5.975315e-05,2.2624283e-05,0.75340295,1.246548,0.0,1,201,201,0,261.7639,263.4481,270.68094,6460.74151093477,1.7769643,0.49102783,-127.765854,0.6403599,1.6942675,-0.0,7.5465875,2.0853455,0.5397494,0.14917873,-99999.0,-99999.0,-99999.0,-99999.0,-99999.0,-99999.0,-99999.0,-99999.0,-99999.0,-99999.0,0,1.9161644,0.10522015,-118.59301,-0.0,73.25457,5.823779,351.84985,33.996147,25.166403,2.4356022,1,2.7023308,0.26355278,-0.8630843,0.002746693,5.576309,0.19993904,37.77246,3.9249365,2.703484,0.28131783,9.401005,0.30996802,61.596672,0.19602622,5.598795,0.20074527,131.93462,6.42662,9.446229,0.46310067,0,0,10.005444,0.06475648,-8.7615175e-05,2.9955854e-05,0.76969,2.1029642,0.0,0,201,201,201,535.2871,542.26404,548.3122,8550.515435715706,8.957955,0.44922197,0.09309558,0.25679445,6.1660194,0.28609297,138.45343,9.459125,10.62098,0.728873,-99999.0,-99999.0,-99999.0,-99999.0,-99999.0,-99999.0,-99999.0,-99999.0,-99999.0,-99999.0,0,6.347828,0.30911562,5.063004,1.0988942,50.37267,1.9092534,801.512,49.46006,61.487923,3.8151386,0,2.6375656,0.34967503,-19.244268,0.21859273,6.727883,0.41673043,44.4807,6.508907,3.4116068,0.49971187,6.877155,0.35281467,26.851366,0.30500063,6.74399,0.41772813,116.25607,9.350199,8.920277,0.71975714,0,0,137.95625,0.13288,0.30281,http://www.gama-survey.org/dr3/data/spectra/gama/reduced_27/1d/G09_Y1_GS2_316.fit,http://www.gama-survey.org/dr3/data/spectra/gama/reduced_27/1d/png/G09_Y1_GS2_316.png,210349,0.04,True,True,4959.081915962243,6563.133101308484
G09_Y4_203_291,3576875,20.207972,0.11212187,-0.0003244598,3.2372787e-05,0.7551655,0.80574083,0.0,0,201,201,0,34.98508,38.147774,45.114254,5962.863241003271,6.898893,2.0315518,-118.13509,0.57466954,1.7761846,0.6460901,30.715488,14.375073,1.261642,0.590499,-99999.0,-99999.0,-99999.0,-99999.0,-99999.0,-99999.0,-99999.0,-99999.0,-99999.0,-99999.0,0,12.79763,0.82359827,-116.78009,0.8695266,16.022993,0.9933047,514.0,45.929573,21.113064,1.890227,0,5.031308,0.63614786,-4.016403,0.0,6.8312335,0.26512435,86.152916,11.394613,3.5452235,0.46930483,21.427237,0.7630813,53.63007,-0.0,6.86058,0.2662633,368.48254,19.409367,15.177237,0.8038739,1,1,19.343739,0.09587039,-9.3400464e-05,3.590119e-05,0.61883974,1.2430705,0.0,0,201,201,1,192.33469,199.13907,204.80283,7891.594811054965,22.920628,1.2642084,-1.4779853,0.18978311,3.9650004,0.2554914,227.80313,19.322031,9.79356,0.83209664,-99999.0,-99999.0,-99999.0,-99999.0,-99999.0,-99999.0,-99999.0,-99999.0,-99999.0,-99999.0,0,30.793306,0.8313285,-0.6549543,0.4325621,21.479757,0.39784682,1657.966,54.281693,71.27844,2.3602383,0,5.328054,1.2104826,-18.60827,0.21659455,3.443316,0.29705974,45.987034,11.175723,1.9768803,0.48051932,16.988136,1.4431561,23.935133,0.2785976,3.4486103,0.2975165,146.85197,17.78025,6.3141365,0.7651309,0,0,129.99404,-1.45231,0.20247,http://www.gama-survey.org/dr3/data/spectra/gama/reduced_27/1d/G09_Y4_203_291.fit,http://www.gama-survey.org/dr3/data/spectra/gama/reduced_27/1d/png/G09_Y4_203_291.png,3576875,0.04,True,True,4958.845743347669,6562.820536940602
G12_Y1_AS2_028,136554,10.89458,0.089643516,2.3887826e-05,4.1239433e-05,0.73893684,0.8267883,0.0,3,1,201,0,39.77103,30.12136,37.26007,6283.499886876337,0.0,-0.0,-124.33295,-0.0,1.6942675,-0.0,0.0,-0.0,0.0,-0.0,-99999.0,-99999.0,-99999.0,-99999.0,-99999.0,-99999.0,-99999.0,-99999.0,-99999.0,-99999.0,0,1.5220941,0.2225794,-131.77745,-0.0,46.9774,8.909667,179.23401,42.924313,12.987126,3.112098,1,-1.4208468,0.7003357,-2.761951,0.05536583,2.531199,1.2045163,-9.014953,6.1763997,-0.65303016,0.44744176,-1.4144031,0.73602027,57.9843,1.1623483,2.5336876,1.2057005,-8.982892,6.334312,-0.65062106,0.45881855,0,0,9.321932,0.19271223,0.0005059183,6.078387e-05,0.5482308,0.71524,0.0,3,1,201,0,64.52864,55.537155,61.498127,8315.943716695843,0.0,-0.0,-0.19126949,-0.0,5.0028224,-0.0,0.0,-0.0,0.0,-0.0,-99999.0,-99999.0,-99999.0,-99999.0,-99999.0,-99999.0,-99999.0,-99999.0,-99999.0,-99999.0,0,2.4985166,0.24708201,11.0956,-0.0,70.03336,9.369011,438.60864,72.96794,37.1097,6.2210817,1,-2.2098362,-0.0,-14.596127,1.5319712,14.058165,0.0,-77.87151,0.0,-6.597729,0.1365055,-0.9255764,0.48206145,30.234932,3.1733794,14.095114,-0.0,-32.701736,17.031815,-2.7639515,1.4406595,2,1,175.507,-1.69683,0.26715,http://www.gama-survey.org/dr3/data/spectra/gama/reduced_27/1d/G12_Y1_AS2_028.fit,http://www.gama-survey.org/dr3/data/spectra/gama/reduced_27/1d/png/G12_Y1_AS2_028.png,136554,0.14,True,True,4958.765644853677,6562.714530005006
G12_Y1_BX1_056,22307,14.8304825,0.03529767,-0.00025677643,1.3090175e-05,1.4654015,1.4878566,0.0,0,201,201,0,16.279919,22.470106,29.523933,6112.884284778039,21.755125,0.42650983,-120.265816,0.065434925,3.203366,0.068560034,174.686,5.070181,9.535258,0.27768344,-99999.0,-99999.0,-99999.0,-99999.0,-99999.0,-99999.0,-99999.0,-99999.0,-99999.0,-99999.0,0,0.75584936,0.14413615,-128.19931,-0.0,28.702547,5.77777,54.380802,15.078813,2.9679766,0.82299644,1,25.332897,0.27740064,-0.038177356,1.8503437e-05,5.40367,0.027012229,343.13388,4.130395,18.768997,0.2303015,75.02973,0.44779515,59.05863,0.028623974,5.4251823,0.027119767,1020.3229,7.943364,55.86756,0.45485803,0,0,13.282054,0.052264344,-0.00024405833,1.9733092e-05,1.6267341,5.7305827,0.0,0,201,201,0,1450.0575,1461.0469,1466.909,8090.141254726683,78.01418,0.519936,0.008354874,0.025839986,4.036583,0.026255067,789.3641,7.350969,48.2109,0.48739988,-99999.0,-99999.0,-99999.0,-99999.0,-99999.0,-99999.0,-99999.0,-99999.0,-99999.0,-99999.0,0,5.575676,0.16936247,-10.794322,-0.0,45.44717,1.2507204,635.17633,26.034657,38.786087,1.5970737,1,14.949571,0.33334342,-18.580807,0.03076417,4.405924,0.04342217,165.10326,4.0250115,10.08034,0.24892475,41.1478,0.39076892,25.032955,0.041446965,4.414689,0.043508552,455.3409,6.231962,27.82302,0.3962375,0,0,176.994,1.09341,0.2327,http://www.gama-survey.org/dr3/data/spectra/gama/reduced_27/1d/G12_Y1_BX1_056.fit,http://www.gama-survey.org/dr3/data/spectra/gama/reduced_27/1d/png/G12_Y1_BX1_056.png,22307,0.05,True,True,4958.939145597501,6562.944150828817
G12_Y1_FN1_127,560638,6.9743085,0.052713677,-0.00017879605,3.8793372e-05,0.59910595,0.92070013,0.0,0,201,201,0,153.07477,158.33705,165.48174,6299.932970391523,4.9140306,0.65823734,-123.66306,0.38464427,2.571013,0.40710577,31.668835,6.568191,3.5628667,0.7394385,-99999.0,-99999.0,-99999.0,-99999.0,-99999.0,-99999.0,-99999.0,-99999.0,-99999.0,-99999.0,0,2.5372665,0.19122137,-120.590744,2.655497,36.654816,3.1574585,233.12402,26.682325,26.229418,3.008651,0,7.6493382,0.75606,0.21942459,0.00030264517,3.6393108,0.07721658,69.78032,7.054202,7.8754888,0.7983678,32.323414,0.73749167,61.12455,0.0843071,3.6501083,0.07744568,295.74194,9.214377,33.42998,1.0719354,0,0,4.6167307,0.122615024,0.0002554388,9.539082e-05,0.6593638,1.1047056,0.0,0,201,201,201,178.21384,181.05934,187.02914,8337.692200831169,12.099213,0.60189575,-1.2379317,0.24825735,3.9263296,0.26501045,119.07862,9.984446,20.303566,1.7857763,-99999.0,-99999.0,-99999.0,-99999.0,-99999.0,-99999.0,-99999.0,-99999.0,-99999.0,-99999.0,0,3.7848573,0.2774453,4.635732,3.115354,62.077713,4.711787,588.94556,62.145638,100.38586,10.922958,0,3.5732589,0.45379442,-17.229548,0.23803101,5.354774,0.49984404,47.961807,7.559382,8.184998,1.3082831,6.1068773,0.52023935,27.71876,0.3829424,5.366652,0.50095284,82.15095,10.381802,13.984786,1.805831,0,0,181.01575,-0.47177,0.27048,http://www.gama-survey.org/dr3/data/spectra/gama/reduced_27/1d/G12_Y1_FN1_127.fit,http://www.gama-survey.org/dr3/data/spectra/gama/reduced_27/1d/png/G12_Y1_FN1_127.png,560638,0.08,True,True,4958.702986581074,6562.631604457502
G12_Y1_GN1_084,561115,7.9219337,0.091422275,-0.00015101099,6.555355e-05,0.5919528,0.64761984,0.0,1,201,201,0,40.87808,36.47637,43.286938,5858.06085230516,2.079325,1.2055385,-119.023926,-0.0,7.8126388,4.655181,40.720215,33.853615,4.3413014,3.609582,-99999.0,-99999.0,-99999.0,-99999.0,-99999.0,-99999.0,-99999.0,-99999.0,-99999.0,-99999.0,0,4.176233,1.1518534,-113.13718,2.995356,23.39686,3.6506681,244.92447,77.613686,26.11504,8.281048,0,3.7723527,0.7823627,-0.81148505,0.004591001,3.3155644,0.31415495,31.351599,7.1485815,3.3500178,0.7648263,10.730255,0.9885688,55.8218,0.3158135,3.3241398,0.3149675,89.4086,11.816027,9.563917,1.2687721,0,0,6.9368253,0.10618288,0.00044106238,0.00011487143,0.77498925,0.79898316,0.0,1,201,3,0,2.2204807,5.194015,10.915788,7752.893325978306,4.180197,1.4643723,4.524081,0.7385943,1.6942675,-0.0,17.752872,6.219041,2.16575,0.7594114,-99999.0,-99999.0,-99999.0,-99999.0,-99999.0,-99999.0,-99999.0,-99999.0,-99999.0,-99999.0,0,11.557271,0.56421125,1.767613,1.08793,19.602116,1.0638928,567.869,41.45435,69.28895,5.168063,0,3.2651627,0.92333084,-16.32335,0.45013714,4.0808473,0.91865075,33.399895,12.072188,4.080005,1.476018,3.745289,0.9821611,25.472315,0.7024315,4.0884867,0.9203704,38.382904,13.26545,4.6762705,1.6177382,0,0,182.86283,-0.4306,0.18137,http://www.gama-survey.org/dr3/data/spectra/gama/reduced_27/1d/G12_Y1_GN1_084.fit,http://www.gama-survey.org/dr3/data/spectra/gama/reduced_27/1d/png/G12_Y1_GN1_084.png,561115,0.07,True,True,4958.701213256778,6562.6292575385405
G12_Y3_022_032,56145,15.629502,0.15074626,-3.4153378e-05,4.9337665e-05,0.7830774,0.9730983,0.0,0,201,201,0,87.09342,83.62468,90.36099,5729.106205041253,10.4095125,1.2880015,-112.58717,0.372534,2.702535,0.38556868,70.51665,13.317084,3.9041996,0.73827076,-99999.0,-99999.0,-99999.0,-99999.0,-99999.0,-99999.0,-99999.0,-99999.0,-99999.0,-99999.0,0,3.149919,0.3258369,-111.4833,6.392062,60.32155,8.379367,476.2794,82.48974,26.36958,4.574191,0,6.3941536,0.9392192,0.23367687,0.0007504165,3.0045898,0.17838693,48.156864,7.629606,2.666893,0.4233044,19.237337,1.0901736,55.620285,0.1786158,3.0108967,0.17876138,145.18802,11.91641,8.041383,0.6645464,0,0,14.6465435,0.07708081,6.211038e-05,3.5648154e-05,0.57421684,1.2127789,0.0,0,201,201,0,197.53442,203.13199,208.77615,7582.227358291606,36.45676,0.8496578,-0.07358074,0.07851951,3.678437,0.10717408,336.14862,12.541804,19.865004,0.748506,-99999.0,-99999.0,-99999.0,-99999.0,-99999.0,-99999.0,-99999.0,-99999.0,-99999.0,-99999.0,0,8.582645,0.60179603,2.1740637,1.1009277,31.481281,1.3377031,677.2726,55.5284,40.02365,3.2882226,0,7.2229185,0.635967,-18.191343,0.17593403,4.0407014,0.2653579,73.15759,8.035771,4.323646,0.4754625,21.11239,1.4433182,22.684267,0.21938646,4.0481987,0.26585028,214.23438,20.308573,12.659152,1.2018852,0,0,184.74829,-0.2669,0.15536,http://www.gama-survey.org/dr3/data/spectra/gama/reduced_27/1d/G12_Y3_022_032.fit,http://www.gama-survey.org/dr3/data/spectra/gama/reduced_27/1d/png/G12_Y3_022_032.png,56145,0.04,True,True,4958.719537668998,6562.653509115433
G12_Y4_206_292,172219,10.130777,0.25045586,0.0002399,9.4317365e-05,0.61834186,0.80455315,0.0,0,201,201,0,97.88658,93.458885,100.70332,6494.950980710902,6.1009073,0.69395036,-129.37183,0.565781,4.632734,0.5861416,70.847046,12.053533,5.355683,0.9208378,-99999.0,-99999.0,-99999.0,-99999.0,-99999.0,-99999.0,-99999.0,-99999.0,-99999.0,-99999.0,0,2.3938107,0.34939396,-126.95515,11.538978,100.23548,18.463243,601.45233,141.3511,45.464184,10.744278,0,3.0090067,0.47144753,-3.6904275,0.02134347,6.091568,0.36285156,45.945415,7.7013583,3.4629061,0.586732,10.592741,0.5713834,59.100048,0.34180322,6.1169114,0.36436117,162.41663,13.051838,12.2231655,1.0275861,0,0,19.744627,0.21195745,3.7768503e-05,5.6332545e-05,0.5928775,1.3259252,0.0,0,201,201,0,260.58453,268.33423,274.40805,8595.790207794636,58.57909,2.059303,0.3681086,0.09234787,2.535206,0.097149745,372.25952,19.358435,14.394611,0.7643391,-99999.0,-99999.0,-99999.0,-99999.0,-99999.0,-99999.0,-99999.0,-99999.0,-99999.0,-99999.0,0,18.722939,0.5966193,-0.912624,1.3603384,42.42302,1.4495189,1990.9738,93.02108,76.98759,3.6906927,0,8.800367,1.4079129,-19.228374,0.2112813,2.8203936,0.31726098,62.215767,12.167643,2.4058628,0.47122702,23.341969,2.5134645,27.111332,0.29789922,2.8231235,0.31756806,165.17993,25.72175,6.386886,0.9969236,0,0,181.8025,-2.49391,0.3098,http://www.gama-survey.org/dr3/data/spectra/gama/reduced_27/1d/G12_Y4_206_292.fit,http://www.gama-survey.org/dr3/data/spectra/gama/reduced_27/1d/png/G12_Y4_206_292.png,172219,0.07,True,True,4958.734906635289,6562.673849285872
G12_Y6_056_011,959586,1.9355714,0.030211883,-0.0017018255,0.00010374712,1.1546868,1.162134,0.0,2,201,12,0,7.3037186,4.4468336,11.2574,5850.379944103714,0.22291186,0.41579068,-111.215454,-0.0,1.6942675,-0.0,0.9466841,1.765821,0.3776364,0.7044171,-99999.0,-99999.0,-99999.0,-99999.0,-99999.0,-99999.0,-99999.0,-99999.0,-99999.0,-99999.0,0,0.648313,0.1530185,-122.69407,-0.0,23.136322,6.06574,37.598366,13.263394,14.861523,5.247549,1,-0.50725126,-0.0,-3.9406357,0.0,15.848917,0.0,-20.151745,0.0,-8.794203,0.13680524,-0.36988947,0.1113027,52.618397,-0.0,15.923794,-0.0,-14.76415,4.442651,-6.779009,2.0429714,2,3,1.5519872,0.030746423,0.00015588145,9.313005e-05,0.6597354,0.9592706,0.0,1,201,201,102,111.22402,107.434746,113.15652,7742.727972043989,0.26248667,0.1863201,0.53976876,1.6038688,1.6942675,-0.0,1.1147543,0.7912826,0.6087832,0.43229893,-99999.0,-99999.0,-99999.0,-99999.0,-99999.0,-99999.0,-99999.0,-99999.0,-99999.0,-99999.0,0,1.4215217,0.09173855,10.330784,-0.0,42.21542,2.4359267,150.42311,13.022141,82.0675,7.288049,1,-0.35612765,-0.0,-22.689486,0.0,13.115062,0.0,-11.707549,0.0,-6.40861,0.12755115,-0.31565952,0.13323674,19.051382,-0.0,13.149396,-0.0,-10.404343,4.391569,-5.671415,2.3964815,3,2,176.57025,-0.32712,0.17975,http://www.gama-survey.org/dr3/data/spectra/gama/reduced_27/1d/G12_Y6_056_011.fit,http://www.gama-survey.org/dr3/data/spectra/gama/reduced_27/1d/png/G12_Y6_056_011.png,959586,0.0,True,True,4958.999740710925,6563.024345873268
G15_Y3_032_092,593449,6.0554085,0.033569198,-0.00016538633,2.5534808e-05,0.7001817,0.8380264,0.0,0,201,201,0,63.22949,64.99783,72.20159,6410.215780468416,6.015964,0.25650907,-123.91327,0.34820816,7.869959,0.42610088,118.67729,8.178783,15.109964,1.0446913,-99999.0,-99999.0,-99999.0,-99999.0,-99999.0,-99999.0,-99999.0,-99999.0,-99999.0,-99999.0,0,1.0338174,0.12811834,-117.66556,-0.0,50.90556,6.5533485,131.91646,23.57241,16.798428,3.0031905,1,1.0413756,0.16585205,-3.3549173,0.027922265,6.5050483,0.48824793,16.980398,2.9896138,2.169058,0.38207933,2.8099487,0.21164167,58.61638,0.48785165,6.5326414,0.490319,46.01264,4.892601,5.8875704,0.6268899,0,0,5.0236263,0.037737776,-0.00016707908,5.5815177e-05,0.8462594,1.2181587,0.0,0,201,201,0,124.9349,127.96481,133.98706,8483.6467895205,11.829491,0.39216974,0.834132,0.15455556,5.062577,0.21411048,150.11621,8.06688,23.116863,1.2543237,-99999.0,-99999.0,-99999.0,-99999.0,-99999.0,-99999.0,-99999.0,-99999.0,-99999.0,-99999.0,0,10.63247,0.3345447,4.52231,0.416698,21.06142,0.40523323,561.3216,20.702112,86.450264,3.2538621,0,-1.1410316,-0.0,-17.779709,0.23461597,2.5647097,0.40749255,-7.335434,1.1654866,-1.1289073,0.17956613,2.941029,0.3591305,27.955437,0.36889195,2.5662622,0.40773925,18.918657,3.7910671,2.9159732,0.5847372,1,0,216.63233,-0.04722,0.29266,http://www.gama-survey.org/dr3/data/spectra/gama/reduced_27/1d/G15_Y3_032_092.fit,http://www.gama-survey.org/dr3/data/spectra/gama/reduced_27/1d/png/G15_Y3_032_092.png,593449,0.08,True,True,4958.9341207033685,6562.937500596058
G15_Y3_042_036,65104,14.68421,0.1738611,-0.0002551664,5.6966215e-05,0.8433089,0.99287087,0.0,3,1,201,0,71.039116,60.233185,67.02368,5829.152105561981,0.0,-0.0,-110.82085,-0.0,2.197993,-0.0,0.0,-0.0,0.0,-0.0,-99999.0,-99999.0,-99999.0,-99999.0,-99999.0,-99999.0,-99999.0,-99999.0,-99999.0,-99999.0,0,2.784709,0.3016787,-122.24888,-0.0,70.182526,10.122675,489.89014,88.369965,28.320465,5.1196156,1,2.551047,1.0047935,-0.2377762,0.0053739403,2.8223543,1.2923627,18.04762,10.900703,1.0455418,0.6316251,-0.50197977,0.9800424,56.11603,1.2682691,2.8272526,1.2946056,-3.557466,7.133906,-0.20629452,0.41369656,0,0,13.408876,0.12417555,-0.00017655964,4.661429e-05,0.50439125,0.5092294,0.0,3,201,111,21,17.904537,7.7817454,13.484304,7714.633834426696,0.0,-0.0,0.22641806,-0.0,2.8324964,-0.0,0.0,-0.0,0.0,-0.0,-99999.0,-99999.0,-99999.0,-99999.0,-99999.0,-99999.0,-99999.0,-99999.0,-99999.0,-99999.0,0,1.0160087,0.19840856,-9.786769,11.460634,53.07273,14.144668,135.1633,44.658195,8.574016,2.8339825,0,-0.50614965,0.43153653,-14.181589,0.5125552,4.8151155,1.0633769,-6.1090765,5.380412,-0.38750377,0.34130284,2.8121514,0.44586056,27.407824,0.9905817,4.8252497,1.0656149,34.013275,9.24688,2.1586719,0.58719915,0,0,221.64117,-0.28582,0.17549,http://www.gama-survey.org/dr3/data/spectra/gama/reduced_27/1d/G15_Y3_042_036.fit,http://www.gama-survey.org/dr3/data/spectra/gama/reduced_27/1d/png/G15_Y3_042_036.png,65104,0.04,True,True,4958.912543332553,6562.9089438674055
G15_Y5_029_255,748809,3.6800973,0.017407758,-0.0003987723,2.4201754e-05,0.6638975,1.1094844,0.0,0,201,201,0,336.99673,344.33398,351.4965,6341.650639057014,2.1945686,0.23073103,-126.26803,0.3910735,3.448973,0.44484073,18.97269,3.157064,3.9768999,0.6620261,-99999.0,-99999.0,-99999.0,-99999.0,-99999.0,-99999.0,-99999.0,-99999.0,-99999.0,-99999.0,0,2.5354264,0.11149293,-118.446526,0.8693626,23.375145,0.92435014,148.55772,8.785599,31.165512,1.8490021,0,3.6318266,0.1459196,0.32770836,0.00044990427,4.438648,0.08256922,40.407852,1.789078,8.586156,0.38231996,10.025593,0.19447188,61.63614,0.08461902,4.454518,0.08286443,111.94397,3.00859,23.945759,0.6536602,0,0,2.250093,0.015847914,-9.595135e-05,4.4106015e-05,0.6720913,1.4545848,0.0,0,201,201,0,272.4903,280.70877,286.69617,8392.903753446704,5.342713,0.20647858,-1.6643105,0.14517662,3.655248,0.18210521,48.951794,3.0865362,17.01039,1.0792186,-99999.0,-99999.0,-99999.0,-99999.0,-99999.0,-99999.0,-99999.0,-99999.0,-99999.0,-99999.0,0,3.968285,0.1302867,7.543989,0.64606136,28.465664,0.54547775,283.1484,10.763911,98.43064,3.8055995,0,1.4005867,0.15337208,-19.384197,0.17229275,4.600479,0.28538984,16.151134,2.0327208,5.608163,0.706928,3.2972767,0.17093743,25.861752,0.22986728,4.609901,0.28597432,38.10105,3.0802786,13.255393,1.075721,0,0,215.95958,0.24615,0.27887,http://www.gama-survey.org/dr3/data/spectra/gama/reduced_27/1d/G15_Y5_029_255.fit,http://www.gama-survey.org/dr3/data/spectra/gama/reduced_27/1d/png/G15_Y5_029_255.png,748809,0.07,True,True,4958.7922455425605,6562.749734880562
